severity,issue,viewport,kind,sourcePage,text,href,resolved,finalUrl,status,error,samePage,redirected,crossHost,target,rel,visible
OK,,desktop,anchor,http://[::1]:4321/,(no text),/,http://[::1]:4321/,http://[::1]:4321/,200,,false,false,false,,,true
OK,,desktop,anchor,http://[::1]:4321/,OUR STORY,/our-story,http://[::1]:4321/our-story,http://[::1]:4321/our-story,200,,false,false,false,,,true
OK,,desktop,anchor,http://[::1]:4321/,THE EXPERIENCE,/the-experience,http://[::1]:4321/the-experience,http://[::1]:4321/the-experience,200,,false,false,false,,,true
OK,,desktop,anchor,http://[::1]:4321/,UPCOMING RETREATS,/upcoming-retreats,http://[::1]:4321/upcoming-retreats,http://[::1]:4321/upcoming-retreats,200,,false,false,false,,,true
OK,,desktop,anchor,http://[::1]:4321/,"SOLO OR FRIENDS Open Retreat Join a curated group of like-minded players for five immersive days of padel, fine dining a",https://menorca.cspadel.com/#rooms,https://menorca.cspadel.com/#rooms,https://menorca.cspadel.com/#rooms,200,,false,false,true,,,true
OK,,desktop,anchor,http://[::1]:4321/,"ULTIMATE PRIVACY Private Retreat Reserve the entire estate exclusively for your group. Complete privacy, custom schedule",https://menorca.cspadel.com/#rooms,https://menorca.cspadel.com/#rooms,https://menorca.cspadel.com/#rooms,200,,false,false,true,,,true
OK,,desktop,anchor,http://[::1]:4321/,C-SUITE & BOARDS Corporate & Executive Strategy in silence. High-performance leadership and networking in the most exclu,/executive-retreat,http://[::1]:4321/executive-retreat,http://[::1]:4321/executive-retreat,200,,false,false,false,,,true
OK,,desktop,anchor,http://[::1]:4321/,"BALEARIC ISLANDS · SPAIN MENORCA Mediterranean Sanctuary SEP 30 – OCT 4, 2026 FEW SPACES LEFT EXPLORE",https://menorca.cspadel.com/,https://menorca.cspadel.com/,https://menorca.cspadel.com/,200,,false,false,true,,,true
OK,,desktop,anchor,http://[::1]:4321/,VIEW ALL,/upcoming-retreats,http://[::1]:4321/upcoming-retreats,http://[::1]:4321/upcoming-retreats,200,,false,false,false,,,true
OK,,desktop,anchor,http://[::1]:4321/,ULUWATU · BALI BALI A private cliff-top estate. Elite padel. EXPLORE,/bali,http://[::1]:4321/bali,http://[::1]:4321/bali,200,,false,false,false,,,true
OK,,desktop,anchor,http://[::1]:4321/,COMING SOON DUBAI Coming soon. EXPLORE,/dubai,http://[::1]:4321/dubai,http://[::1]:4321/dubai,200,,false,false,false,,,true
OK,,desktop,anchor,http://[::1]:4321/,Courtside Padel on Instagram,https://www.instagram.com/padelcourtside/,https://www.instagram.com/padelcourtside/,https://www.instagram.com/padelcourtside/,200,,false,false,true,_blank,noopener noreferrer,true
OK,,desktop,anchor,http://[::1]:4321/,Courtside Padel on LinkedIn,https://www.linkedin.com/company/https-cspadel.com-/,https://www.linkedin.com/company/https-cspadel.com-/,https://www.linkedin.com/company/https-cspadel.com-/,200,,false,false,true,_blank,noopener noreferrer,true
OK,,desktop,anchor,http://[::1]:4321/,Menorca,https://menorca.cspadel.com/,https://menorca.cspadel.com/,https://menorca.cspadel.com/,200,,false,false,true,,,true
OK,,desktop,anchor,http://[::1]:4321/,UK (East Sussex),/east-sussex,http://[::1]:4321/east-sussex,http://[::1]:4321/east-sussex,200,,false,false,false,,,true
OK,,desktop,anchor,http://[::1]:4321/,Bali,/bali,http://[::1]:4321/bali,http://[::1]:4321/bali,200,,false,false,false,,,true
OK,,desktop,anchor,http://[::1]:4321/,Dubai,/dubai,http://[::1]:4321/dubai,http://[::1]:4321/dubai,200,,false,false,false,,,true
OK,,desktop,anchor,http://[::1]:4321/,UPCOMING RETREATS,/upcoming-retreats,http://[::1]:4321/upcoming-retreats,http://[::1]:4321/upcoming-retreats,200,,false,false,false,,,true
OK,,desktop,anchor,http://[::1]:4321/,Our Story,/our-story,http://[::1]:4321/our-story,http://[::1]:4321/our-story,200,,false,false,false,,,true
OK,,desktop,anchor,http://[::1]:4321/,The Experience,/the-experience,http://[::1]:4321/the-experience,http://[::1]:4321/the-experience,200,,false,false,false,,,true
OK,,desktop,anchor,http://[::1]:4321/,Corporate & Executive,/executive-retreat,http://[::1]:4321/executive-retreat,http://[::1]:4321/executive-retreat,200,,false,false,false,,,true
INFO,Intentional redirector (messaging deep link),desktop,anchor,http://[::1]:4321/,WhatsApp Concierge,https://wa.me/447786694723?text=Hello%2C%20I'd%20like%20to%20enquire%20about%20a%20Courtside%20Padel%20retreat.,https://wa.me/447786694723?text=Hello%2C%20I%27d%20like%20to%20enquire%20about%20a%20Courtside%20Padel%20retreat.,/send/?phone=447786694723&amp,200,,false,true,true,_blank,noopener noreferrer,true
INFO,mailto: link (not fetched),desktop,anchor,http://[::1]:4321/,awatelet@cspadel.com,mailto:awatelet@cspadel.com,mailto:awatelet@cspadel.com,,0,,false,false,false,,,true
INFO,Intentional redirector (messaging deep link),desktop,anchor,http://[::1]:4321/,MESSAGE THE TEAM,https://wa.me/447786694723?text=Hello%2C%20I'd%20like%20to%20enquire%20about%20a%20Courtside%20Padel%20retreat.,https://wa.me/447786694723?text=Hello%2C%20I%27d%20like%20to%20enquire%20about%20a%20Courtside%20Padel%20retreat.,/send/?phone=447786694723&amp,200,,false,true,true,_blank,noopener noreferrer,true
OK,,desktop,anchor,http://[::1]:4321/,Privacy Policy,/legal/privacy-policy,http://[::1]:4321/legal/privacy-policy,http://[::1]:4321/legal/privacy-policy,200,,false,false,false,,,true
OK,,desktop,anchor,http://[::1]:4321/,Terms of Service,/legal/terms-and-conditions,http://[::1]:4321/legal/terms-and-conditions,http://[::1]:4321/legal/terms-and-conditions,200,,false,false,false,,,true
OK,,desktop,anchor,http://[::1]:4321/,Cookie Policy,/cookies,http://[::1]:4321/cookies,http://[::1]:4321/cookies,200,,false,false,false,,,true
INFO,Intentional redirector (messaging deep link),desktop,anchor,http://[::1]:4321/,CHAT WITH US,https://wa.me/447786694723?text=Hello%2C%20I'd%20like%20to%20speak%20with%20the%20Courtside%20team.,https://wa.me/447786694723?text=Hello%2C%20I%27d%20like%20to%20speak%20with%20the%20Courtside%20team.,/send/?phone=447786694723&amp,200,,false,true,true,_blank,noopener noreferrer,true
INFO,JS-driven CTA — verify behaviour manually (opens modal / drawer),desktop,js-cta,http://[::1]:4321/,DESTINATIONS,(javascript),,,0,,false,false,false,,,true
INFO,JS-driven CTA — verify behaviour manually (opens modal / drawer),desktop,js-cta,http://[::1]:4321/,DISCOVER EXPERIENCES,(javascript),,,0,,false,false,false,,,true
INFO,JS-driven CTA — verify behaviour manually (opens modal / drawer),desktop,js-cta,http://[::1]:4321/,PLAN YOUR RETREAT,(javascript),,,0,,false,false,false,,,true
INFO,JS-driven CTA — verify behaviour manually (opens modal / drawer),desktop,js-cta,http://[::1]:4321/,‹,(javascript),,,0,,false,false,false,,,true
INFO,JS-driven CTA — verify behaviour manually (opens modal / drawer),desktop,js-cta,http://[::1]:4321/,Review 1,(javascript),,,0,,false,false,false,,,true
INFO,JS-driven CTA — verify behaviour manually (opens modal / drawer),desktop,js-cta,http://[::1]:4321/,Review 2,(javascript),,,0,,false,false,false,,,true
INFO,JS-driven CTA — verify behaviour manually (opens modal / drawer),desktop,js-cta,http://[::1]:4321/,Review 3,(javascript),,,0,,false,false,false,,,true
INFO,JS-driven CTA — verify behaviour manually (opens modal / drawer),desktop,js-cta,http://[::1]:4321/,Review 4,(javascript),,,0,,false,false,false,,,true
INFO,JS-driven CTA — verify behaviour manually (opens modal / drawer),desktop,js-cta,http://[::1]:4321/,›,(javascript),,,0,,false,false,false,,,true
OK,,desktop,anchor,http://[::1]:4321/es/,(no text),/es/,http://[::1]:4321/es/,http://[::1]:4321/es/,200,,false,false,false,,,true
OK,,desktop,anchor,http://[::1]:4321/es/,NUESTRA HISTORIA,/es/our-story,http://[::1]:4321/es/our-story,http://[::1]:4321/es/our-story,200,,false,false,false,,,true
OK,,desktop,anchor,http://[::1]:4321/es/,LA EXPERIENCIA,/es/the-experience,http://[::1]:4321/es/the-experience,http://[::1]:4321/es/the-experience,200,,false,false,false,,,true
OK,,desktop,anchor,http://[::1]:4321/es/,MENORCA,https://menorca.cspadel.com/,https://menorca.cspadel.com/,https://menorca.cspadel.com/,200,,false,false,true,,,true
OK,,desktop,anchor,http://[::1]:4321/es/,UK (EAST SUSSEX),/es/east-sussex,http://[::1]:4321/es/east-sussex,http://[::1]:4321/es/east-sussex,200,,false,false,false,,,true
OK,,desktop,anchor,http://[::1]:4321/es/,BALI,/es/bali,http://[::1]:4321/es/bali,http://[::1]:4321/es/bali,200,,false,false,false,,,true
OK,,desktop,anchor,http://[::1]:4321/es/,DUBÁI,/es/dubai,http://[::1]:4321/es/dubai,http://[::1]:4321/es/dubai,200,,false,false,false,,,true
OK,,desktop,anchor,http://[::1]:4321/es/,PRÓXIMOS RETIROS,/es/upcoming-retreats,http://[::1]:4321/es/upcoming-retreats,http://[::1]:4321/es/upcoming-retreats,200,,false,false,false,,,true
OK,,desktop,anchor,http://[::1]:4321/es/,"SOLO O CON AMIGOS Retiro Abierto Únete a un grupo selecto de jugadores afines para cinco días inmersivos de pádel, alta ",https://menorca.cspadel.com/#rooms,https://menorca.cspadel.com/#rooms,https://menorca.cspadel.com/#rooms,200,,false,false,true,,,true
OK,,desktop,anchor,http://[::1]:4321/es/,"PRIVACIDAD ABSOLUTA Retiro Privado Reserva la finca entera en exclusiva para tu grupo. Privacidad total, horario a medid",https://menorca.cspadel.com/#rooms,https://menorca.cspadel.com/#rooms,https://menorca.cspadel.com/#rooms,200,,false,false,true,,,true
OK,,desktop,anchor,http://[::1]:4321/es/,ALTA DIRECCIÓN Corporativo y Ejecutivo Estrategia en silencio. Liderazgo de alto rendimiento y networking en el entorno ,/es/executive-retreat,http://[::1]:4321/es/executive-retreat,http://[::1]:4321/es/executive-retreat,200,,false,false,false,,,true
OK,,desktop,anchor,http://[::1]:4321/es/,"ISLAS BALEARES · ESPAÑA MENORCA Santuario Mediterráneo 30 SEP – 4 OCT, 2026 POCAS PLAZAS DISPONIBLES DESCUBRIR",https://menorca.cspadel.com/,https://menorca.cspadel.com/,https://menorca.cspadel.com/,200,,false,false,true,,,true
OK,,desktop,anchor,http://[::1]:4321/es/,VER TODOS,/es/upcoming-retreats,http://[::1]:4321/es/upcoming-retreats,http://[::1]:4321/es/upcoming-retreats,200,,false,false,false,,,true
OK,,desktop,anchor,http://[::1]:4321/es/,ULUWATU · BALI BALI Una finca privada sobre el acantilado. Pádel de élite. DESCUBRIR,/es/bali,http://[::1]:4321/es/bali,http://[::1]:4321/es/bali,200,,false,false,false,,,true
OK,,desktop,anchor,http://[::1]:4321/es/,PRÓXIMAMENTE DUBAI Próximamente. DESCUBRIR,/es/dubai,http://[::1]:4321/es/dubai,http://[::1]:4321/es/dubai,200,,false,false,false,,,true
OK,,desktop,anchor,http://[::1]:4321/es/,Courtside Padel on Instagram,https://www.instagram.com/padelcourtside/,https://www.instagram.com/padelcourtside/,https://www.instagram.com/padelcourtside/,200,,false,false,true,_blank,noopener noreferrer,true
OK,,desktop,anchor,http://[::1]:4321/es/,Courtside Padel on LinkedIn,https://www.linkedin.com/company/https-cspadel.com-/,https://www.linkedin.com/company/https-cspadel.com-/,https://www.linkedin.com/company/https-cspadel.com-/,200,,false,false,true,_blank,noopener noreferrer,true
OK,,desktop,anchor,http://[::1]:4321/es/,Menorca,https://menorca.cspadel.com/,https://menorca.cspadel.com/,https://menorca.cspadel.com/,200,,false,false,true,,,true
OK,,desktop,anchor,http://[::1]:4321/es/,UK (East Sussex),/es/east-sussex,http://[::1]:4321/es/east-sussex,http://[::1]:4321/es/east-sussex,200,,false,false,false,,,true
OK,,desktop,anchor,http://[::1]:4321/es/,Bali,/es/bali,http://[::1]:4321/es/bali,http://[::1]:4321/es/bali,200,,false,false,false,,,true
OK,,desktop,anchor,http://[::1]:4321/es/,Dubái,/es/dubai,http://[::1]:4321/es/dubai,http://[::1]:4321/es/dubai,200,,false,false,false,,,true
OK,,desktop,anchor,http://[::1]:4321/es/,PRÓXIMOS RETIROS,/es/upcoming-retreats,http://[::1]:4321/es/upcoming-retreats,http://[::1]:4321/es/upcoming-retreats,200,,false,false,false,,,true
OK,,desktop,anchor,http://[::1]:4321/es/,Nuestra Historia,/es/our-story,http://[::1]:4321/es/our-story,http://[::1]:4321/es/our-story,200,,false,false,false,,,true
OK,,desktop,anchor,http://[::1]:4321/es/,La Experiencia,/es/the-experience,http://[::1]:4321/es/the-experience,http://[::1]:4321/es/the-experience,200,,false,false,false,,,true
OK,,desktop,anchor,http://[::1]:4321/es/,Corporativo y Ejecutivo,/es/executive-retreat,http://[::1]:4321/es/executive-retreat,http://[::1]:4321/es/executive-retreat,200,,false,false,false,,,true
INFO,Intentional redirector (messaging deep link),desktop,anchor,http://[::1]:4321/es/,Concierge por WhatsApp,https://wa.me/447786694723?text=Hola%2C%20me%20gustar%C3%ADa%20informarme%20sobre%20un%20retiro%20de%20Courtside%20Padel.,https://wa.me/447786694723?text=Hola%2C%20me%20gustar%C3%ADa%20informarme%20sobre%20un%20retiro%20de%20Courtside%20Padel.,/send/?phone=447786694723&amp,200,,false,true,true,_blank,noopener noreferrer,true
INFO,mailto: link (not fetched),desktop,anchor,http://[::1]:4321/es/,awatelet@cspadel.com,mailto:awatelet@cspadel.com,mailto:awatelet@cspadel.com,,0,,false,false,false,,,true
INFO,Intentional redirector (messaging deep link),desktop,anchor,http://[::1]:4321/es/,ESCRIBE AL EQUIPO,https://wa.me/447786694723?text=Hola%2C%20me%20gustar%C3%ADa%20informarme%20sobre%20un%20retiro%20de%20Courtside%20Padel.,https://wa.me/447786694723?text=Hola%2C%20me%20gustar%C3%ADa%20informarme%20sobre%20un%20retiro%20de%20Courtside%20Padel.,/send/?phone=447786694723&amp,200,,false,true,true,_blank,noopener noreferrer,true
OK,,desktop,anchor,http://[::1]:4321/es/,Privacidad,/legal/privacy-policy,http://[::1]:4321/legal/privacy-policy,http://[::1]:4321/legal/privacy-policy,200,,false,false,false,,,true
OK,,desktop,anchor,http://[::1]:4321/es/,Términos,/legal/terms-and-conditions,http://[::1]:4321/legal/terms-and-conditions,http://[::1]:4321/legal/terms-and-conditions,200,,false,false,false,,,true
OK,,desktop,anchor,http://[::1]:4321/es/,Política de cookies,/es/cookies,http://[::1]:4321/es/cookies,http://[::1]:4321/es/cookies,200,,false,false,false,,,true
OK,,desktop,anchor,http://[::1]:4321/es/,Más información,/es/cookies,http://[::1]:4321/es/cookies,http://[::1]:4321/es/cookies,200,,false,false,false,,,true
INFO,Intentional redirector (messaging deep link),desktop,anchor,http://[::1]:4321/es/,ESCRÍBENOS,https://wa.me/447786694723?text=Hola%2C%20me%20gustar%C3%ADa%20hablar%20con%20el%20equipo%20de%20Courtside.,https://wa.me/447786694723?text=Hola%2C%20me%20gustar%C3%ADa%20hablar%20con%20el%20equipo%20de%20Courtside.,/send/?phone=447786694723&amp,200,,false,true,true,_blank,noopener noreferrer,true
INFO,JS-driven CTA — verify behaviour manually (opens modal / drawer),desktop,js-cta,http://[::1]:4321/es/,DESTINOS,(javascript),,,0,,false,false,false,,,true
INFO,JS-driven CTA — verify behaviour manually (opens modal / drawer),desktop,js-cta,http://[::1]:4321/es/,EN,(javascript),,,0,,false,false,false,,,true
INFO,JS-driven CTA — verify behaviour manually (opens modal / drawer),desktop,js-cta,http://[::1]:4321/es/,ES,(javascript),,,0,,false,false,false,,,true
INFO,JS-driven CTA — verify behaviour manually (opens modal / drawer),desktop,js-cta,http://[::1]:4321/es/,FR,(javascript),,,0,,false,false,false,,,true
INFO,JS-driven CTA — verify behaviour manually (opens modal / drawer),desktop,js-cta,http://[::1]:4321/es/,DESCUBRE LAS EXPERIENCIAS,(javascript),,,0,,false,false,false,,,true
INFO,JS-driven CTA — verify behaviour manually (opens modal / drawer),desktop,js-cta,http://[::1]:4321/es/,PLANIFICA TU RETIRO,(javascript),,,0,,false,false,false,,,true
INFO,JS-driven CTA — verify behaviour manually (opens modal / drawer),desktop,js-cta,http://[::1]:4321/es/,‹,(javascript),,,0,,false,false,false,,,true
INFO,JS-driven CTA — verify behaviour manually (opens modal / drawer),desktop,js-cta,http://[::1]:4321/es/,Review 1,(javascript),,,0,,false,false,false,,,true
INFO,JS-driven CTA — verify behaviour manually (opens modal / drawer),desktop,js-cta,http://[::1]:4321/es/,Review 2,(javascript),,,0,,false,false,false,,,true
INFO,JS-driven CTA — verify behaviour manually (opens modal / drawer),desktop,js-cta,http://[::1]:4321/es/,Review 3,(javascript),,,0,,false,false,false,,,true
INFO,JS-driven CTA — verify behaviour manually (opens modal / drawer),desktop,js-cta,http://[::1]:4321/es/,Review 4,(javascript),,,0,,false,false,false,,,true
INFO,JS-driven CTA — verify behaviour manually (opens modal / drawer),desktop,js-cta,http://[::1]:4321/es/,›,(javascript),,,0,,false,false,false,,,true
INFO,JS-driven CTA — verify behaviour manually (opens modal / drawer),desktop,js-cta,http://[::1]:4321/es/,RECHAZAR NO ESENCIALES,(javascript),,,0,,false,false,false,,,true
INFO,JS-driven CTA — verify behaviour manually (opens modal / drawer),desktop,js-cta,http://[::1]:4321/es/,ACEPTAR TODAS,(javascript),,,0,,false,false,false,,,true
OK,,desktop,anchor,http://[::1]:4321/fr/,(no text),/fr/,http://[::1]:4321/fr/,http://[::1]:4321/fr/,200,,false,false,false,,,true
OK,,desktop,anchor,http://[::1]:4321/fr/,NOTRE HISTOIRE,/fr/our-story,http://[::1]:4321/fr/our-story,http://[::1]:4321/fr/our-story,200,,false,false,false,,,true
OK,,desktop,anchor,http://[::1]:4321/fr/,L'EXPÉRIENCE,/fr/the-experience,http://[::1]:4321/fr/the-experience,http://[::1]:4321/fr/the-experience,200,,false,false,false,,,true
OK,,desktop,anchor,http://[::1]:4321/fr/,MENORCA,https://menorca.cspadel.com/,https://menorca.cspadel.com/,https://menorca.cspadel.com/,200,,false,false,true,,,true
OK,,desktop,anchor,http://[::1]:4321/fr/,UK (EAST SUSSEX),/fr/east-sussex,http://[::1]:4321/fr/east-sussex,http://[::1]:4321/fr/east-sussex,200,,false,false,false,,,true
OK,,desktop,anchor,http://[::1]:4321/fr/,BALI,/fr/bali,http://[::1]:4321/fr/bali,http://[::1]:4321/fr/bali,200,,false,false,false,,,true
OK,,desktop,anchor,http://[::1]:4321/fr/,DUBAI,/fr/dubai,http://[::1]:4321/fr/dubai,http://[::1]:4321/fr/dubai,200,,false,false,false,,,true
OK,,desktop,anchor,http://[::1]:4321/fr/,PROCHAINES RETRAITES,/fr/upcoming-retreats,http://[::1]:4321/fr/upcoming-retreats,http://[::1]:4321/fr/upcoming-retreats,200,,false,false,false,,,true
OK,,desktop,anchor,http://[::1]:4321/fr/,SEUL OU ENTRE AMIS Retraite Ouverte Rejoignez un groupe choisi de joueurs partageant la même passion pour cinq jours imm,https://menorca.cspadel.com/#rooms,https://menorca.cspadel.com/#rooms,https://menorca.cspadel.com/#rooms,200,,false,false,true,,,true
OK,,desktop,anchor,http://[::1]:4321/fr/,CONFIDENTIALITÉ ABSOLUE Retraite Privée Réservez l'intégralité du domaine en exclusivité pour votre groupe. Intimité tot,https://menorca.cspadel.com/#rooms,https://menorca.cspadel.com/#rooms,https://menorca.cspadel.com/#rooms,200,,false,false,true,,,true
OK,,desktop,anchor,http://[::1]:4321/fr/,DIRECTIONS & CONSEILS Entreprises et Dirigeants La stratégie en silence. Leadership de haut niveau et networking dans le,/fr/executive-retreat,http://[::1]:4321/fr/executive-retreat,http://[::1]:4321/fr/executive-retreat,200,,false,false,false,,,true
OK,,desktop,anchor,http://[::1]:4321/fr/,ÎLES BALÉARES · ESPAGNE MENORCA Sanctuaire Méditerranéen 30 SEP – 4 OCT 2026 IL RESTE PEU DE PLACES DÉCOUVRIR,https://menorca.cspadel.com/,https://menorca.cspadel.com/,https://menorca.cspadel.com/,200,,false,false,true,,,true
OK,,desktop,anchor,http://[::1]:4321/fr/,VOIR TOUT,/fr/upcoming-retreats,http://[::1]:4321/fr/upcoming-retreats,http://[::1]:4321/fr/upcoming-retreats,200,,false,false,false,,,true
OK,,desktop,anchor,http://[::1]:4321/fr/,ULUWATU · BALI BALI Un domaine privé en bord de falaise. Padel d'élite. DÉCOUVRIR,/fr/bali,http://[::1]:4321/fr/bali,http://[::1]:4321/fr/bali,200,,false,false,false,,,true
OK,,desktop,anchor,http://[::1]:4321/fr/,BIENTÔT DISPONIBLE DUBAI Bientôt disponible. DÉCOUVRIR,/fr/dubai,http://[::1]:4321/fr/dubai,http://[::1]:4321/fr/dubai,200,,false,false,false,,,true
OK,,desktop,anchor,http://[::1]:4321/fr/,Courtside Padel on Instagram,https://www.instagram.com/padelcourtside/,https://www.instagram.com/padelcourtside/,https://www.instagram.com/padelcourtside/,200,,false,false,true,_blank,noopener noreferrer,true
OK,,desktop,anchor,http://[::1]:4321/fr/,Courtside Padel on LinkedIn,https://www.linkedin.com/company/https-cspadel.com-/,https://www.linkedin.com/company/https-cspadel.com-/,https://www.linkedin.com/company/https-cspadel.com-/,200,,false,false,true,_blank,noopener noreferrer,true
OK,,desktop,anchor,http://[::1]:4321/fr/,Menorca,https://menorca.cspadel.com/,https://menorca.cspadel.com/,https://menorca.cspadel.com/,200,,false,false,true,,,true
OK,,desktop,anchor,http://[::1]:4321/fr/,UK (East Sussex),/fr/east-sussex,http://[::1]:4321/fr/east-sussex,http://[::1]:4321/fr/east-sussex,200,,false,false,false,,,true
OK,,desktop,anchor,http://[::1]:4321/fr/,Bali,/fr/bali,http://[::1]:4321/fr/bali,http://[::1]:4321/fr/bali,200,,false,false,false,,,true
OK,,desktop,anchor,http://[::1]:4321/fr/,Dubai,/fr/dubai,http://[::1]:4321/fr/dubai,http://[::1]:4321/fr/dubai,200,,false,false,false,,,true
OK,,desktop,anchor,http://[::1]:4321/fr/,PROCHAINES RETRAITES,/fr/upcoming-retreats,http://[::1]:4321/fr/upcoming-retreats,http://[::1]:4321/fr/upcoming-retreats,200,,false,false,false,,,true
OK,,desktop,anchor,http://[::1]:4321/fr/,Notre Histoire,/fr/our-story,http://[::1]:4321/fr/our-story,http://[::1]:4321/fr/our-story,200,,false,false,false,,,true
OK,,desktop,anchor,http://[::1]:4321/fr/,L'Expérience,/fr/the-experience,http://[::1]:4321/fr/the-experience,http://[::1]:4321/fr/the-experience,200,,false,false,false,,,true
OK,,desktop,anchor,http://[::1]:4321/fr/,Entreprises et Dirigeants,/fr/executive-retreat,http://[::1]:4321/fr/executive-retreat,http://[::1]:4321/fr/executive-retreat,200,,false,false,false,,,true
INFO,Intentional redirector (messaging deep link),desktop,anchor,http://[::1]:4321/fr/,Concierge WhatsApp,https://wa.me/447786694723?text=Bonjour%2C%20je%20souhaiterais%20me%20renseigner%20sur%20une%20retraite%20Courtside%20Padel.,https://wa.me/447786694723?text=Bonjour%2C%20je%20souhaiterais%20me%20renseigner%20sur%20une%20retraite%20Courtside%20Padel.,/send/?phone=447786694723&amp,200,,false,true,true,_blank,noopener noreferrer,true
INFO,mailto: link (not fetched),desktop,anchor,http://[::1]:4321/fr/,awatelet@cspadel.com,mailto:awatelet@cspadel.com,mailto:awatelet@cspadel.com,,0,,false,false,false,,,true
INFO,Intentional redirector (messaging deep link),desktop,anchor,http://[::1]:4321/fr/,ÉCRIRE À L'ÉQUIPE,https://wa.me/447786694723?text=Bonjour%2C%20je%20souhaiterais%20me%20renseigner%20sur%20une%20retraite%20Courtside%20Padel.,https://wa.me/447786694723?text=Bonjour%2C%20je%20souhaiterais%20me%20renseigner%20sur%20une%20retraite%20Courtside%20Padel.,/send/?phone=447786694723&amp,200,,false,true,true,_blank,noopener noreferrer,true
OK,,desktop,anchor,http://[::1]:4321/fr/,Politique de confidentialité,/legal/privacy-policy,http://[::1]:4321/legal/privacy-policy,http://[::1]:4321/legal/privacy-policy,200,,false,false,false,,,true
OK,,desktop,anchor,http://[::1]:4321/fr/,Conditions d'utilisation,/legal/terms-and-conditions,http://[::1]:4321/legal/terms-and-conditions,http://[::1]:4321/legal/terms-and-conditions,200,,false,false,false,,,true
OK,,desktop,anchor,http://[::1]:4321/fr/,Politique de cookies,/fr/cookies,http://[::1]:4321/fr/cookies,http://[::1]:4321/fr/cookies,200,,false,false,false,,,true
OK,,desktop,anchor,http://[::1]:4321/fr/,En savoir plus,/fr/cookies,http://[::1]:4321/fr/cookies,http://[::1]:4321/fr/cookies,200,,false,false,false,,,true
INFO,Intentional redirector (messaging deep link),desktop,anchor,http://[::1]:4321/fr/,ÉCRIVEZ-NOUS,https://wa.me/447786694723?text=Bonjour%2C%20je%20souhaiterais%20parler%20avec%20l'%C3%A9quipe%20Courtside.,https://wa.me/447786694723?text=Bonjour%2C%20je%20souhaiterais%20parler%20avec%20l%27%C3%A9quipe%20Courtside.,/send/?phone=447786694723&amp,200,,false,true,true,_blank,noopener noreferrer,true
INFO,JS-driven CTA — verify behaviour manually (opens modal / drawer),desktop,js-cta,http://[::1]:4321/fr/,DESTINATIONS,(javascript),,,0,,false,false,false,,,true
INFO,JS-driven CTA — verify behaviour manually (opens modal / drawer),desktop,js-cta,http://[::1]:4321/fr/,EN,(javascript),,,0,,false,false,false,,,true
INFO,JS-driven CTA — verify behaviour manually (opens modal / drawer),desktop,js-cta,http://[::1]:4321/fr/,ES,(javascript),,,0,,false,false,false,,,true
INFO,JS-driven CTA — verify behaviour manually (opens modal / drawer),desktop,js-cta,http://[::1]:4321/fr/,FR,(javascript),,,0,,false,false,false,,,true
INFO,JS-driven CTA — verify behaviour manually (opens modal / drawer),desktop,js-cta,http://[::1]:4321/fr/,DÉCOUVRIR LES EXPÉRIENCES,(javascript),,,0,,false,false,false,,,true
INFO,JS-driven CTA — verify behaviour manually (opens modal / drawer),desktop,js-cta,http://[::1]:4321/fr/,PLANIFIEZ VOTRE RETRAITE,(javascript),,,0,,false,false,false,,,true
INFO,JS-driven CTA — verify behaviour manually (opens modal / drawer),desktop,js-cta,http://[::1]:4321/fr/,‹,(javascript),,,0,,false,false,false,,,true
INFO,JS-driven CTA — verify behaviour manually (opens modal / drawer),desktop,js-cta,http://[::1]:4321/fr/,Review 1,(javascript),,,0,,false,false,false,,,true
INFO,JS-driven CTA — verify behaviour manually (opens modal / drawer),desktop,js-cta,http://[::1]:4321/fr/,Review 2,(javascript),,,0,,false,false,false,,,true
INFO,JS-driven CTA — verify behaviour manually (opens modal / drawer),desktop,js-cta,http://[::1]:4321/fr/,Review 3,(javascript),,,0,,false,false,false,,,true
INFO,JS-driven CTA — verify behaviour manually (opens modal / drawer),desktop,js-cta,http://[::1]:4321/fr/,Review 4,(javascript),,,0,,false,false,false,,,true
INFO,JS-driven CTA — verify behaviour manually (opens modal / drawer),desktop,js-cta,http://[::1]:4321/fr/,›,(javascript),,,0,,false,false,false,,,true
INFO,JS-driven CTA — verify behaviour manually (opens modal / drawer),desktop,js-cta,http://[::1]:4321/fr/,REFUSER LES NON ESSENTIELS,(javascript),,,0,,false,false,false,,,true
INFO,JS-driven CTA — verify behaviour manually (opens modal / drawer),desktop,js-cta,http://[::1]:4321/fr/,TOUT ACCEPTER,(javascript),,,0,,false,false,false,,,true
OK,,desktop,anchor,http://[::1]:4321/our-story,(no text),/,http://[::1]:4321/,http://[::1]:4321/,200,,false,false,false,,,true
OK,,desktop,anchor,http://[::1]:4321/our-story,OUR STORY,/our-story,http://[::1]:4321/our-story,http://[::1]:4321/our-story,200,,false,false,false,,,true
OK,,desktop,anchor,http://[::1]:4321/our-story,THE EXPERIENCE,/the-experience,http://[::1]:4321/the-experience,http://[::1]:4321/the-experience,200,,false,false,false,,,true
OK,,desktop,anchor,http://[::1]:4321/our-story,MENORCA,https://menorca.cspadel.com/,https://menorca.cspadel.com/,https://menorca.cspadel.com/,200,,false,false,true,,,true
OK,,desktop,anchor,http://[::1]:4321/our-story,UK (EAST SUSSEX),/east-sussex,http://[::1]:4321/east-sussex,http://[::1]:4321/east-sussex,200,,false,false,false,,,true
OK,,desktop,anchor,http://[::1]:4321/our-story,BALI,/bali,http://[::1]:4321/bali,http://[::1]:4321/bali,200,,false,false,false,,,true
OK,,desktop,anchor,http://[::1]:4321/our-story,DUBAI,/dubai,http://[::1]:4321/dubai,http://[::1]:4321/dubai,200,,false,false,false,,,true
OK,,desktop,anchor,http://[::1]:4321/our-story,UPCOMING RETREATS,/upcoming-retreats,http://[::1]:4321/upcoming-retreats,http://[::1]:4321/upcoming-retreats,200,,false,false,false,,,true
OK,,desktop,anchor,http://[::1]:4321/our-story,Courtside Padel on Instagram,https://www.instagram.com/padelcourtside/,https://www.instagram.com/padelcourtside/,https://www.instagram.com/padelcourtside/,200,,false,false,true,_blank,noopener noreferrer,true
OK,,desktop,anchor,http://[::1]:4321/our-story,Courtside Padel on LinkedIn,https://www.linkedin.com/company/https-cspadel.com-/,https://www.linkedin.com/company/https-cspadel.com-/,https://www.linkedin.com/company/https-cspadel.com-/,200,,false,false,true,_blank,noopener noreferrer,true
OK,,desktop,anchor,http://[::1]:4321/our-story,Menorca,https://menorca.cspadel.com/,https://menorca.cspadel.com/,https://menorca.cspadel.com/,200,,false,false,true,,,true
OK,,desktop,anchor,http://[::1]:4321/our-story,UK (East Sussex),/east-sussex,http://[::1]:4321/east-sussex,http://[::1]:4321/east-sussex,200,,false,false,false,,,true
OK,,desktop,anchor,http://[::1]:4321/our-story,Bali,/bali,http://[::1]:4321/bali,http://[::1]:4321/bali,200,,false,false,false,,,true
OK,,desktop,anchor,http://[::1]:4321/our-story,Dubai,/dubai,http://[::1]:4321/dubai,http://[::1]:4321/dubai,200,,false,false,false,,,true
OK,,desktop,anchor,http://[::1]:4321/our-story,UPCOMING RETREATS,/upcoming-retreats,http://[::1]:4321/upcoming-retreats,http://[::1]:4321/upcoming-retreats,200,,false,false,false,,,true
OK,,desktop,anchor,http://[::1]:4321/our-story,Our Story,/our-story,http://[::1]:4321/our-story,http://[::1]:4321/our-story,200,,false,false,false,,,true
OK,,desktop,anchor,http://[::1]:4321/our-story,The Experience,/the-experience,http://[::1]:4321/the-experience,http://[::1]:4321/the-experience,200,,false,false,false,,,true
OK,,desktop,anchor,http://[::1]:4321/our-story,Corporate & Executive,/executive-retreat,http://[::1]:4321/executive-retreat,http://[::1]:4321/executive-retreat,200,,false,false,false,,,true
INFO,Intentional redirector (messaging deep link),desktop,anchor,http://[::1]:4321/our-story,WhatsApp Concierge,https://wa.me/447786694723?text=Hello%2C%20I'd%20like%20to%20enquire%20about%20a%20Courtside%20Padel%20retreat.,https://wa.me/447786694723?text=Hello%2C%20I%27d%20like%20to%20enquire%20about%20a%20Courtside%20Padel%20retreat.,/send/?phone=447786694723&amp,200,,false,true,true,_blank,noopener noreferrer,true
INFO,mailto: link (not fetched),desktop,anchor,http://[::1]:4321/our-story,awatelet@cspadel.com,mailto:awatelet@cspadel.com,mailto:awatelet@cspadel.com,,0,,false,false,false,,,true
INFO,Intentional redirector (messaging deep link),desktop,anchor,http://[::1]:4321/our-story,MESSAGE THE TEAM,https://wa.me/447786694723?text=Hello%2C%20I'd%20like%20to%20enquire%20about%20a%20Courtside%20Padel%20retreat.,https://wa.me/447786694723?text=Hello%2C%20I%27d%20like%20to%20enquire%20about%20a%20Courtside%20Padel%20retreat.,/send/?phone=447786694723&amp,200,,false,true,true,_blank,noopener noreferrer,true
OK,,desktop,anchor,http://[::1]:4321/our-story,Privacy Policy,/legal/privacy-policy,http://[::1]:4321/legal/privacy-policy,http://[::1]:4321/legal/privacy-policy,200,,false,false,false,,,true
OK,,desktop,anchor,http://[::1]:4321/our-story,Terms of Service,/legal/terms-and-conditions,http://[::1]:4321/legal/terms-and-conditions,http://[::1]:4321/legal/terms-and-conditions,200,,false,false,false,,,true
OK,,desktop,anchor,http://[::1]:4321/our-story,Cookie Policy,/cookies,http://[::1]:4321/cookies,http://[::1]:4321/cookies,200,,false,false,false,,,true
OK,,desktop,anchor,http://[::1]:4321/our-story,Learn more,/cookies,http://[::1]:4321/cookies,http://[::1]:4321/cookies,200,,false,false,false,,,true
INFO,Intentional redirector (messaging deep link),desktop,anchor,http://[::1]:4321/our-story,CHAT WITH US,https://wa.me/447786694723?text=Hello%2C%20I'd%20like%20to%20speak%20with%20the%20Courtside%20team.,https://wa.me/447786694723?text=Hello%2C%20I%27d%20like%20to%20speak%20with%20the%20Courtside%20team.,/send/?phone=447786694723&amp,200,,false,true,true,_blank,noopener noreferrer,true
INFO,JS-driven CTA — verify behaviour manually (opens modal / drawer),desktop,js-cta,http://[::1]:4321/our-story,DESTINATIONS,(javascript),,,0,,false,false,false,,,true
INFO,JS-driven CTA — verify behaviour manually (opens modal / drawer),desktop,js-cta,http://[::1]:4321/our-story,EN,(javascript),,,0,,false,false,false,,,true
INFO,JS-driven CTA — verify behaviour manually (opens modal / drawer),desktop,js-cta,http://[::1]:4321/our-story,ES,(javascript),,,0,,false,false,false,,,true
INFO,JS-driven CTA — verify behaviour manually (opens modal / drawer),desktop,js-cta,http://[::1]:4321/our-story,FR,(javascript),,,0,,false,false,false,,,true
INFO,JS-driven CTA — verify behaviour manually (opens modal / drawer),desktop,js-cta,http://[::1]:4321/our-story,ENQUIRE ABOUT A RETREAT,(javascript),,,0,,false,false,false,,,true
INFO,JS-driven CTA — verify behaviour manually (opens modal / drawer),desktop,js-cta,http://[::1]:4321/our-story,REJECT NON-ESSENTIAL,(javascript),,,0,,false,false,false,,,true
INFO,JS-driven CTA — verify behaviour manually (opens modal / drawer),desktop,js-cta,http://[::1]:4321/our-story,ACCEPT ALL,(javascript),,,0,,false,false,false,,,true
OK,,desktop,anchor,http://[::1]:4321/the-experience,(no text),/,http://[::1]:4321/,http://[::1]:4321/,200,,false,false,false,,,true
OK,,desktop,anchor,http://[::1]:4321/the-experience,OUR STORY,/our-story,http://[::1]:4321/our-story,http://[::1]:4321/our-story,200,,false,false,false,,,true
OK,,desktop,anchor,http://[::1]:4321/the-experience,THE EXPERIENCE,/the-experience,http://[::1]:4321/the-experience,http://[::1]:4321/the-experience,200,,false,false,false,,,true
OK,,desktop,anchor,http://[::1]:4321/the-experience,MENORCA,https://menorca.cspadel.com/,https://menorca.cspadel.com/,https://menorca.cspadel.com/,200,,false,false,true,,,true
OK,,desktop,anchor,http://[::1]:4321/the-experience,UK (EAST SUSSEX),/east-sussex,http://[::1]:4321/east-sussex,http://[::1]:4321/east-sussex,200,,false,false,false,,,true
OK,,desktop,anchor,http://[::1]:4321/the-experience,BALI,/bali,http://[::1]:4321/bali,http://[::1]:4321/bali,200,,false,false,false,,,true
OK,,desktop,anchor,http://[::1]:4321/the-experience,DUBAI,/dubai,http://[::1]:4321/dubai,http://[::1]:4321/dubai,200,,false,false,false,,,true
OK,,desktop,anchor,http://[::1]:4321/the-experience,UPCOMING RETREATS,/upcoming-retreats,http://[::1]:4321/upcoming-retreats,http://[::1]:4321/upcoming-retreats,200,,false,false,false,,,true
OK,,desktop,anchor,http://[::1]:4321/the-experience,Courtside Padel on Instagram,https://www.instagram.com/padelcourtside/,https://www.instagram.com/padelcourtside/,https://www.instagram.com/padelcourtside/,200,,false,false,true,_blank,noopener noreferrer,true
OK,,desktop,anchor,http://[::1]:4321/the-experience,Courtside Padel on LinkedIn,https://www.linkedin.com/company/https-cspadel.com-/,https://www.linkedin.com/company/https-cspadel.com-/,https://www.linkedin.com/company/https-cspadel.com-/,200,,false,false,true,_blank,noopener noreferrer,true
OK,,desktop,anchor,http://[::1]:4321/the-experience,Menorca,https://menorca.cspadel.com/,https://menorca.cspadel.com/,https://menorca.cspadel.com/,200,,false,false,true,,,true
OK,,desktop,anchor,http://[::1]:4321/the-experience,UK (East Sussex),/east-sussex,http://[::1]:4321/east-sussex,http://[::1]:4321/east-sussex,200,,false,false,false,,,true
OK,,desktop,anchor,http://[::1]:4321/the-experience,Bali,/bali,http://[::1]:4321/bali,http://[::1]:4321/bali,200,,false,false,false,,,true
OK,,desktop,anchor,http://[::1]:4321/the-experience,Dubai,/dubai,http://[::1]:4321/dubai,http://[::1]:4321/dubai,200,,false,false,false,,,true
OK,,desktop,anchor,http://[::1]:4321/the-experience,UPCOMING RETREATS,/upcoming-retreats,http://[::1]:4321/upcoming-retreats,http://[::1]:4321/upcoming-retreats,200,,false,false,false,,,true
OK,,desktop,anchor,http://[::1]:4321/the-experience,Our Story,/our-story,http://[::1]:4321/our-story,http://[::1]:4321/our-story,200,,false,false,false,,,true
OK,,desktop,anchor,http://[::1]:4321/the-experience,The Experience,/the-experience,http://[::1]:4321/the-experience,http://[::1]:4321/the-experience,200,,false,false,false,,,true
OK,,desktop,anchor,http://[::1]:4321/the-experience,Corporate & Executive,/executive-retreat,http://[::1]:4321/executive-retreat,http://[::1]:4321/executive-retreat,200,,false,false,false,,,true
INFO,Intentional redirector (messaging deep link),desktop,anchor,http://[::1]:4321/the-experience,WhatsApp Concierge,https://wa.me/447786694723?text=Hello%2C%20I'd%20like%20to%20enquire%20about%20a%20Courtside%20Padel%20retreat.,https://wa.me/447786694723?text=Hello%2C%20I%27d%20like%20to%20enquire%20about%20a%20Courtside%20Padel%20retreat.,/send/?phone=447786694723&amp,200,,false,true,true,_blank,noopener noreferrer,true
INFO,mailto: link (not fetched),desktop,anchor,http://[::1]:4321/the-experience,awatelet@cspadel.com,mailto:awatelet@cspadel.com,mailto:awatelet@cspadel.com,,0,,false,false,false,,,true
INFO,Intentional redirector (messaging deep link),desktop,anchor,http://[::1]:4321/the-experience,MESSAGE THE TEAM,https://wa.me/447786694723?text=Hello%2C%20I'd%20like%20to%20enquire%20about%20a%20Courtside%20Padel%20retreat.,https://wa.me/447786694723?text=Hello%2C%20I%27d%20like%20to%20enquire%20about%20a%20Courtside%20Padel%20retreat.,/send/?phone=447786694723&amp,200,,false,true,true,_blank,noopener noreferrer,true
OK,,desktop,anchor,http://[::1]:4321/the-experience,Privacy Policy,/legal/privacy-policy,http://[::1]:4321/legal/privacy-policy,http://[::1]:4321/legal/privacy-policy,200,,false,false,false,,,true
OK,,desktop,anchor,http://[::1]:4321/the-experience,Terms of Service,/legal/terms-and-conditions,http://[::1]:4321/legal/terms-and-conditions,http://[::1]:4321/legal/terms-and-conditions,200,,false,false,false,,,true
OK,,desktop,anchor,http://[::1]:4321/the-experience,Cookie Policy,/cookies,http://[::1]:4321/cookies,http://[::1]:4321/cookies,200,,false,false,false,,,true
OK,,desktop,anchor,http://[::1]:4321/the-experience,Learn more,/cookies,http://[::1]:4321/cookies,http://[::1]:4321/cookies,200,,false,false,false,,,true
INFO,Intentional redirector (messaging deep link),desktop,anchor,http://[::1]:4321/the-experience,CHAT WITH US,https://wa.me/447786694723?text=Hello%2C%20I'd%20like%20to%20speak%20with%20the%20Courtside%20team.,https://wa.me/447786694723?text=Hello%2C%20I%27d%20like%20to%20speak%20with%20the%20Courtside%20team.,/send/?phone=447786694723&amp,200,,false,true,true,_blank,noopener noreferrer,true
INFO,JS-driven CTA — verify behaviour manually (opens modal / drawer),desktop,js-cta,http://[::1]:4321/the-experience,DESTINATIONS,(javascript),,,0,,false,false,false,,,true
INFO,JS-driven CTA — verify behaviour manually (opens modal / drawer),desktop,js-cta,http://[::1]:4321/the-experience,EN,(javascript),,,0,,false,false,false,,,true
INFO,JS-driven CTA — verify behaviour manually (opens modal / drawer),desktop,js-cta,http://[::1]:4321/the-experience,ES,(javascript),,,0,,false,false,false,,,true
INFO,JS-driven CTA — verify behaviour manually (opens modal / drawer),desktop,js-cta,http://[::1]:4321/the-experience,FR,(javascript),,,0,,false,false,false,,,true
INFO,JS-driven CTA — verify behaviour manually (opens modal / drawer),desktop,js-cta,http://[::1]:4321/the-experience,ENQUIRE ABOUT A RETREAT,(javascript),,,0,,false,false,false,,,true
INFO,JS-driven CTA — verify behaviour manually (opens modal / drawer),desktop,js-cta,http://[::1]:4321/the-experience,REJECT NON-ESSENTIAL,(javascript),,,0,,false,false,false,,,true
INFO,JS-driven CTA — verify behaviour manually (opens modal / drawer),desktop,js-cta,http://[::1]:4321/the-experience,ACCEPT ALL,(javascript),,,0,,false,false,false,,,true
OK,,desktop,anchor,http://[::1]:4321/upcoming-retreats,(no text),/,http://[::1]:4321/,http://[::1]:4321/,200,,false,false,false,,,true
OK,,desktop,anchor,http://[::1]:4321/upcoming-retreats,OUR STORY,/our-story,http://[::1]:4321/our-story,http://[::1]:4321/our-story,200,,false,false,false,,,true
OK,,desktop,anchor,http://[::1]:4321/upcoming-retreats,THE EXPERIENCE,/the-experience,http://[::1]:4321/the-experience,http://[::1]:4321/the-experience,200,,false,false,false,,,true
OK,,desktop,anchor,http://[::1]:4321/upcoming-retreats,MENORCA,https://menorca.cspadel.com/,https://menorca.cspadel.com/,https://menorca.cspadel.com/,200,,false,false,true,,,true
OK,,desktop,anchor,http://[::1]:4321/upcoming-retreats,UK (EAST SUSSEX),/east-sussex,http://[::1]:4321/east-sussex,http://[::1]:4321/east-sussex,200,,false,false,false,,,true
OK,,desktop,anchor,http://[::1]:4321/upcoming-retreats,BALI,/bali,http://[::1]:4321/bali,http://[::1]:4321/bali,200,,false,false,false,,,true
OK,,desktop,anchor,http://[::1]:4321/upcoming-retreats,DUBAI,/dubai,http://[::1]:4321/dubai,http://[::1]:4321/dubai,200,,false,false,false,,,true
OK,,desktop,anchor,http://[::1]:4321/upcoming-retreats,UPCOMING RETREATS,/upcoming-retreats,http://[::1]:4321/upcoming-retreats,http://[::1]:4321/upcoming-retreats,200,,false,false,false,,,true
OK,,desktop,anchor,http://[::1]:4321/upcoming-retreats,EXPLORE MENORCA,https://menorca.cspadel.com/,https://menorca.cspadel.com/,https://menorca.cspadel.com/,200,,false,false,true,,,true
OK,,desktop,anchor,http://[::1]:4321/upcoming-retreats,EXPLORE BALI,/bali,http://[::1]:4321/bali,http://[::1]:4321/bali,200,,false,false,false,,,true
OK,,desktop,anchor,http://[::1]:4321/upcoming-retreats,Courtside Padel on Instagram,https://www.instagram.com/padelcourtside/,https://www.instagram.com/padelcourtside/,https://www.instagram.com/padelcourtside/,200,,false,false,true,_blank,noopener noreferrer,true
OK,,desktop,anchor,http://[::1]:4321/upcoming-retreats,Courtside Padel on LinkedIn,https://www.linkedin.com/company/https-cspadel.com-/,https://www.linkedin.com/company/https-cspadel.com-/,https://www.linkedin.com/company/https-cspadel.com-/,200,,false,false,true,_blank,noopener noreferrer,true
OK,,desktop,anchor,http://[::1]:4321/upcoming-retreats,Menorca,https://menorca.cspadel.com/,https://menorca.cspadel.com/,https://menorca.cspadel.com/,200,,false,false,true,,,true
OK,,desktop,anchor,http://[::1]:4321/upcoming-retreats,UK (East Sussex),/east-sussex,http://[::1]:4321/east-sussex,http://[::1]:4321/east-sussex,200,,false,false,false,,,true
OK,,desktop,anchor,http://[::1]:4321/upcoming-retreats,Bali,/bali,http://[::1]:4321/bali,http://[::1]:4321/bali,200,,false,false,false,,,true
OK,,desktop,anchor,http://[::1]:4321/upcoming-retreats,Dubai,/dubai,http://[::1]:4321/dubai,http://[::1]:4321/dubai,200,,false,false,false,,,true
OK,,desktop,anchor,http://[::1]:4321/upcoming-retreats,UPCOMING RETREATS,/upcoming-retreats,http://[::1]:4321/upcoming-retreats,http://[::1]:4321/upcoming-retreats,200,,false,false,false,,,true
OK,,desktop,anchor,http://[::1]:4321/upcoming-retreats,Our Story,/our-story,http://[::1]:4321/our-story,http://[::1]:4321/our-story,200,,false,false,false,,,true
OK,,desktop,anchor,http://[::1]:4321/upcoming-retreats,The Experience,/the-experience,http://[::1]:4321/the-experience,http://[::1]:4321/the-experience,200,,false,false,false,,,true
OK,,desktop,anchor,http://[::1]:4321/upcoming-retreats,Corporate & Executive,/executive-retreat,http://[::1]:4321/executive-retreat,http://[::1]:4321/executive-retreat,200,,false,false,false,,,true
INFO,Intentional redirector (messaging deep link),desktop,anchor,http://[::1]:4321/upcoming-retreats,WhatsApp Concierge,https://wa.me/447786694723?text=Hello%2C%20I'd%20like%20to%20enquire%20about%20a%20Courtside%20Padel%20retreat.,https://wa.me/447786694723?text=Hello%2C%20I%27d%20like%20to%20enquire%20about%20a%20Courtside%20Padel%20retreat.,/send/?phone=447786694723&amp,200,,false,true,true,_blank,noopener noreferrer,true
INFO,mailto: link (not fetched),desktop,anchor,http://[::1]:4321/upcoming-retreats,awatelet@cspadel.com,mailto:awatelet@cspadel.com,mailto:awatelet@cspadel.com,,0,,false,false,false,,,true
INFO,Intentional redirector (messaging deep link),desktop,anchor,http://[::1]:4321/upcoming-retreats,MESSAGE THE TEAM,https://wa.me/447786694723?text=Hello%2C%20I'd%20like%20to%20enquire%20about%20a%20Courtside%20Padel%20retreat.,https://wa.me/447786694723?text=Hello%2C%20I%27d%20like%20to%20enquire%20about%20a%20Courtside%20Padel%20retreat.,/send/?phone=447786694723&amp,200,,false,true,true,_blank,noopener noreferrer,true
OK,,desktop,anchor,http://[::1]:4321/upcoming-retreats,Privacy Policy,/legal/privacy-policy,http://[::1]:4321/legal/privacy-policy,http://[::1]:4321/legal/privacy-policy,200,,false,false,false,,,true
OK,,desktop,anchor,http://[::1]:4321/upcoming-retreats,Terms of Service,/legal/terms-and-conditions,http://[::1]:4321/legal/terms-and-conditions,http://[::1]:4321/legal/terms-and-conditions,200,,false,false,false,,,true
OK,,desktop,anchor,http://[::1]:4321/upcoming-retreats,Cookie Policy,/cookies,http://[::1]:4321/cookies,http://[::1]:4321/cookies,200,,false,false,false,,,true
OK,,desktop,anchor,http://[::1]:4321/upcoming-retreats,Learn more,/cookies,http://[::1]:4321/cookies,http://[::1]:4321/cookies,200,,false,false,false,,,true
INFO,Intentional redirector (messaging deep link),desktop,anchor,http://[::1]:4321/upcoming-retreats,CHAT WITH US,https://wa.me/447786694723?text=Hello%2C%20I'd%20like%20to%20speak%20with%20the%20Courtside%20team.,https://wa.me/447786694723?text=Hello%2C%20I%27d%20like%20to%20speak%20with%20the%20Courtside%20team.,/send/?phone=447786694723&amp,200,,false,true,true,_blank,noopener noreferrer,true
INFO,JS-driven CTA — verify behaviour manually (opens modal / drawer),desktop,js-cta,http://[::1]:4321/upcoming-retreats,DESTINATIONS,(javascript),,,0,,false,false,false,,,true
INFO,JS-driven CTA — verify behaviour manually (opens modal / drawer),desktop,js-cta,http://[::1]:4321/upcoming-retreats,EN,(javascript),,,0,,false,false,false,,,true
INFO,JS-driven CTA — verify behaviour manually (opens modal / drawer),desktop,js-cta,http://[::1]:4321/upcoming-retreats,ES,(javascript),,,0,,false,false,false,,,true
INFO,JS-driven CTA — verify behaviour manually (opens modal / drawer),desktop,js-cta,http://[::1]:4321/upcoming-retreats,FR,(javascript),,,0,,false,false,false,,,true
INFO,JS-driven CTA — verify behaviour manually (opens modal / drawer),desktop,js-cta,http://[::1]:4321/upcoming-retreats,PLAN YOUR RETREAT,(javascript),,,0,,false,false,false,,,true
INFO,JS-driven CTA — verify behaviour manually (opens modal / drawer),desktop,js-cta,http://[::1]:4321/upcoming-retreats,REJECT NON-ESSENTIAL,(javascript),,,0,,false,false,false,,,true
INFO,JS-driven CTA — verify behaviour manually (opens modal / drawer),desktop,js-cta,http://[::1]:4321/upcoming-retreats,ACCEPT ALL,(javascript),,,0,,false,false,false,,,true
OK,,desktop,anchor,http://[::1]:4321/executive-retreat,(no text),/,http://[::1]:4321/,http://[::1]:4321/,200,,false,false,false,,,true
OK,,desktop,anchor,http://[::1]:4321/executive-retreat,OUR STORY,/our-story,http://[::1]:4321/our-story,http://[::1]:4321/our-story,200,,false,false,false,,,true
OK,,desktop,anchor,http://[::1]:4321/executive-retreat,THE EXPERIENCE,/the-experience,http://[::1]:4321/the-experience,http://[::1]:4321/the-experience,200,,false,false,false,,,true
OK,,desktop,anchor,http://[::1]:4321/executive-retreat,MENORCA,https://menorca.cspadel.com/,https://menorca.cspadel.com/,https://menorca.cspadel.com/,200,,false,false,true,,,true
OK,,desktop,anchor,http://[::1]:4321/executive-retreat,UK (EAST SUSSEX),/east-sussex,http://[::1]:4321/east-sussex,http://[::1]:4321/east-sussex,200,,false,false,false,,,true
OK,,desktop,anchor,http://[::1]:4321/executive-retreat,BALI,/bali,http://[::1]:4321/bali,http://[::1]:4321/bali,200,,false,false,false,,,true
OK,,desktop,anchor,http://[::1]:4321/executive-retreat,DUBAI,/dubai,http://[::1]:4321/dubai,http://[::1]:4321/dubai,200,,false,false,false,,,true
OK,,desktop,anchor,http://[::1]:4321/executive-retreat,UPCOMING RETREATS,/upcoming-retreats,http://[::1]:4321/upcoming-retreats,http://[::1]:4321/upcoming-retreats,200,,false,false,false,,,true
INFO,mailto: link (not fetched),desktop,anchor,http://[::1]:4321/executive-retreat,ENQUIRE ABOUT A CORPORATE RETREAT,mailto:awatelet@cspadel.com,mailto:awatelet@cspadel.com,,0,,false,false,false,,,true
OK,,desktop,anchor,http://[::1]:4321/executive-retreat,Courtside Padel on Instagram,https://www.instagram.com/padelcourtside/,https://www.instagram.com/padelcourtside/,https://www.instagram.com/padelcourtside/,200,,false,false,true,_blank,noopener noreferrer,true
OK,,desktop,anchor,http://[::1]:4321/executive-retreat,Courtside Padel on LinkedIn,https://www.linkedin.com/company/https-cspadel.com-/,https://www.linkedin.com/company/https-cspadel.com-/,https://www.linkedin.com/company/https-cspadel.com-/,200,,false,false,true,_blank,noopener noreferrer,true
OK,,desktop,anchor,http://[::1]:4321/executive-retreat,Menorca,https://menorca.cspadel.com/,https://menorca.cspadel.com/,https://menorca.cspadel.com/,200,,false,false,true,,,true
OK,,desktop,anchor,http://[::1]:4321/executive-retreat,UK (East Sussex),/east-sussex,http://[::1]:4321/east-sussex,http://[::1]:4321/east-sussex,200,,false,false,false,,,true
OK,,desktop,anchor,http://[::1]:4321/executive-retreat,Bali,/bali,http://[::1]:4321/bali,http://[::1]:4321/bali,200,,false,false,false,,,true
OK,,desktop,anchor,http://[::1]:4321/executive-retreat,Dubai,/dubai,http://[::1]:4321/dubai,http://[::1]:4321/dubai,200,,false,false,false,,,true
OK,,desktop,anchor,http://[::1]:4321/executive-retreat,UPCOMING RETREATS,/upcoming-retreats,http://[::1]:4321/upcoming-retreats,http://[::1]:4321/upcoming-retreats,200,,false,false,false,,,true
OK,,desktop,anchor,http://[::1]:4321/executive-retreat,Our Story,/our-story,http://[::1]:4321/our-story,http://[::1]:4321/our-story,200,,false,false,false,,,true
OK,,desktop,anchor,http://[::1]:4321/executive-retreat,The Experience,/the-experience,http://[::1]:4321/the-experience,http://[::1]:4321/the-experience,200,,false,false,false,,,true
OK,,desktop,anchor,http://[::1]:4321/executive-retreat,Corporate & Executive,/executive-retreat,http://[::1]:4321/executive-retreat,http://[::1]:4321/executive-retreat,200,,false,false,false,,,true
INFO,Intentional redirector (messaging deep link),desktop,anchor,http://[::1]:4321/executive-retreat,WhatsApp Concierge,https://wa.me/447786694723?text=Hello%2C%20I'd%20like%20to%20enquire%20about%20a%20Courtside%20Padel%20retreat.,https://wa.me/447786694723?text=Hello%2C%20I%27d%20like%20to%20enquire%20about%20a%20Courtside%20Padel%20retreat.,/send/?phone=447786694723&amp,200,,false,true,true,_blank,noopener noreferrer,true
INFO,mailto: link (not fetched),desktop,anchor,http://[::1]:4321/executive-retreat,awatelet@cspadel.com,mailto:awatelet@cspadel.com,mailto:awatelet@cspadel.com,,0,,false,false,false,,,true
INFO,Intentional redirector (messaging deep link),desktop,anchor,http://[::1]:4321/executive-retreat,MESSAGE THE TEAM,https://wa.me/447786694723?text=Hello%2C%20I'd%20like%20to%20enquire%20about%20a%20Courtside%20Padel%20retreat.,https://wa.me/447786694723?text=Hello%2C%20I%27d%20like%20to%20enquire%20about%20a%20Courtside%20Padel%20retreat.,/send/?phone=447786694723&amp,200,,false,true,true,_blank,noopener noreferrer,true
OK,,desktop,anchor,http://[::1]:4321/executive-retreat,Privacy Policy,/legal/privacy-policy,http://[::1]:4321/legal/privacy-policy,http://[::1]:4321/legal/privacy-policy,200,,false,false,false,,,true
OK,,desktop,anchor,http://[::1]:4321/executive-retreat,Terms of Service,/legal/terms-and-conditions,http://[::1]:4321/legal/terms-and-conditions,http://[::1]:4321/legal/terms-and-conditions,200,,false,false,false,,,true
OK,,desktop,anchor,http://[::1]:4321/executive-retreat,Cookie Policy,/cookies,http://[::1]:4321/cookies,http://[::1]:4321/cookies,200,,false,false,false,,,true
OK,,desktop,anchor,http://[::1]:4321/executive-retreat,Learn more,/cookies,http://[::1]:4321/cookies,http://[::1]:4321/cookies,200,,false,false,false,,,true
INFO,Intentional redirector (messaging deep link),desktop,anchor,http://[::1]:4321/executive-retreat,CHAT WITH US,https://wa.me/447786694723?text=Hello%2C%20I'd%20like%20to%20speak%20with%20the%20Courtside%20team.,https://wa.me/447786694723?text=Hello%2C%20I%27d%20like%20to%20speak%20with%20the%20Courtside%20team.,/send/?phone=447786694723&amp,200,,false,true,true,_blank,noopener noreferrer,true
INFO,JS-driven CTA — verify behaviour manually (opens modal / drawer),desktop,js-cta,http://[::1]:4321/executive-retreat,DESTINATIONS,(javascript),,,0,,false,false,false,,,true
INFO,JS-driven CTA — verify behaviour manually (opens modal / drawer),desktop,js-cta,http://[::1]:4321/executive-retreat,EN,(javascript),,,0,,false,false,false,,,true
INFO,JS-driven CTA — verify behaviour manually (opens modal / drawer),desktop,js-cta,http://[::1]:4321/executive-retreat,ES,(javascript),,,0,,false,false,false,,,true
INFO,JS-driven CTA — verify behaviour manually (opens modal / drawer),desktop,js-cta,http://[::1]:4321/executive-retreat,FR,(javascript),,,0,,false,false,false,,,true
INFO,JS-driven CTA — verify behaviour manually (opens modal / drawer),desktop,js-cta,http://[::1]:4321/executive-retreat,REJECT NON-ESSENTIAL,(javascript),,,0,,false,false,false,,,true
INFO,JS-driven CTA — verify behaviour manually (opens modal / drawer),desktop,js-cta,http://[::1]:4321/executive-retreat,ACCEPT ALL,(javascript),,,0,,false,false,false,,,true
OK,,desktop,anchor,http://[::1]:4321/bali,(no text),/,http://[::1]:4321/,http://[::1]:4321/,200,,false,false,false,,,true
OK,,desktop,anchor,http://[::1]:4321/bali,OUR STORY,/our-story,http://[::1]:4321/our-story,http://[::1]:4321/our-story,200,,false,false,false,,,true
OK,,desktop,anchor,http://[::1]:4321/bali,THE EXPERIENCE,/the-experience,http://[::1]:4321/the-experience,http://[::1]:4321/the-experience,200,,false,false,false,,,true
OK,,desktop,anchor,http://[::1]:4321/bali,MENORCA,https://menorca.cspadel.com/,https://menorca.cspadel.com/,https://menorca.cspadel.com/,200,,false,false,true,,,true
OK,,desktop,anchor,http://[::1]:4321/bali,UK (EAST SUSSEX),/east-sussex,http://[::1]:4321/east-sussex,http://[::1]:4321/east-sussex,200,,false,false,false,,,true
OK,,desktop,anchor,http://[::1]:4321/bali,BALI,/bali,http://[::1]:4321/bali,http://[::1]:4321/bali,200,,false,false,false,,,true
OK,,desktop,anchor,http://[::1]:4321/bali,DUBAI,/dubai,http://[::1]:4321/dubai,http://[::1]:4321/dubai,200,,false,false,false,,,true
OK,,desktop,anchor,http://[::1]:4321/bali,UPCOMING RETREATS,/upcoming-retreats,http://[::1]:4321/upcoming-retreats,http://[::1]:4321/upcoming-retreats,200,,false,false,false,,,true
OK,,desktop,anchor,http://[::1]:4321/bali,Courtside Padel on Instagram,https://www.instagram.com/padelcourtside/,https://www.instagram.com/padelcourtside/,https://www.instagram.com/padelcourtside/,200,,false,false,true,_blank,noopener noreferrer,true
OK,,desktop,anchor,http://[::1]:4321/bali,Courtside Padel on LinkedIn,https://www.linkedin.com/company/https-cspadel.com-/,https://www.linkedin.com/company/https-cspadel.com-/,https://www.linkedin.com/company/https-cspadel.com-/,200,,false,false,true,_blank,noopener noreferrer,true
OK,,desktop,anchor,http://[::1]:4321/bali,Menorca,https://menorca.cspadel.com/,https://menorca.cspadel.com/,https://menorca.cspadel.com/,200,,false,false,true,,,true
OK,,desktop,anchor,http://[::1]:4321/bali,UK (East Sussex),/east-sussex,http://[::1]:4321/east-sussex,http://[::1]:4321/east-sussex,200,,false,false,false,,,true
OK,,desktop,anchor,http://[::1]:4321/bali,Bali,/bali,http://[::1]:4321/bali,http://[::1]:4321/bali,200,,false,false,false,,,true
OK,,desktop,anchor,http://[::1]:4321/bali,Dubai,/dubai,http://[::1]:4321/dubai,http://[::1]:4321/dubai,200,,false,false,false,,,true
OK,,desktop,anchor,http://[::1]:4321/bali,UPCOMING RETREATS,/upcoming-retreats,http://[::1]:4321/upcoming-retreats,http://[::1]:4321/upcoming-retreats,200,,false,false,false,,,true
OK,,desktop,anchor,http://[::1]:4321/bali,Our Story,/our-story,http://[::1]:4321/our-story,http://[::1]:4321/our-story,200,,false,false,false,,,true
OK,,desktop,anchor,http://[::1]:4321/bali,The Experience,/the-experience,http://[::1]:4321/the-experience,http://[::1]:4321/the-experience,200,,false,false,false,,,true
OK,,desktop,anchor,http://[::1]:4321/bali,Corporate & Executive,/executive-retreat,http://[::1]:4321/executive-retreat,http://[::1]:4321/executive-retreat,200,,false,false,false,,,true
INFO,Intentional redirector (messaging deep link),desktop,anchor,http://[::1]:4321/bali,WhatsApp Concierge,https://wa.me/447786694723?text=Hello%2C%20I'd%20like%20to%20enquire%20about%20a%20Courtside%20Padel%20retreat.,https://wa.me/447786694723?text=Hello%2C%20I%27d%20like%20to%20enquire%20about%20a%20Courtside%20Padel%20retreat.,/send/?phone=447786694723&amp,200,,false,true,true,_blank,noopener noreferrer,true
INFO,mailto: link (not fetched),desktop,anchor,http://[::1]:4321/bali,awatelet@cspadel.com,mailto:awatelet@cspadel.com,mailto:awatelet@cspadel.com,,0,,false,false,false,,,true
INFO,Intentional redirector (messaging deep link),desktop,anchor,http://[::1]:4321/bali,MESSAGE THE TEAM,https://wa.me/447786694723?text=Hello%2C%20I'd%20like%20to%20enquire%20about%20a%20Courtside%20Padel%20retreat.,https://wa.me/447786694723?text=Hello%2C%20I%27d%20like%20to%20enquire%20about%20a%20Courtside%20Padel%20retreat.,/send/?phone=447786694723&amp,200,,false,true,true,_blank,noopener noreferrer,true
OK,,desktop,anchor,http://[::1]:4321/bali,Privacy Policy,/legal/privacy-policy,http://[::1]:4321/legal/privacy-policy,http://[::1]:4321/legal/privacy-policy,200,,false,false,false,,,true
OK,,desktop,anchor,http://[::1]:4321/bali,Terms of Service,/legal/terms-and-conditions,http://[::1]:4321/legal/terms-and-conditions,http://[::1]:4321/legal/terms-and-conditions,200,,false,false,false,,,true
OK,,desktop,anchor,http://[::1]:4321/bali,Cookie Policy,/cookies,http://[::1]:4321/cookies,http://[::1]:4321/cookies,200,,false,false,false,,,true
OK,,desktop,anchor,http://[::1]:4321/bali,Learn more,/cookies,http://[::1]:4321/cookies,http://[::1]:4321/cookies,200,,false,false,false,,,true
INFO,Intentional redirector (messaging deep link),desktop,anchor,http://[::1]:4321/bali,CHAT WITH US,https://wa.me/447786694723?text=Hello%2C%20I'd%20like%20to%20speak%20with%20the%20Courtside%20team.,https://wa.me/447786694723?text=Hello%2C%20I%27d%20like%20to%20speak%20with%20the%20Courtside%20team.,/send/?phone=447786694723&amp,200,,false,true,true,_blank,noopener noreferrer,true
INFO,JS-driven CTA — verify behaviour manually (opens modal / drawer),desktop,js-cta,http://[::1]:4321/bali,DESTINATIONS,(javascript),,,0,,false,false,false,,,true
INFO,JS-driven CTA — verify behaviour manually (opens modal / drawer),desktop,js-cta,http://[::1]:4321/bali,EN,(javascript),,,0,,false,false,false,,,true
INFO,JS-driven CTA — verify behaviour manually (opens modal / drawer),desktop,js-cta,http://[::1]:4321/bali,ES,(javascript),,,0,,false,false,false,,,true
INFO,JS-driven CTA — verify behaviour manually (opens modal / drawer),desktop,js-cta,http://[::1]:4321/bali,FR,(javascript),,,0,,false,false,false,,,true
INFO,JS-driven CTA — verify behaviour manually (opens modal / drawer),desktop,js-cta,http://[::1]:4321/bali,Previous images,(javascript),,,0,,false,false,false,,,true
INFO,JS-driven CTA — verify behaviour manually (opens modal / drawer),desktop,js-cta,http://[::1]:4321/bali,Next images,(javascript),,,0,,false,false,false,,,true
INFO,JS-driven CTA — verify behaviour manually (opens modal / drawer),desktop,js-cta,http://[::1]:4321/bali,ENQUIRE ABOUT BALI,(javascript),,,0,,false,false,false,,,true
INFO,JS-driven CTA — verify behaviour manually (opens modal / drawer),desktop,js-cta,http://[::1]:4321/bali,REJECT NON-ESSENTIAL,(javascript),,,0,,false,false,false,,,true
INFO,JS-driven CTA — verify behaviour manually (opens modal / drawer),desktop,js-cta,http://[::1]:4321/bali,ACCEPT ALL,(javascript),,,0,,false,false,false,,,true
OK,,desktop,anchor,http://[::1]:4321/dubai,(no text),/,http://[::1]:4321/,http://[::1]:4321/,200,,false,false,false,,,true
OK,,desktop,anchor,http://[::1]:4321/dubai,OUR STORY,/our-story,http://[::1]:4321/our-story,http://[::1]:4321/our-story,200,,false,false,false,,,true
OK,,desktop,anchor,http://[::1]:4321/dubai,THE EXPERIENCE,/the-experience,http://[::1]:4321/the-experience,http://[::1]:4321/the-experience,200,,false,false,false,,,true
OK,,desktop,anchor,http://[::1]:4321/dubai,MENORCA,https://menorca.cspadel.com/,https://menorca.cspadel.com/,https://menorca.cspadel.com/,200,,false,false,true,,,true
OK,,desktop,anchor,http://[::1]:4321/dubai,UK (EAST SUSSEX),/east-sussex,http://[::1]:4321/east-sussex,http://[::1]:4321/east-sussex,200,,false,false,false,,,true
OK,,desktop,anchor,http://[::1]:4321/dubai,BALI,/bali,http://[::1]:4321/bali,http://[::1]:4321/bali,200,,false,false,false,,,true
OK,,desktop,anchor,http://[::1]:4321/dubai,DUBAI,/dubai,http://[::1]:4321/dubai,http://[::1]:4321/dubai,200,,false,false,false,,,true
OK,,desktop,anchor,http://[::1]:4321/dubai,UPCOMING RETREATS,/upcoming-retreats,http://[::1]:4321/upcoming-retreats,http://[::1]:4321/upcoming-retreats,200,,false,false,false,,,true
OK,,desktop,anchor,http://[::1]:4321/dubai,Courtside Padel on Instagram,https://www.instagram.com/padelcourtside/,https://www.instagram.com/padelcourtside/,https://www.instagram.com/padelcourtside/,200,,false,false,true,_blank,noopener noreferrer,true
OK,,desktop,anchor,http://[::1]:4321/dubai,Courtside Padel on LinkedIn,https://www.linkedin.com/company/https-cspadel.com-/,https://www.linkedin.com/company/https-cspadel.com-/,https://www.linkedin.com/company/https-cspadel.com-/,200,,false,false,true,_blank,noopener noreferrer,true
OK,,desktop,anchor,http://[::1]:4321/dubai,Menorca,https://menorca.cspadel.com/,https://menorca.cspadel.com/,https://menorca.cspadel.com/,200,,false,false,true,,,true
OK,,desktop,anchor,http://[::1]:4321/dubai,UK (East Sussex),/east-sussex,http://[::1]:4321/east-sussex,http://[::1]:4321/east-sussex,200,,false,false,false,,,true
OK,,desktop,anchor,http://[::1]:4321/dubai,Bali,/bali,http://[::1]:4321/bali,http://[::1]:4321/bali,200,,false,false,false,,,true
OK,,desktop,anchor,http://[::1]:4321/dubai,Dubai,/dubai,http://[::1]:4321/dubai,http://[::1]:4321/dubai,200,,false,false,false,,,true
OK,,desktop,anchor,http://[::1]:4321/dubai,UPCOMING RETREATS,/upcoming-retreats,http://[::1]:4321/upcoming-retreats,http://[::1]:4321/upcoming-retreats,200,,false,false,false,,,true
OK,,desktop,anchor,http://[::1]:4321/dubai,Our Story,/our-story,http://[::1]:4321/our-story,http://[::1]:4321/our-story,200,,false,false,false,,,true
OK,,desktop,anchor,http://[::1]:4321/dubai,The Experience,/the-experience,http://[::1]:4321/the-experience,http://[::1]:4321/the-experience,200,,false,false,false,,,true
OK,,desktop,anchor,http://[::1]:4321/dubai,Corporate & Executive,/executive-retreat,http://[::1]:4321/executive-retreat,http://[::1]:4321/executive-retreat,200,,false,false,false,,,true
INFO,Intentional redirector (messaging deep link),desktop,anchor,http://[::1]:4321/dubai,WhatsApp Concierge,https://wa.me/447786694723?text=Hello%2C%20I'd%20like%20to%20enquire%20about%20a%20Courtside%20Padel%20retreat.,https://wa.me/447786694723?text=Hello%2C%20I%27d%20like%20to%20enquire%20about%20a%20Courtside%20Padel%20retreat.,/send/?phone=447786694723&amp,200,,false,true,true,_blank,noopener noreferrer,true
INFO,mailto: link (not fetched),desktop,anchor,http://[::1]:4321/dubai,awatelet@cspadel.com,mailto:awatelet@cspadel.com,mailto:awatelet@cspadel.com,,0,,false,false,false,,,true
INFO,Intentional redirector (messaging deep link),desktop,anchor,http://[::1]:4321/dubai,MESSAGE THE TEAM,https://wa.me/447786694723?text=Hello%2C%20I'd%20like%20to%20enquire%20about%20a%20Courtside%20Padel%20retreat.,https://wa.me/447786694723?text=Hello%2C%20I%27d%20like%20to%20enquire%20about%20a%20Courtside%20Padel%20retreat.,/send/?phone=447786694723&amp,200,,false,true,true,_blank,noopener noreferrer,true
OK,,desktop,anchor,http://[::1]:4321/dubai,Privacy Policy,/legal/privacy-policy,http://[::1]:4321/legal/privacy-policy,http://[::1]:4321/legal/privacy-policy,200,,false,false,false,,,true
OK,,desktop,anchor,http://[::1]:4321/dubai,Terms of Service,/legal/terms-and-conditions,http://[::1]:4321/legal/terms-and-conditions,http://[::1]:4321/legal/terms-and-conditions,200,,false,false,false,,,true
OK,,desktop,anchor,http://[::1]:4321/dubai,Cookie Policy,/cookies,http://[::1]:4321/cookies,http://[::1]:4321/cookies,200,,false,false,false,,,true
OK,,desktop,anchor,http://[::1]:4321/dubai,Learn more,/cookies,http://[::1]:4321/cookies,http://[::1]:4321/cookies,200,,false,false,false,,,true
INFO,Intentional redirector (messaging deep link),desktop,anchor,http://[::1]:4321/dubai,CHAT WITH US,https://wa.me/447786694723?text=Hello%2C%20I'd%20like%20to%20speak%20with%20the%20Courtside%20team.,https://wa.me/447786694723?text=Hello%2C%20I%27d%20like%20to%20speak%20with%20the%20Courtside%20team.,/send/?phone=447786694723&amp,200,,false,true,true,_blank,noopener noreferrer,true
INFO,JS-driven CTA — verify behaviour manually (opens modal / drawer),desktop,js-cta,http://[::1]:4321/dubai,DESTINATIONS,(javascript),,,0,,false,false,false,,,true
INFO,JS-driven CTA — verify behaviour manually (opens modal / drawer),desktop,js-cta,http://[::1]:4321/dubai,EN,(javascript),,,0,,false,false,false,,,true
INFO,JS-driven CTA — verify behaviour manually (opens modal / drawer),desktop,js-cta,http://[::1]:4321/dubai,ES,(javascript),,,0,,false,false,false,,,true
INFO,JS-driven CTA — verify behaviour manually (opens modal / drawer),desktop,js-cta,http://[::1]:4321/dubai,FR,(javascript),,,0,,false,false,false,,,true
INFO,JS-driven CTA — verify behaviour manually (opens modal / drawer),desktop,js-cta,http://[::1]:4321/dubai,GET IN TOUCH,(javascript),,,0,,false,false,false,,,true
INFO,JS-driven CTA — verify behaviour manually (opens modal / drawer),desktop,js-cta,http://[::1]:4321/dubai,REJECT NON-ESSENTIAL,(javascript),,,0,,false,false,false,,,true
INFO,JS-driven CTA — verify behaviour manually (opens modal / drawer),desktop,js-cta,http://[::1]:4321/dubai,ACCEPT ALL,(javascript),,,0,,false,false,false,,,true
OK,,desktop,anchor,http://[::1]:4321/east-sussex,(no text),/,http://[::1]:4321/,http://[::1]:4321/,200,,false,false,false,,,true
OK,,desktop,anchor,http://[::1]:4321/east-sussex,OUR STORY,/our-story,http://[::1]:4321/our-story,http://[::1]:4321/our-story,200,,false,false,false,,,true
OK,,desktop,anchor,http://[::1]:4321/east-sussex,THE EXPERIENCE,/the-experience,http://[::1]:4321/the-experience,http://[::1]:4321/the-experience,200,,false,false,false,,,true
OK,,desktop,anchor,http://[::1]:4321/east-sussex,MENORCA,https://menorca.cspadel.com/,https://menorca.cspadel.com/,https://menorca.cspadel.com/,200,,false,false,true,,,true
OK,,desktop,anchor,http://[::1]:4321/east-sussex,UK (EAST SUSSEX),/east-sussex,http://[::1]:4321/east-sussex,http://[::1]:4321/east-sussex,200,,false,false,false,,,true
OK,,desktop,anchor,http://[::1]:4321/east-sussex,BALI,/bali,http://[::1]:4321/bali,http://[::1]:4321/bali,200,,false,false,false,,,true
OK,,desktop,anchor,http://[::1]:4321/east-sussex,DUBAI,/dubai,http://[::1]:4321/dubai,http://[::1]:4321/dubai,200,,false,false,false,,,true
OK,,desktop,anchor,http://[::1]:4321/east-sussex,UPCOMING RETREATS,/upcoming-retreats,http://[::1]:4321/upcoming-retreats,http://[::1]:4321/upcoming-retreats,200,,false,false,false,,,true
OK,,desktop,anchor,http://[::1]:4321/east-sussex,Courtside Padel on Instagram,https://www.instagram.com/padelcourtside/,https://www.instagram.com/padelcourtside/,https://www.instagram.com/padelcourtside/,200,,false,false,true,_blank,noopener noreferrer,true
OK,,desktop,anchor,http://[::1]:4321/east-sussex,Courtside Padel on LinkedIn,https://www.linkedin.com/company/https-cspadel.com-/,https://www.linkedin.com/company/https-cspadel.com-/,https://www.linkedin.com/company/https-cspadel.com-/,200,,false,false,true,_blank,noopener noreferrer,true
OK,,desktop,anchor,http://[::1]:4321/east-sussex,Menorca,https://menorca.cspadel.com/,https://menorca.cspadel.com/,https://menorca.cspadel.com/,200,,false,false,true,,,true
OK,,desktop,anchor,http://[::1]:4321/east-sussex,UK (East Sussex),/east-sussex,http://[::1]:4321/east-sussex,http://[::1]:4321/east-sussex,200,,false,false,false,,,true
OK,,desktop,anchor,http://[::1]:4321/east-sussex,Bali,/bali,http://[::1]:4321/bali,http://[::1]:4321/bali,200,,false,false,false,,,true
OK,,desktop,anchor,http://[::1]:4321/east-sussex,Dubai,/dubai,http://[::1]:4321/dubai,http://[::1]:4321/dubai,200,,false,false,false,,,true
OK,,desktop,anchor,http://[::1]:4321/east-sussex,UPCOMING RETREATS,/upcoming-retreats,http://[::1]:4321/upcoming-retreats,http://[::1]:4321/upcoming-retreats,200,,false,false,false,,,true
OK,,desktop,anchor,http://[::1]:4321/east-sussex,Our Story,/our-story,http://[::1]:4321/our-story,http://[::1]:4321/our-story,200,,false,false,false,,,true
OK,,desktop,anchor,http://[::1]:4321/east-sussex,The Experience,/the-experience,http://[::1]:4321/the-experience,http://[::1]:4321/the-experience,200,,false,false,false,,,true
OK,,desktop,anchor,http://[::1]:4321/east-sussex,Corporate & Executive,/executive-retreat,http://[::1]:4321/executive-retreat,http://[::1]:4321/executive-retreat,200,,false,false,false,,,true
INFO,Intentional redirector (messaging deep link),desktop,anchor,http://[::1]:4321/east-sussex,WhatsApp Concierge,https://wa.me/447786694723?text=Hello%2C%20I'd%20like%20to%20enquire%20about%20a%20Courtside%20Padel%20retreat.,https://wa.me/447786694723?text=Hello%2C%20I%27d%20like%20to%20enquire%20about%20a%20Courtside%20Padel%20retreat.,/send/?phone=447786694723&amp,200,,false,true,true,_blank,noopener noreferrer,true
INFO,mailto: link (not fetched),desktop,anchor,http://[::1]:4321/east-sussex,awatelet@cspadel.com,mailto:awatelet@cspadel.com,mailto:awatelet@cspadel.com,,0,,false,false,false,,,true
INFO,Intentional redirector (messaging deep link),desktop,anchor,http://[::1]:4321/east-sussex,MESSAGE THE TEAM,https://wa.me/447786694723?text=Hello%2C%20I'd%20like%20to%20enquire%20about%20a%20Courtside%20Padel%20retreat.,https://wa.me/447786694723?text=Hello%2C%20I%27d%20like%20to%20enquire%20about%20a%20Courtside%20Padel%20retreat.,/send/?phone=447786694723&amp,200,,false,true,true,_blank,noopener noreferrer,true
OK,,desktop,anchor,http://[::1]:4321/east-sussex,Privacy Policy,/legal/privacy-policy,http://[::1]:4321/legal/privacy-policy,http://[::1]:4321/legal/privacy-policy,200,,false,false,false,,,true
OK,,desktop,anchor,http://[::1]:4321/east-sussex,Terms of Service,/legal/terms-and-conditions,http://[::1]:4321/legal/terms-and-conditions,http://[::1]:4321/legal/terms-and-conditions,200,,false,false,false,,,true
OK,,desktop,anchor,http://[::1]:4321/east-sussex,Cookie Policy,/cookies,http://[::1]:4321/cookies,http://[::1]:4321/cookies,200,,false,false,false,,,true
OK,,desktop,anchor,http://[::1]:4321/east-sussex,Learn more,/cookies,http://[::1]:4321/cookies,http://[::1]:4321/cookies,200,,false,false,false,,,true
INFO,Intentional redirector (messaging deep link),desktop,anchor,http://[::1]:4321/east-sussex,CHAT WITH US,https://wa.me/447786694723?text=Hello%2C%20I'd%20like%20to%20speak%20with%20the%20Courtside%20team.,https://wa.me/447786694723?text=Hello%2C%20I%27d%20like%20to%20speak%20with%20the%20Courtside%20team.,/send/?phone=447786694723&amp,200,,false,true,true,_blank,noopener noreferrer,true
INFO,JS-driven CTA — verify behaviour manually (opens modal / drawer),desktop,js-cta,http://[::1]:4321/east-sussex,DESTINATIONS,(javascript),,,0,,false,false,false,,,true
INFO,JS-driven CTA — verify behaviour manually (opens modal / drawer),desktop,js-cta,http://[::1]:4321/east-sussex,EN,(javascript),,,0,,false,false,false,,,true
INFO,JS-driven CTA — verify behaviour manually (opens modal / drawer),desktop,js-cta,http://[::1]:4321/east-sussex,ES,(javascript),,,0,,false,false,false,,,true
INFO,JS-driven CTA — verify behaviour manually (opens modal / drawer),desktop,js-cta,http://[::1]:4321/east-sussex,FR,(javascript),,,0,,false,false,false,,,true
INFO,JS-driven CTA — verify behaviour manually (opens modal / drawer),desktop,js-cta,http://[::1]:4321/east-sussex,Previous images,(javascript),,,0,,false,false,false,,,true
INFO,JS-driven CTA — verify behaviour manually (opens modal / drawer),desktop,js-cta,http://[::1]:4321/east-sussex,Next images,(javascript),,,0,,false,false,false,,,true
INFO,JS-driven CTA — verify behaviour manually (opens modal / drawer),desktop,js-cta,http://[::1]:4321/east-sussex,ENQUIRE ABOUT EAST SUSSEX,(javascript),,,0,,false,false,false,,,true
INFO,JS-driven CTA — verify behaviour manually (opens modal / drawer),desktop,js-cta,http://[::1]:4321/east-sussex,REJECT NON-ESSENTIAL,(javascript),,,0,,false,false,false,,,true
INFO,JS-driven CTA — verify behaviour manually (opens modal / drawer),desktop,js-cta,http://[::1]:4321/east-sussex,ACCEPT ALL,(javascript),,,0,,false,false,false,,,true
OK,,desktop,anchor,http://[::1]:4321/legal/privacy-policy,(no text),/,http://[::1]:4321/,http://[::1]:4321/,200,,false,false,false,,,true
OK,,desktop,anchor,http://[::1]:4321/legal/privacy-policy,OUR STORY,/our-story,http://[::1]:4321/our-story,http://[::1]:4321/our-story,200,,false,false,false,,,true
OK,,desktop,anchor,http://[::1]:4321/legal/privacy-policy,THE EXPERIENCE,/the-experience,http://[::1]:4321/the-experience,http://[::1]:4321/the-experience,200,,false,false,false,,,true
OK,,desktop,anchor,http://[::1]:4321/legal/privacy-policy,MENORCA,https://menorca.cspadel.com/,https://menorca.cspadel.com/,https://menorca.cspadel.com/,200,,false,false,true,,,true
OK,,desktop,anchor,http://[::1]:4321/legal/privacy-policy,UK (EAST SUSSEX),/east-sussex,http://[::1]:4321/east-sussex,http://[::1]:4321/east-sussex,200,,false,false,false,,,true
OK,,desktop,anchor,http://[::1]:4321/legal/privacy-policy,BALI,/bali,http://[::1]:4321/bali,http://[::1]:4321/bali,200,,false,false,false,,,true
OK,,desktop,anchor,http://[::1]:4321/legal/privacy-policy,DUBAI,/dubai,http://[::1]:4321/dubai,http://[::1]:4321/dubai,200,,false,false,false,,,true
OK,,desktop,anchor,http://[::1]:4321/legal/privacy-policy,UPCOMING RETREATS,/upcoming-retreats,http://[::1]:4321/upcoming-retreats,http://[::1]:4321/upcoming-retreats,200,,false,false,false,,,true
INFO,mailto: link (not fetched),desktop,anchor,http://[::1]:4321/legal/privacy-policy,awatelet@cspadel.com,mailto:awatelet@cspadel.com,mailto:awatelet@cspadel.com,,0,,false,false,false,,,true
INFO,mailto: link (not fetched),desktop,anchor,http://[::1]:4321/legal/privacy-policy,awatelet@cspadel.com,mailto:awatelet@cspadel.com,mailto:awatelet@cspadel.com,,0,,false,false,false,,,true
OK,,desktop,anchor,http://[::1]:4321/legal/privacy-policy,ico.org.uk,https://ico.org.uk,https://ico.org.uk/,https://ico.org.uk/,200,,false,false,true,_blank,noopener noreferrer,true
OK,,desktop,anchor,http://[::1]:4321/legal/privacy-policy,Cookie Policy,/cookies,http://[::1]:4321/cookies,http://[::1]:4321/cookies,200,,false,false,false,,,true
INFO,mailto: link (not fetched),desktop,anchor,http://[::1]:4321/legal/privacy-policy,awatelet@cspadel.com,mailto:awatelet@cspadel.com,mailto:awatelet@cspadel.com,,0,,false,false,false,,,true
OK,,desktop,anchor,http://[::1]:4321/legal/privacy-policy,Courtside Padel on Instagram,https://www.instagram.com/padelcourtside/,https://www.instagram.com/padelcourtside/,https://www.instagram.com/padelcourtside/,200,,false,false,true,_blank,noopener noreferrer,true
OK,,desktop,anchor,http://[::1]:4321/legal/privacy-policy,Courtside Padel on LinkedIn,https://www.linkedin.com/company/https-cspadel.com-/,https://www.linkedin.com/company/https-cspadel.com-/,https://www.linkedin.com/company/https-cspadel.com-/,200,,false,false,true,_blank,noopener noreferrer,true
OK,,desktop,anchor,http://[::1]:4321/legal/privacy-policy,Menorca,https://menorca.cspadel.com/,https://menorca.cspadel.com/,https://menorca.cspadel.com/,200,,false,false,true,,,true
OK,,desktop,anchor,http://[::1]:4321/legal/privacy-policy,UK (East Sussex),/east-sussex,http://[::1]:4321/east-sussex,http://[::1]:4321/east-sussex,200,,false,false,false,,,true
OK,,desktop,anchor,http://[::1]:4321/legal/privacy-policy,Bali,/bali,http://[::1]:4321/bali,http://[::1]:4321/bali,200,,false,false,false,,,true
OK,,desktop,anchor,http://[::1]:4321/legal/privacy-policy,Dubai,/dubai,http://[::1]:4321/dubai,http://[::1]:4321/dubai,200,,false,false,false,,,true
OK,,desktop,anchor,http://[::1]:4321/legal/privacy-policy,UPCOMING RETREATS,/upcoming-retreats,http://[::1]:4321/upcoming-retreats,http://[::1]:4321/upcoming-retreats,200,,false,false,false,,,true
OK,,desktop,anchor,http://[::1]:4321/legal/privacy-policy,Our Story,/our-story,http://[::1]:4321/our-story,http://[::1]:4321/our-story,200,,false,false,false,,,true
OK,,desktop,anchor,http://[::1]:4321/legal/privacy-policy,The Experience,/the-experience,http://[::1]:4321/the-experience,http://[::1]:4321/the-experience,200,,false,false,false,,,true
OK,,desktop,anchor,http://[::1]:4321/legal/privacy-policy,Corporate & Executive,/executive-retreat,http://[::1]:4321/executive-retreat,http://[::1]:4321/executive-retreat,200,,false,false,false,,,true
INFO,Intentional redirector (messaging deep link),desktop,anchor,http://[::1]:4321/legal/privacy-policy,WhatsApp Concierge,https://wa.me/447786694723?text=Hello%2C%20I'd%20like%20to%20enquire%20about%20a%20Courtside%20Padel%20retreat.,https://wa.me/447786694723?text=Hello%2C%20I%27d%20like%20to%20enquire%20about%20a%20Courtside%20Padel%20retreat.,/send/?phone=447786694723&amp,200,,false,true,true,_blank,noopener noreferrer,true
INFO,mailto: link (not fetched),desktop,anchor,http://[::1]:4321/legal/privacy-policy,awatelet@cspadel.com,mailto:awatelet@cspadel.com,mailto:awatelet@cspadel.com,,0,,false,false,false,,,true
INFO,Intentional redirector (messaging deep link),desktop,anchor,http://[::1]:4321/legal/privacy-policy,MESSAGE THE TEAM,https://wa.me/447786694723?text=Hello%2C%20I'd%20like%20to%20enquire%20about%20a%20Courtside%20Padel%20retreat.,https://wa.me/447786694723?text=Hello%2C%20I%27d%20like%20to%20enquire%20about%20a%20Courtside%20Padel%20retreat.,/send/?phone=447786694723&amp,200,,false,true,true,_blank,noopener noreferrer,true
OK,,desktop,anchor,http://[::1]:4321/legal/privacy-policy,Privacy Policy,/legal/privacy-policy,http://[::1]:4321/legal/privacy-policy,http://[::1]:4321/legal/privacy-policy,200,,false,false,false,,,true
OK,,desktop,anchor,http://[::1]:4321/legal/privacy-policy,Terms of Service,/legal/terms-and-conditions,http://[::1]:4321/legal/terms-and-conditions,http://[::1]:4321/legal/terms-and-conditions,200,,false,false,false,,,true
OK,,desktop,anchor,http://[::1]:4321/legal/privacy-policy,Cookie Policy,/cookies,http://[::1]:4321/cookies,http://[::1]:4321/cookies,200,,false,false,false,,,true
OK,,desktop,anchor,http://[::1]:4321/legal/privacy-policy,Learn more,/cookies,http://[::1]:4321/cookies,http://[::1]:4321/cookies,200,,false,false,false,,,true
INFO,Intentional redirector (messaging deep link),desktop,anchor,http://[::1]:4321/legal/privacy-policy,CHAT WITH US,https://wa.me/447786694723?text=Hello%2C%20I'd%20like%20to%20speak%20with%20the%20Courtside%20team.,https://wa.me/447786694723?text=Hello%2C%20I%27d%20like%20to%20speak%20with%20the%20Courtside%20team.,/send/?phone=447786694723&amp,200,,false,true,true,_blank,noopener noreferrer,true
INFO,JS-driven CTA — verify behaviour manually (opens modal / drawer),desktop,js-cta,http://[::1]:4321/legal/privacy-policy,DESTINATIONS,(javascript),,,0,,false,false,false,,,true
INFO,JS-driven CTA — verify behaviour manually (opens modal / drawer),desktop,js-cta,http://[::1]:4321/legal/privacy-policy,EN,(javascript),,,0,,false,false,false,,,true
INFO,JS-driven CTA — verify behaviour manually (opens modal / drawer),desktop,js-cta,http://[::1]:4321/legal/privacy-policy,ES,(javascript),,,0,,false,false,false,,,true
INFO,JS-driven CTA — verify behaviour manually (opens modal / drawer),desktop,js-cta,http://[::1]:4321/legal/privacy-policy,FR,(javascript),,,0,,false,false,false,,,true
INFO,JS-driven CTA — verify behaviour manually (opens modal / drawer),desktop,js-cta,http://[::1]:4321/legal/privacy-policy,REJECT NON-ESSENTIAL,(javascript),,,0,,false,false,false,,,true
INFO,JS-driven CTA — verify behaviour manually (opens modal / drawer),desktop,js-cta,http://[::1]:4321/legal/privacy-policy,ACCEPT ALL,(javascript),,,0,,false,false,false,,,true
OK,,desktop,anchor,http://[::1]:4321/legal/terms-and-conditions,(no text),/,http://[::1]:4321/,http://[::1]:4321/,200,,false,false,false,,,true
OK,,desktop,anchor,http://[::1]:4321/legal/terms-and-conditions,OUR STORY,/our-story,http://[::1]:4321/our-story,http://[::1]:4321/our-story,200,,false,false,false,,,true
OK,,desktop,anchor,http://[::1]:4321/legal/terms-and-conditions,THE EXPERIENCE,/the-experience,http://[::1]:4321/the-experience,http://[::1]:4321/the-experience,200,,false,false,false,,,true
OK,,desktop,anchor,http://[::1]:4321/legal/terms-and-conditions,MENORCA,https://menorca.cspadel.com/,https://menorca.cspadel.com/,https://menorca.cspadel.com/,200,,false,false,true,,,true
OK,,desktop,anchor,http://[::1]:4321/legal/terms-and-conditions,UK (EAST SUSSEX),/east-sussex,http://[::1]:4321/east-sussex,http://[::1]:4321/east-sussex,200,,false,false,false,,,true
OK,,desktop,anchor,http://[::1]:4321/legal/terms-and-conditions,BALI,/bali,http://[::1]:4321/bali,http://[::1]:4321/bali,200,,false,false,false,,,true
OK,,desktop,anchor,http://[::1]:4321/legal/terms-and-conditions,DUBAI,/dubai,http://[::1]:4321/dubai,http://[::1]:4321/dubai,200,,false,false,false,,,true
OK,,desktop,anchor,http://[::1]:4321/legal/terms-and-conditions,UPCOMING RETREATS,/upcoming-retreats,http://[::1]:4321/upcoming-retreats,http://[::1]:4321/upcoming-retreats,200,,false,false,false,,,true
INFO,mailto: link (not fetched),desktop,anchor,http://[::1]:4321/legal/terms-and-conditions,awatelet@cspadel.com,mailto:awatelet@cspadel.com,mailto:awatelet@cspadel.com,,0,,false,false,false,,,true
OK,,desktop,anchor,http://[::1]:4321/legal/terms-and-conditions,Privacy Policy,/legal/privacy-policy,http://[::1]:4321/legal/privacy-policy,http://[::1]:4321/legal/privacy-policy,200,,false,false,false,,,true
INFO,mailto: link (not fetched),desktop,anchor,http://[::1]:4321/legal/terms-and-conditions,awatelet@cspadel.com,mailto:awatelet@cspadel.com,mailto:awatelet@cspadel.com,,0,,false,false,false,,,true
OK,,desktop,anchor,http://[::1]:4321/legal/terms-and-conditions,Courtside Padel on Instagram,https://www.instagram.com/padelcourtside/,https://www.instagram.com/padelcourtside/,https://www.instagram.com/padelcourtside/,200,,false,false,true,_blank,noopener noreferrer,true
OK,,desktop,anchor,http://[::1]:4321/legal/terms-and-conditions,Courtside Padel on LinkedIn,https://www.linkedin.com/company/https-cspadel.com-/,https://www.linkedin.com/company/https-cspadel.com-/,https://www.linkedin.com/company/https-cspadel.com-/,200,,false,false,true,_blank,noopener noreferrer,true
OK,,desktop,anchor,http://[::1]:4321/legal/terms-and-conditions,Menorca,https://menorca.cspadel.com/,https://menorca.cspadel.com/,https://menorca.cspadel.com/,200,,false,false,true,,,true
OK,,desktop,anchor,http://[::1]:4321/legal/terms-and-conditions,UK (East Sussex),/east-sussex,http://[::1]:4321/east-sussex,http://[::1]:4321/east-sussex,200,,false,false,false,,,true
OK,,desktop,anchor,http://[::1]:4321/legal/terms-and-conditions,Bali,/bali,http://[::1]:4321/bali,http://[::1]:4321/bali,200,,false,false,false,,,true
OK,,desktop,anchor,http://[::1]:4321/legal/terms-and-conditions,Dubai,/dubai,http://[::1]:4321/dubai,http://[::1]:4321/dubai,200,,false,false,false,,,true
OK,,desktop,anchor,http://[::1]:4321/legal/terms-and-conditions,UPCOMING RETREATS,/upcoming-retreats,http://[::1]:4321/upcoming-retreats,http://[::1]:4321/upcoming-retreats,200,,false,false,false,,,true
OK,,desktop,anchor,http://[::1]:4321/legal/terms-and-conditions,Our Story,/our-story,http://[::1]:4321/our-story,http://[::1]:4321/our-story,200,,false,false,false,,,true
OK,,desktop,anchor,http://[::1]:4321/legal/terms-and-conditions,The Experience,/the-experience,http://[::1]:4321/the-experience,http://[::1]:4321/the-experience,200,,false,false,false,,,true
OK,,desktop,anchor,http://[::1]:4321/legal/terms-and-conditions,Corporate & Executive,/executive-retreat,http://[::1]:4321/executive-retreat,http://[::1]:4321/executive-retreat,200,,false,false,false,,,true
INFO,Intentional redirector (messaging deep link),desktop,anchor,http://[::1]:4321/legal/terms-and-conditions,WhatsApp Concierge,https://wa.me/447786694723?text=Hello%2C%20I'd%20like%20to%20enquire%20about%20a%20Courtside%20Padel%20retreat.,https://wa.me/447786694723?text=Hello%2C%20I%27d%20like%20to%20enquire%20about%20a%20Courtside%20Padel%20retreat.,/send/?phone=447786694723&amp,200,,false,true,true,_blank,noopener noreferrer,true
INFO,mailto: link (not fetched),desktop,anchor,http://[::1]:4321/legal/terms-and-conditions,awatelet@cspadel.com,mailto:awatelet@cspadel.com,mailto:awatelet@cspadel.com,,0,,false,false,false,,,true
INFO,Intentional redirector (messaging deep link),desktop,anchor,http://[::1]:4321/legal/terms-and-conditions,MESSAGE THE TEAM,https://wa.me/447786694723?text=Hello%2C%20I'd%20like%20to%20enquire%20about%20a%20Courtside%20Padel%20retreat.,https://wa.me/447786694723?text=Hello%2C%20I%27d%20like%20to%20enquire%20about%20a%20Courtside%20Padel%20retreat.,/send/?phone=447786694723&amp,200,,false,true,true,_blank,noopener noreferrer,true
OK,,desktop,anchor,http://[::1]:4321/legal/terms-and-conditions,Privacy Policy,/legal/privacy-policy,http://[::1]:4321/legal/privacy-policy,http://[::1]:4321/legal/privacy-policy,200,,false,false,false,,,true
OK,,desktop,anchor,http://[::1]:4321/legal/terms-and-conditions,Terms of Service,/legal/terms-and-conditions,http://[::1]:4321/legal/terms-and-conditions,http://[::1]:4321/legal/terms-and-conditions,200,,false,false,false,,,true
OK,,desktop,anchor,http://[::1]:4321/legal/terms-and-conditions,Cookie Policy,/cookies,http://[::1]:4321/cookies,http://[::1]:4321/cookies,200,,false,false,false,,,true
OK,,desktop,anchor,http://[::1]:4321/legal/terms-and-conditions,Learn more,/cookies,http://[::1]:4321/cookies,http://[::1]:4321/cookies,200,,false,false,false,,,true
INFO,Intentional redirector (messaging deep link),desktop,anchor,http://[::1]:4321/legal/terms-and-conditions,CHAT WITH US,https://wa.me/447786694723?text=Hello%2C%20I'd%20like%20to%20speak%20with%20the%20Courtside%20team.,https://wa.me/447786694723?text=Hello%2C%20I%27d%20like%20to%20speak%20with%20the%20Courtside%20team.,/send/?phone=447786694723&amp,200,,false,true,true,_blank,noopener noreferrer,true
INFO,JS-driven CTA — verify behaviour manually (opens modal / drawer),desktop,js-cta,http://[::1]:4321/legal/terms-and-conditions,DESTINATIONS,(javascript),,,0,,false,false,false,,,true
INFO,JS-driven CTA — verify behaviour manually (opens modal / drawer),desktop,js-cta,http://[::1]:4321/legal/terms-and-conditions,EN,(javascript),,,0,,false,false,false,,,true
INFO,JS-driven CTA — verify behaviour manually (opens modal / drawer),desktop,js-cta,http://[::1]:4321/legal/terms-and-conditions,ES,(javascript),,,0,,false,false,false,,,true
INFO,JS-driven CTA — verify behaviour manually (opens modal / drawer),desktop,js-cta,http://[::1]:4321/legal/terms-and-conditions,FR,(javascript),,,0,,false,false,false,,,true
INFO,JS-driven CTA — verify behaviour manually (opens modal / drawer),desktop,js-cta,http://[::1]:4321/legal/terms-and-conditions,REJECT NON-ESSENTIAL,(javascript),,,0,,false,false,false,,,true
INFO,JS-driven CTA — verify behaviour manually (opens modal / drawer),desktop,js-cta,http://[::1]:4321/legal/terms-and-conditions,ACCEPT ALL,(javascript),,,0,,false,false,false,,,true
OK,,desktop,anchor,http://[::1]:4321/cookies,(no text),/,http://[::1]:4321/,http://[::1]:4321/,200,,false,false,false,,,true
OK,,desktop,anchor,http://[::1]:4321/cookies,OUR STORY,/our-story,http://[::1]:4321/our-story,http://[::1]:4321/our-story,200,,false,false,false,,,true
OK,,desktop,anchor,http://[::1]:4321/cookies,THE EXPERIENCE,/the-experience,http://[::1]:4321/the-experience,http://[::1]:4321/the-experience,200,,false,false,false,,,true
OK,,desktop,anchor,http://[::1]:4321/cookies,MENORCA,https://menorca.cspadel.com/,https://menorca.cspadel.com/,https://menorca.cspadel.com/,200,,false,false,true,,,true
OK,,desktop,anchor,http://[::1]:4321/cookies,UK (EAST SUSSEX),/east-sussex,http://[::1]:4321/east-sussex,http://[::1]:4321/east-sussex,200,,false,false,false,,,true
OK,,desktop,anchor,http://[::1]:4321/cookies,BALI,/bali,http://[::1]:4321/bali,http://[::1]:4321/bali,200,,false,false,false,,,true
OK,,desktop,anchor,http://[::1]:4321/cookies,DUBAI,/dubai,http://[::1]:4321/dubai,http://[::1]:4321/dubai,200,,false,false,false,,,true
OK,,desktop,anchor,http://[::1]:4321/cookies,UPCOMING RETREATS,/upcoming-retreats,http://[::1]:4321/upcoming-retreats,http://[::1]:4321/upcoming-retreats,200,,false,false,false,,,true
OK,,desktop,anchor,http://[::1]:4321/cookies,Courtside Padel on Instagram,https://www.instagram.com/padelcourtside/,https://www.instagram.com/padelcourtside/,https://www.instagram.com/padelcourtside/,200,,false,false,true,_blank,noopener noreferrer,true
OK,,desktop,anchor,http://[::1]:4321/cookies,Courtside Padel on LinkedIn,https://www.linkedin.com/company/https-cspadel.com-/,https://www.linkedin.com/company/https-cspadel.com-/,https://www.linkedin.com/company/https-cspadel.com-/,200,,false,false,true,_blank,noopener noreferrer,true
OK,,desktop,anchor,http://[::1]:4321/cookies,Menorca,https://menorca.cspadel.com/,https://menorca.cspadel.com/,https://menorca.cspadel.com/,200,,false,false,true,,,true
OK,,desktop,anchor,http://[::1]:4321/cookies,UK (East Sussex),/east-sussex,http://[::1]:4321/east-sussex,http://[::1]:4321/east-sussex,200,,false,false,false,,,true
OK,,desktop,anchor,http://[::1]:4321/cookies,Bali,/bali,http://[::1]:4321/bali,http://[::1]:4321/bali,200,,false,false,false,,,true
OK,,desktop,anchor,http://[::1]:4321/cookies,Dubai,/dubai,http://[::1]:4321/dubai,http://[::1]:4321/dubai,200,,false,false,false,,,true
OK,,desktop,anchor,http://[::1]:4321/cookies,UPCOMING RETREATS,/upcoming-retreats,http://[::1]:4321/upcoming-retreats,http://[::1]:4321/upcoming-retreats,200,,false,false,false,,,true
OK,,desktop,anchor,http://[::1]:4321/cookies,Our Story,/our-story,http://[::1]:4321/our-story,http://[::1]:4321/our-story,200,,false,false,false,,,true
OK,,desktop,anchor,http://[::1]:4321/cookies,The Experience,/the-experience,http://[::1]:4321/the-experience,http://[::1]:4321/the-experience,200,,false,false,false,,,true
OK,,desktop,anchor,http://[::1]:4321/cookies,Corporate & Executive,/executive-retreat,http://[::1]:4321/executive-retreat,http://[::1]:4321/executive-retreat,200,,false,false,false,,,true
INFO,Intentional redirector (messaging deep link),desktop,anchor,http://[::1]:4321/cookies,WhatsApp Concierge,https://wa.me/447786694723?text=Hello%2C%20I'd%20like%20to%20enquire%20about%20a%20Courtside%20Padel%20retreat.,https://wa.me/447786694723?text=Hello%2C%20I%27d%20like%20to%20enquire%20about%20a%20Courtside%20Padel%20retreat.,/send/?phone=447786694723&amp,200,,false,true,true,_blank,noopener noreferrer,true
INFO,mailto: link (not fetched),desktop,anchor,http://[::1]:4321/cookies,awatelet@cspadel.com,mailto:awatelet@cspadel.com,mailto:awatelet@cspadel.com,,0,,false,false,false,,,true
INFO,Intentional redirector (messaging deep link),desktop,anchor,http://[::1]:4321/cookies,MESSAGE THE TEAM,https://wa.me/447786694723?text=Hello%2C%20I'd%20like%20to%20enquire%20about%20a%20Courtside%20Padel%20retreat.,https://wa.me/447786694723?text=Hello%2C%20I%27d%20like%20to%20enquire%20about%20a%20Courtside%20Padel%20retreat.,/send/?phone=447786694723&amp,200,,false,true,true,_blank,noopener noreferrer,true
OK,,desktop,anchor,http://[::1]:4321/cookies,Privacy Policy,/legal/privacy-policy,http://[::1]:4321/legal/privacy-policy,http://[::1]:4321/legal/privacy-policy,200,,false,false,false,,,true
OK,,desktop,anchor,http://[::1]:4321/cookies,Terms of Service,/legal/terms-and-conditions,http://[::1]:4321/legal/terms-and-conditions,http://[::1]:4321/legal/terms-and-conditions,200,,false,false,false,,,true
OK,,desktop,anchor,http://[::1]:4321/cookies,Cookie Policy,/cookies,http://[::1]:4321/cookies,http://[::1]:4321/cookies,200,,false,false,false,,,true
OK,,desktop,anchor,http://[::1]:4321/cookies,Learn more,/cookies,http://[::1]:4321/cookies,http://[::1]:4321/cookies,200,,false,false,false,,,true
INFO,Intentional redirector (messaging deep link),desktop,anchor,http://[::1]:4321/cookies,CHAT WITH US,https://wa.me/447786694723?text=Hello%2C%20I'd%20like%20to%20speak%20with%20the%20Courtside%20team.,https://wa.me/447786694723?text=Hello%2C%20I%27d%20like%20to%20speak%20with%20the%20Courtside%20team.,/send/?phone=447786694723&amp,200,,false,true,true,_blank,noopener noreferrer,true
INFO,JS-driven CTA — verify behaviour manually (opens modal / drawer),desktop,js-cta,http://[::1]:4321/cookies,DESTINATIONS,(javascript),,,0,,false,false,false,,,true
INFO,JS-driven CTA — verify behaviour manually (opens modal / drawer),desktop,js-cta,http://[::1]:4321/cookies,EN,(javascript),,,0,,false,false,false,,,true
INFO,JS-driven CTA — verify behaviour manually (opens modal / drawer),desktop,js-cta,http://[::1]:4321/cookies,ES,(javascript),,,0,,false,false,false,,,true
INFO,JS-driven CTA — verify behaviour manually (opens modal / drawer),desktop,js-cta,http://[::1]:4321/cookies,FR,(javascript),,,0,,false,false,false,,,true
INFO,JS-driven CTA — verify behaviour manually (opens modal / drawer),desktop,js-cta,http://[::1]:4321/cookies,REJECT NON-ESSENTIAL,(javascript),,,0,,false,false,false,,,true
INFO,JS-driven CTA — verify behaviour manually (opens modal / drawer),desktop,js-cta,http://[::1]:4321/cookies,ACCEPT ALL,(javascript),,,0,,false,false,false,,,true
OK,,desktop,anchor,http://[::1]:4321/es/our-story,(no text),/es/,http://[::1]:4321/es/,http://[::1]:4321/es/,200,,false,false,false,,,true
OK,,desktop,anchor,http://[::1]:4321/es/our-story,NUESTRA HISTORIA,/es/our-story,http://[::1]:4321/es/our-story,http://[::1]:4321/es/our-story,200,,false,false,false,,,true
OK,,desktop,anchor,http://[::1]:4321/es/our-story,LA EXPERIENCIA,/es/the-experience,http://[::1]:4321/es/the-experience,http://[::1]:4321/es/the-experience,200,,false,false,false,,,true
OK,,desktop,anchor,http://[::1]:4321/es/our-story,MENORCA,https://menorca.cspadel.com/,https://menorca.cspadel.com/,https://menorca.cspadel.com/,200,,false,false,true,,,true
OK,,desktop,anchor,http://[::1]:4321/es/our-story,UK (EAST SUSSEX),/es/east-sussex,http://[::1]:4321/es/east-sussex,http://[::1]:4321/es/east-sussex,200,,false,false,false,,,true
OK,,desktop,anchor,http://[::1]:4321/es/our-story,BALI,/es/bali,http://[::1]:4321/es/bali,http://[::1]:4321/es/bali,200,,false,false,false,,,true
OK,,desktop,anchor,http://[::1]:4321/es/our-story,DUBÁI,/es/dubai,http://[::1]:4321/es/dubai,http://[::1]:4321/es/dubai,200,,false,false,false,,,true
OK,,desktop,anchor,http://[::1]:4321/es/our-story,PRÓXIMOS RETIROS,/es/upcoming-retreats,http://[::1]:4321/es/upcoming-retreats,http://[::1]:4321/es/upcoming-retreats,200,,false,false,false,,,true
OK,,desktop,anchor,http://[::1]:4321/es/our-story,Courtside Padel on Instagram,https://www.instagram.com/padelcourtside/,https://www.instagram.com/padelcourtside/,https://www.instagram.com/padelcourtside/,200,,false,false,true,_blank,noopener noreferrer,true
OK,,desktop,anchor,http://[::1]:4321/es/our-story,Courtside Padel on LinkedIn,https://www.linkedin.com/company/https-cspadel.com-/,https://www.linkedin.com/company/https-cspadel.com-/,https://www.linkedin.com/company/https-cspadel.com-/,200,,false,false,true,_blank,noopener noreferrer,true
OK,,desktop,anchor,http://[::1]:4321/es/our-story,Menorca,https://menorca.cspadel.com/,https://menorca.cspadel.com/,https://menorca.cspadel.com/,200,,false,false,true,,,true
OK,,desktop,anchor,http://[::1]:4321/es/our-story,UK (East Sussex),/es/east-sussex,http://[::1]:4321/es/east-sussex,http://[::1]:4321/es/east-sussex,200,,false,false,false,,,true
OK,,desktop,anchor,http://[::1]:4321/es/our-story,Bali,/es/bali,http://[::1]:4321/es/bali,http://[::1]:4321/es/bali,200,,false,false,false,,,true
OK,,desktop,anchor,http://[::1]:4321/es/our-story,Dubái,/es/dubai,http://[::1]:4321/es/dubai,http://[::1]:4321/es/dubai,200,,false,false,false,,,true
OK,,desktop,anchor,http://[::1]:4321/es/our-story,PRÓXIMOS RETIROS,/es/upcoming-retreats,http://[::1]:4321/es/upcoming-retreats,http://[::1]:4321/es/upcoming-retreats,200,,false,false,false,,,true
OK,,desktop,anchor,http://[::1]:4321/es/our-story,Nuestra Historia,/es/our-story,http://[::1]:4321/es/our-story,http://[::1]:4321/es/our-story,200,,false,false,false,,,true
OK,,desktop,anchor,http://[::1]:4321/es/our-story,La Experiencia,/es/the-experience,http://[::1]:4321/es/the-experience,http://[::1]:4321/es/the-experience,200,,false,false,false,,,true
OK,,desktop,anchor,http://[::1]:4321/es/our-story,Corporativo y Ejecutivo,/es/executive-retreat,http://[::1]:4321/es/executive-retreat,http://[::1]:4321/es/executive-retreat,200,,false,false,false,,,true
INFO,Intentional redirector (messaging deep link),desktop,anchor,http://[::1]:4321/es/our-story,Concierge por WhatsApp,https://wa.me/447786694723?text=Hola%2C%20me%20gustar%C3%ADa%20informarme%20sobre%20un%20retiro%20de%20Courtside%20Padel.,https://wa.me/447786694723?text=Hola%2C%20me%20gustar%C3%ADa%20informarme%20sobre%20un%20retiro%20de%20Courtside%20Padel.,/send/?phone=447786694723&amp,200,,false,true,true,_blank,noopener noreferrer,true
INFO,mailto: link (not fetched),desktop,anchor,http://[::1]:4321/es/our-story,awatelet@cspadel.com,mailto:awatelet@cspadel.com,mailto:awatelet@cspadel.com,,0,,false,false,false,,,true
INFO,Intentional redirector (messaging deep link),desktop,anchor,http://[::1]:4321/es/our-story,ESCRIBE AL EQUIPO,https://wa.me/447786694723?text=Hola%2C%20me%20gustar%C3%ADa%20informarme%20sobre%20un%20retiro%20de%20Courtside%20Padel.,https://wa.me/447786694723?text=Hola%2C%20me%20gustar%C3%ADa%20informarme%20sobre%20un%20retiro%20de%20Courtside%20Padel.,/send/?phone=447786694723&amp,200,,false,true,true,_blank,noopener noreferrer,true
OK,,desktop,anchor,http://[::1]:4321/es/our-story,Privacidad,/legal/privacy-policy,http://[::1]:4321/legal/privacy-policy,http://[::1]:4321/legal/privacy-policy,200,,false,false,false,,,true
OK,,desktop,anchor,http://[::1]:4321/es/our-story,Términos,/legal/terms-and-conditions,http://[::1]:4321/legal/terms-and-conditions,http://[::1]:4321/legal/terms-and-conditions,200,,false,false,false,,,true
OK,,desktop,anchor,http://[::1]:4321/es/our-story,Política de cookies,/es/cookies,http://[::1]:4321/es/cookies,http://[::1]:4321/es/cookies,200,,false,false,false,,,true
OK,,desktop,anchor,http://[::1]:4321/es/our-story,Más información,/es/cookies,http://[::1]:4321/es/cookies,http://[::1]:4321/es/cookies,200,,false,false,false,,,true
INFO,Intentional redirector (messaging deep link),desktop,anchor,http://[::1]:4321/es/our-story,ESCRÍBENOS,https://wa.me/447786694723?text=Hola%2C%20me%20gustar%C3%ADa%20hablar%20con%20el%20equipo%20de%20Courtside.,https://wa.me/447786694723?text=Hola%2C%20me%20gustar%C3%ADa%20hablar%20con%20el%20equipo%20de%20Courtside.,/send/?phone=447786694723&amp,200,,false,true,true,_blank,noopener noreferrer,true
INFO,JS-driven CTA — verify behaviour manually (opens modal / drawer),desktop,js-cta,http://[::1]:4321/es/our-story,DESTINOS,(javascript),,,0,,false,false,false,,,true
INFO,JS-driven CTA — verify behaviour manually (opens modal / drawer),desktop,js-cta,http://[::1]:4321/es/our-story,EN,(javascript),,,0,,false,false,false,,,true
INFO,JS-driven CTA — verify behaviour manually (opens modal / drawer),desktop,js-cta,http://[::1]:4321/es/our-story,ES,(javascript),,,0,,false,false,false,,,true
INFO,JS-driven CTA — verify behaviour manually (opens modal / drawer),desktop,js-cta,http://[::1]:4321/es/our-story,FR,(javascript),,,0,,false,false,false,,,true
INFO,JS-driven CTA — verify behaviour manually (opens modal / drawer),desktop,js-cta,http://[::1]:4321/es/our-story,CONSULTAR SOBRE UN RETIRO,(javascript),,,0,,false,false,false,,,true
INFO,JS-driven CTA — verify behaviour manually (opens modal / drawer),desktop,js-cta,http://[::1]:4321/es/our-story,RECHAZAR NO ESENCIALES,(javascript),,,0,,false,false,false,,,true
INFO,JS-driven CTA — verify behaviour manually (opens modal / drawer),desktop,js-cta,http://[::1]:4321/es/our-story,ACEPTAR TODAS,(javascript),,,0,,false,false,false,,,true
OK,,desktop,anchor,http://[::1]:4321/es/the-experience,(no text),/es/,http://[::1]:4321/es/,http://[::1]:4321/es/,200,,false,false,false,,,true
OK,,desktop,anchor,http://[::1]:4321/es/the-experience,NUESTRA HISTORIA,/es/our-story,http://[::1]:4321/es/our-story,http://[::1]:4321/es/our-story,200,,false,false,false,,,true
OK,,desktop,anchor,http://[::1]:4321/es/the-experience,LA EXPERIENCIA,/es/the-experience,http://[::1]:4321/es/the-experience,http://[::1]:4321/es/the-experience,200,,false,false,false,,,true
OK,,desktop,anchor,http://[::1]:4321/es/the-experience,MENORCA,https://menorca.cspadel.com/,https://menorca.cspadel.com/,https://menorca.cspadel.com/,200,,false,false,true,,,true
OK,,desktop,anchor,http://[::1]:4321/es/the-experience,UK (EAST SUSSEX),/es/east-sussex,http://[::1]:4321/es/east-sussex,http://[::1]:4321/es/east-sussex,200,,false,false,false,,,true
OK,,desktop,anchor,http://[::1]:4321/es/the-experience,BALI,/es/bali,http://[::1]:4321/es/bali,http://[::1]:4321/es/bali,200,,false,false,false,,,true
OK,,desktop,anchor,http://[::1]:4321/es/the-experience,DUBÁI,/es/dubai,http://[::1]:4321/es/dubai,http://[::1]:4321/es/dubai,200,,false,false,false,,,true
OK,,desktop,anchor,http://[::1]:4321/es/the-experience,PRÓXIMOS RETIROS,/es/upcoming-retreats,http://[::1]:4321/es/upcoming-retreats,http://[::1]:4321/es/upcoming-retreats,200,,false,false,false,,,true
OK,,desktop,anchor,http://[::1]:4321/es/the-experience,Courtside Padel on Instagram,https://www.instagram.com/padelcourtside/,https://www.instagram.com/padelcourtside/,https://www.instagram.com/padelcourtside/,200,,false,false,true,_blank,noopener noreferrer,true
OK,,desktop,anchor,http://[::1]:4321/es/the-experience,Courtside Padel on LinkedIn,https://www.linkedin.com/company/https-cspadel.com-/,https://www.linkedin.com/company/https-cspadel.com-/,https://www.linkedin.com/company/https-cspadel.com-/,200,,false,false,true,_blank,noopener noreferrer,true
OK,,desktop,anchor,http://[::1]:4321/es/the-experience,Menorca,https://menorca.cspadel.com/,https://menorca.cspadel.com/,https://menorca.cspadel.com/,200,,false,false,true,,,true
OK,,desktop,anchor,http://[::1]:4321/es/the-experience,UK (East Sussex),/es/east-sussex,http://[::1]:4321/es/east-sussex,http://[::1]:4321/es/east-sussex,200,,false,false,false,,,true
OK,,desktop,anchor,http://[::1]:4321/es/the-experience,Bali,/es/bali,http://[::1]:4321/es/bali,http://[::1]:4321/es/bali,200,,false,false,false,,,true
OK,,desktop,anchor,http://[::1]:4321/es/the-experience,Dubái,/es/dubai,http://[::1]:4321/es/dubai,http://[::1]:4321/es/dubai,200,,false,false,false,,,true
OK,,desktop,anchor,http://[::1]:4321/es/the-experience,PRÓXIMOS RETIROS,/es/upcoming-retreats,http://[::1]:4321/es/upcoming-retreats,http://[::1]:4321/es/upcoming-retreats,200,,false,false,false,,,true
OK,,desktop,anchor,http://[::1]:4321/es/the-experience,Nuestra Historia,/es/our-story,http://[::1]:4321/es/our-story,http://[::1]:4321/es/our-story,200,,false,false,false,,,true
OK,,desktop,anchor,http://[::1]:4321/es/the-experience,La Experiencia,/es/the-experience,http://[::1]:4321/es/the-experience,http://[::1]:4321/es/the-experience,200,,false,false,false,,,true
OK,,desktop,anchor,http://[::1]:4321/es/the-experience,Corporativo y Ejecutivo,/es/executive-retreat,http://[::1]:4321/es/executive-retreat,http://[::1]:4321/es/executive-retreat,200,,false,false,false,,,true
INFO,Intentional redirector (messaging deep link),desktop,anchor,http://[::1]:4321/es/the-experience,Concierge por WhatsApp,https://wa.me/447786694723?text=Hola%2C%20me%20gustar%C3%ADa%20informarme%20sobre%20un%20retiro%20de%20Courtside%20Padel.,https://wa.me/447786694723?text=Hola%2C%20me%20gustar%C3%ADa%20informarme%20sobre%20un%20retiro%20de%20Courtside%20Padel.,/send/?phone=447786694723&amp,200,,false,true,true,_blank,noopener noreferrer,true
INFO,mailto: link (not fetched),desktop,anchor,http://[::1]:4321/es/the-experience,awatelet@cspadel.com,mailto:awatelet@cspadel.com,mailto:awatelet@cspadel.com,,0,,false,false,false,,,true
INFO,Intentional redirector (messaging deep link),desktop,anchor,http://[::1]:4321/es/the-experience,ESCRIBE AL EQUIPO,https://wa.me/447786694723?text=Hola%2C%20me%20gustar%C3%ADa%20informarme%20sobre%20un%20retiro%20de%20Courtside%20Padel.,https://wa.me/447786694723?text=Hola%2C%20me%20gustar%C3%ADa%20informarme%20sobre%20un%20retiro%20de%20Courtside%20Padel.,/send/?phone=447786694723&amp,200,,false,true,true,_blank,noopener noreferrer,true
OK,,desktop,anchor,http://[::1]:4321/es/the-experience,Privacidad,/legal/privacy-policy,http://[::1]:4321/legal/privacy-policy,http://[::1]:4321/legal/privacy-policy,200,,false,false,false,,,true
OK,,desktop,anchor,http://[::1]:4321/es/the-experience,Términos,/legal/terms-and-conditions,http://[::1]:4321/legal/terms-and-conditions,http://[::1]:4321/legal/terms-and-conditions,200,,false,false,false,,,true
OK,,desktop,anchor,http://[::1]:4321/es/the-experience,Política de cookies,/es/cookies,http://[::1]:4321/es/cookies,http://[::1]:4321/es/cookies,200,,false,false,false,,,true
OK,,desktop,anchor,http://[::1]:4321/es/the-experience,Más información,/es/cookies,http://[::1]:4321/es/cookies,http://[::1]:4321/es/cookies,200,,false,false,false,,,true
INFO,Intentional redirector (messaging deep link),desktop,anchor,http://[::1]:4321/es/the-experience,ESCRÍBENOS,https://wa.me/447786694723?text=Hola%2C%20me%20gustar%C3%ADa%20hablar%20con%20el%20equipo%20de%20Courtside.,https://wa.me/447786694723?text=Hola%2C%20me%20gustar%C3%ADa%20hablar%20con%20el%20equipo%20de%20Courtside.,/send/?phone=447786694723&amp,200,,false,true,true,_blank,noopener noreferrer,true
INFO,JS-driven CTA — verify behaviour manually (opens modal / drawer),desktop,js-cta,http://[::1]:4321/es/the-experience,DESTINOS,(javascript),,,0,,false,false,false,,,true
INFO,JS-driven CTA — verify behaviour manually (opens modal / drawer),desktop,js-cta,http://[::1]:4321/es/the-experience,EN,(javascript),,,0,,false,false,false,,,true
INFO,JS-driven CTA — verify behaviour manually (opens modal / drawer),desktop,js-cta,http://[::1]:4321/es/the-experience,ES,(javascript),,,0,,false,false,false,,,true
INFO,JS-driven CTA — verify behaviour manually (opens modal / drawer),desktop,js-cta,http://[::1]:4321/es/the-experience,FR,(javascript),,,0,,false,false,false,,,true
INFO,JS-driven CTA — verify behaviour manually (opens modal / drawer),desktop,js-cta,http://[::1]:4321/es/the-experience,CONSULTAR SOBRE UN RETIRO,(javascript),,,0,,false,false,false,,,true
INFO,JS-driven CTA — verify behaviour manually (opens modal / drawer),desktop,js-cta,http://[::1]:4321/es/the-experience,RECHAZAR NO ESENCIALES,(javascript),,,0,,false,false,false,,,true
INFO,JS-driven CTA — verify behaviour manually (opens modal / drawer),desktop,js-cta,http://[::1]:4321/es/the-experience,ACEPTAR TODAS,(javascript),,,0,,false,false,false,,,true
OK,,desktop,anchor,http://[::1]:4321/es/east-sussex,(no text),/es/,http://[::1]:4321/es/,http://[::1]:4321/es/,200,,false,false,false,,,true
OK,,desktop,anchor,http://[::1]:4321/es/east-sussex,NUESTRA HISTORIA,/es/our-story,http://[::1]:4321/es/our-story,http://[::1]:4321/es/our-story,200,,false,false,false,,,true
OK,,desktop,anchor,http://[::1]:4321/es/east-sussex,LA EXPERIENCIA,/es/the-experience,http://[::1]:4321/es/the-experience,http://[::1]:4321/es/the-experience,200,,false,false,false,,,true
OK,,desktop,anchor,http://[::1]:4321/es/east-sussex,MENORCA,https://menorca.cspadel.com/,https://menorca.cspadel.com/,https://menorca.cspadel.com/,200,,false,false,true,,,true
OK,,desktop,anchor,http://[::1]:4321/es/east-sussex,UK (EAST SUSSEX),/es/east-sussex,http://[::1]:4321/es/east-sussex,http://[::1]:4321/es/east-sussex,200,,false,false,false,,,true
OK,,desktop,anchor,http://[::1]:4321/es/east-sussex,BALI,/es/bali,http://[::1]:4321/es/bali,http://[::1]:4321/es/bali,200,,false,false,false,,,true
OK,,desktop,anchor,http://[::1]:4321/es/east-sussex,DUBÁI,/es/dubai,http://[::1]:4321/es/dubai,http://[::1]:4321/es/dubai,200,,false,false,false,,,true
OK,,desktop,anchor,http://[::1]:4321/es/east-sussex,PRÓXIMOS RETIROS,/es/upcoming-retreats,http://[::1]:4321/es/upcoming-retreats,http://[::1]:4321/es/upcoming-retreats,200,,false,false,false,,,true
OK,,desktop,anchor,http://[::1]:4321/es/east-sussex,Courtside Padel on Instagram,https://www.instagram.com/padelcourtside/,https://www.instagram.com/padelcourtside/,https://www.instagram.com/padelcourtside/,200,,false,false,true,_blank,noopener noreferrer,true
OK,,desktop,anchor,http://[::1]:4321/es/east-sussex,Courtside Padel on LinkedIn,https://www.linkedin.com/company/https-cspadel.com-/,https://www.linkedin.com/company/https-cspadel.com-/,https://www.linkedin.com/company/https-cspadel.com-/,200,,false,false,true,_blank,noopener noreferrer,true
OK,,desktop,anchor,http://[::1]:4321/es/east-sussex,Menorca,https://menorca.cspadel.com/,https://menorca.cspadel.com/,https://menorca.cspadel.com/,200,,false,false,true,,,true
OK,,desktop,anchor,http://[::1]:4321/es/east-sussex,UK (East Sussex),/es/east-sussex,http://[::1]:4321/es/east-sussex,http://[::1]:4321/es/east-sussex,200,,false,false,false,,,true
OK,,desktop,anchor,http://[::1]:4321/es/east-sussex,Bali,/es/bali,http://[::1]:4321/es/bali,http://[::1]:4321/es/bali,200,,false,false,false,,,true
OK,,desktop,anchor,http://[::1]:4321/es/east-sussex,Dubái,/es/dubai,http://[::1]:4321/es/dubai,http://[::1]:4321/es/dubai,200,,false,false,false,,,true
OK,,desktop,anchor,http://[::1]:4321/es/east-sussex,PRÓXIMOS RETIROS,/es/upcoming-retreats,http://[::1]:4321/es/upcoming-retreats,http://[::1]:4321/es/upcoming-retreats,200,,false,false,false,,,true
OK,,desktop,anchor,http://[::1]:4321/es/east-sussex,Nuestra Historia,/es/our-story,http://[::1]:4321/es/our-story,http://[::1]:4321/es/our-story,200,,false,false,false,,,true
OK,,desktop,anchor,http://[::1]:4321/es/east-sussex,La Experiencia,/es/the-experience,http://[::1]:4321/es/the-experience,http://[::1]:4321/es/the-experience,200,,false,false,false,,,true
OK,,desktop,anchor,http://[::1]:4321/es/east-sussex,Corporativo y Ejecutivo,/es/executive-retreat,http://[::1]:4321/es/executive-retreat,http://[::1]:4321/es/executive-retreat,200,,false,false,false,,,true
INFO,Intentional redirector (messaging deep link),desktop,anchor,http://[::1]:4321/es/east-sussex,Concierge por WhatsApp,https://wa.me/447786694723?text=Hola%2C%20me%20gustar%C3%ADa%20informarme%20sobre%20un%20retiro%20de%20Courtside%20Padel.,https://wa.me/447786694723?text=Hola%2C%20me%20gustar%C3%ADa%20informarme%20sobre%20un%20retiro%20de%20Courtside%20Padel.,/send/?phone=447786694723&amp,200,,false,true,true,_blank,noopener noreferrer,true
INFO,mailto: link (not fetched),desktop,anchor,http://[::1]:4321/es/east-sussex,awatelet@cspadel.com,mailto:awatelet@cspadel.com,mailto:awatelet@cspadel.com,,0,,false,false,false,,,true
INFO,Intentional redirector (messaging deep link),desktop,anchor,http://[::1]:4321/es/east-sussex,ESCRIBE AL EQUIPO,https://wa.me/447786694723?text=Hola%2C%20me%20gustar%C3%ADa%20informarme%20sobre%20un%20retiro%20de%20Courtside%20Padel.,https://wa.me/447786694723?text=Hola%2C%20me%20gustar%C3%ADa%20informarme%20sobre%20un%20retiro%20de%20Courtside%20Padel.,/send/?phone=447786694723&amp,200,,false,true,true,_blank,noopener noreferrer,true
OK,,desktop,anchor,http://[::1]:4321/es/east-sussex,Privacidad,/legal/privacy-policy,http://[::1]:4321/legal/privacy-policy,http://[::1]:4321/legal/privacy-policy,200,,false,false,false,,,true
OK,,desktop,anchor,http://[::1]:4321/es/east-sussex,Términos,/legal/terms-and-conditions,http://[::1]:4321/legal/terms-and-conditions,http://[::1]:4321/legal/terms-and-conditions,200,,false,false,false,,,true
OK,,desktop,anchor,http://[::1]:4321/es/east-sussex,Política de cookies,/es/cookies,http://[::1]:4321/es/cookies,http://[::1]:4321/es/cookies,200,,false,false,false,,,true
OK,,desktop,anchor,http://[::1]:4321/es/east-sussex,Más información,/es/cookies,http://[::1]:4321/es/cookies,http://[::1]:4321/es/cookies,200,,false,false,false,,,true
INFO,Intentional redirector (messaging deep link),desktop,anchor,http://[::1]:4321/es/east-sussex,ESCRÍBENOS,https://wa.me/447786694723?text=Hola%2C%20me%20gustar%C3%ADa%20hablar%20con%20el%20equipo%20de%20Courtside.,https://wa.me/447786694723?text=Hola%2C%20me%20gustar%C3%ADa%20hablar%20con%20el%20equipo%20de%20Courtside.,/send/?phone=447786694723&amp,200,,false,true,true,_blank,noopener noreferrer,true
INFO,JS-driven CTA — verify behaviour manually (opens modal / drawer),desktop,js-cta,http://[::1]:4321/es/east-sussex,DESTINOS,(javascript),,,0,,false,false,false,,,true
INFO,JS-driven CTA — verify behaviour manually (opens modal / drawer),desktop,js-cta,http://[::1]:4321/es/east-sussex,EN,(javascript),,,0,,false,false,false,,,true
INFO,JS-driven CTA — verify behaviour manually (opens modal / drawer),desktop,js-cta,http://[::1]:4321/es/east-sussex,ES,(javascript),,,0,,false,false,false,,,true
INFO,JS-driven CTA — verify behaviour manually (opens modal / drawer),desktop,js-cta,http://[::1]:4321/es/east-sussex,FR,(javascript),,,0,,false,false,false,,,true
INFO,JS-driven CTA — verify behaviour manually (opens modal / drawer),desktop,js-cta,http://[::1]:4321/es/east-sussex,Imágenes anteriores,(javascript),,,0,,false,false,false,,,true
INFO,JS-driven CTA — verify behaviour manually (opens modal / drawer),desktop,js-cta,http://[::1]:4321/es/east-sussex,Imágenes siguientes,(javascript),,,0,,false,false,false,,,true
INFO,JS-driven CTA — verify behaviour manually (opens modal / drawer),desktop,js-cta,http://[::1]:4321/es/east-sussex,CONSULTA SOBRE EAST SUSSEX,(javascript),,,0,,false,false,false,,,true
INFO,JS-driven CTA — verify behaviour manually (opens modal / drawer),desktop,js-cta,http://[::1]:4321/es/east-sussex,RECHAZAR NO ESENCIALES,(javascript),,,0,,false,false,false,,,true
INFO,JS-driven CTA — verify behaviour manually (opens modal / drawer),desktop,js-cta,http://[::1]:4321/es/east-sussex,ACEPTAR TODAS,(javascript),,,0,,false,false,false,,,true
OK,,desktop,anchor,http://[::1]:4321/es/bali,(no text),/es/,http://[::1]:4321/es/,http://[::1]:4321/es/,200,,false,false,false,,,true
OK,,desktop,anchor,http://[::1]:4321/es/bali,NUESTRA HISTORIA,/es/our-story,http://[::1]:4321/es/our-story,http://[::1]:4321/es/our-story,200,,false,false,false,,,true
OK,,desktop,anchor,http://[::1]:4321/es/bali,LA EXPERIENCIA,/es/the-experience,http://[::1]:4321/es/the-experience,http://[::1]:4321/es/the-experience,200,,false,false,false,,,true
OK,,desktop,anchor,http://[::1]:4321/es/bali,MENORCA,https://menorca.cspadel.com/,https://menorca.cspadel.com/,https://menorca.cspadel.com/,200,,false,false,true,,,true
OK,,desktop,anchor,http://[::1]:4321/es/bali,UK (EAST SUSSEX),/es/east-sussex,http://[::1]:4321/es/east-sussex,http://[::1]:4321/es/east-sussex,200,,false,false,false,,,true
OK,,desktop,anchor,http://[::1]:4321/es/bali,BALI,/es/bali,http://[::1]:4321/es/bali,http://[::1]:4321/es/bali,200,,false,false,false,,,true
OK,,desktop,anchor,http://[::1]:4321/es/bali,DUBÁI,/es/dubai,http://[::1]:4321/es/dubai,http://[::1]:4321/es/dubai,200,,false,false,false,,,true
OK,,desktop,anchor,http://[::1]:4321/es/bali,PRÓXIMOS RETIROS,/es/upcoming-retreats,http://[::1]:4321/es/upcoming-retreats,http://[::1]:4321/es/upcoming-retreats,200,,false,false,false,,,true
OK,,desktop,anchor,http://[::1]:4321/es/bali,Courtside Padel on Instagram,https://www.instagram.com/padelcourtside/,https://www.instagram.com/padelcourtside/,https://www.instagram.com/padelcourtside/,200,,false,false,true,_blank,noopener noreferrer,true
OK,,desktop,anchor,http://[::1]:4321/es/bali,Courtside Padel on LinkedIn,https://www.linkedin.com/company/https-cspadel.com-/,https://www.linkedin.com/company/https-cspadel.com-/,https://www.linkedin.com/company/https-cspadel.com-/,200,,false,false,true,_blank,noopener noreferrer,true
OK,,desktop,anchor,http://[::1]:4321/es/bali,Menorca,https://menorca.cspadel.com/,https://menorca.cspadel.com/,https://menorca.cspadel.com/,200,,false,false,true,,,true
OK,,desktop,anchor,http://[::1]:4321/es/bali,UK (East Sussex),/es/east-sussex,http://[::1]:4321/es/east-sussex,http://[::1]:4321/es/east-sussex,200,,false,false,false,,,true
OK,,desktop,anchor,http://[::1]:4321/es/bali,Bali,/es/bali,http://[::1]:4321/es/bali,http://[::1]:4321/es/bali,200,,false,false,false,,,true
OK,,desktop,anchor,http://[::1]:4321/es/bali,Dubái,/es/dubai,http://[::1]:4321/es/dubai,http://[::1]:4321/es/dubai,200,,false,false,false,,,true
OK,,desktop,anchor,http://[::1]:4321/es/bali,PRÓXIMOS RETIROS,/es/upcoming-retreats,http://[::1]:4321/es/upcoming-retreats,http://[::1]:4321/es/upcoming-retreats,200,,false,false,false,,,true
OK,,desktop,anchor,http://[::1]:4321/es/bali,Nuestra Historia,/es/our-story,http://[::1]:4321/es/our-story,http://[::1]:4321/es/our-story,200,,false,false,false,,,true
OK,,desktop,anchor,http://[::1]:4321/es/bali,La Experiencia,/es/the-experience,http://[::1]:4321/es/the-experience,http://[::1]:4321/es/the-experience,200,,false,false,false,,,true
OK,,desktop,anchor,http://[::1]:4321/es/bali,Corporativo y Ejecutivo,/es/executive-retreat,http://[::1]:4321/es/executive-retreat,http://[::1]:4321/es/executive-retreat,200,,false,false,false,,,true
INFO,Intentional redirector (messaging deep link),desktop,anchor,http://[::1]:4321/es/bali,Concierge por WhatsApp,https://wa.me/447786694723?text=Hola%2C%20me%20gustar%C3%ADa%20informarme%20sobre%20un%20retiro%20de%20Courtside%20Padel.,https://wa.me/447786694723?text=Hola%2C%20me%20gustar%C3%ADa%20informarme%20sobre%20un%20retiro%20de%20Courtside%20Padel.,/send/?phone=447786694723&amp,200,,false,true,true,_blank,noopener noreferrer,true
INFO,mailto: link (not fetched),desktop,anchor,http://[::1]:4321/es/bali,awatelet@cspadel.com,mailto:awatelet@cspadel.com,mailto:awatelet@cspadel.com,,0,,false,false,false,,,true
INFO,Intentional redirector (messaging deep link),desktop,anchor,http://[::1]:4321/es/bali,ESCRIBE AL EQUIPO,https://wa.me/447786694723?text=Hola%2C%20me%20gustar%C3%ADa%20informarme%20sobre%20un%20retiro%20de%20Courtside%20Padel.,https://wa.me/447786694723?text=Hola%2C%20me%20gustar%C3%ADa%20informarme%20sobre%20un%20retiro%20de%20Courtside%20Padel.,/send/?phone=447786694723&amp,200,,false,true,true,_blank,noopener noreferrer,true
OK,,desktop,anchor,http://[::1]:4321/es/bali,Privacidad,/legal/privacy-policy,http://[::1]:4321/legal/privacy-policy,http://[::1]:4321/legal/privacy-policy,200,,false,false,false,,,true
OK,,desktop,anchor,http://[::1]:4321/es/bali,Términos,/legal/terms-and-conditions,http://[::1]:4321/legal/terms-and-conditions,http://[::1]:4321/legal/terms-and-conditions,200,,false,false,false,,,true
OK,,desktop,anchor,http://[::1]:4321/es/bali,Política de cookies,/es/cookies,http://[::1]:4321/es/cookies,http://[::1]:4321/es/cookies,200,,false,false,false,,,true
OK,,desktop,anchor,http://[::1]:4321/es/bali,Más información,/es/cookies,http://[::1]:4321/es/cookies,http://[::1]:4321/es/cookies,200,,false,false,false,,,true
INFO,Intentional redirector (messaging deep link),desktop,anchor,http://[::1]:4321/es/bali,ESCRÍBENOS,https://wa.me/447786694723?text=Hola%2C%20me%20gustar%C3%ADa%20hablar%20con%20el%20equipo%20de%20Courtside.,https://wa.me/447786694723?text=Hola%2C%20me%20gustar%C3%ADa%20hablar%20con%20el%20equipo%20de%20Courtside.,/send/?phone=447786694723&amp,200,,false,true,true,_blank,noopener noreferrer,true
INFO,JS-driven CTA — verify behaviour manually (opens modal / drawer),desktop,js-cta,http://[::1]:4321/es/bali,DESTINOS,(javascript),,,0,,false,false,false,,,true
INFO,JS-driven CTA — verify behaviour manually (opens modal / drawer),desktop,js-cta,http://[::1]:4321/es/bali,EN,(javascript),,,0,,false,false,false,,,true
INFO,JS-driven CTA — verify behaviour manually (opens modal / drawer),desktop,js-cta,http://[::1]:4321/es/bali,ES,(javascript),,,0,,false,false,false,,,true
INFO,JS-driven CTA — verify behaviour manually (opens modal / drawer),desktop,js-cta,http://[::1]:4321/es/bali,FR,(javascript),,,0,,false,false,false,,,true
INFO,JS-driven CTA — verify behaviour manually (opens modal / drawer),desktop,js-cta,http://[::1]:4321/es/bali,Imágenes anteriores,(javascript),,,0,,false,false,false,,,true
INFO,JS-driven CTA — verify behaviour manually (opens modal / drawer),desktop,js-cta,http://[::1]:4321/es/bali,Imágenes siguientes,(javascript),,,0,,false,false,false,,,true
INFO,JS-driven CTA — verify behaviour manually (opens modal / drawer),desktop,js-cta,http://[::1]:4321/es/bali,CONSULTA SOBRE BALI,(javascript),,,0,,false,false,false,,,true
INFO,JS-driven CTA — verify behaviour manually (opens modal / drawer),desktop,js-cta,http://[::1]:4321/es/bali,RECHAZAR NO ESENCIALES,(javascript),,,0,,false,false,false,,,true
INFO,JS-driven CTA — verify behaviour manually (opens modal / drawer),desktop,js-cta,http://[::1]:4321/es/bali,ACEPTAR TODAS,(javascript),,,0,,false,false,false,,,true
OK,,desktop,anchor,http://[::1]:4321/es/dubai,(no text),/es/,http://[::1]:4321/es/,http://[::1]:4321/es/,200,,false,false,false,,,true
OK,,desktop,anchor,http://[::1]:4321/es/dubai,NUESTRA HISTORIA,/es/our-story,http://[::1]:4321/es/our-story,http://[::1]:4321/es/our-story,200,,false,false,false,,,true
OK,,desktop,anchor,http://[::1]:4321/es/dubai,LA EXPERIENCIA,/es/the-experience,http://[::1]:4321/es/the-experience,http://[::1]:4321/es/the-experience,200,,false,false,false,,,true
OK,,desktop,anchor,http://[::1]:4321/es/dubai,MENORCA,https://menorca.cspadel.com/,https://menorca.cspadel.com/,https://menorca.cspadel.com/,200,,false,false,true,,,true
OK,,desktop,anchor,http://[::1]:4321/es/dubai,UK (EAST SUSSEX),/es/east-sussex,http://[::1]:4321/es/east-sussex,http://[::1]:4321/es/east-sussex,200,,false,false,false,,,true
OK,,desktop,anchor,http://[::1]:4321/es/dubai,BALI,/es/bali,http://[::1]:4321/es/bali,http://[::1]:4321/es/bali,200,,false,false,false,,,true
OK,,desktop,anchor,http://[::1]:4321/es/dubai,DUBÁI,/es/dubai,http://[::1]:4321/es/dubai,http://[::1]:4321/es/dubai,200,,false,false,false,,,true
OK,,desktop,anchor,http://[::1]:4321/es/dubai,PRÓXIMOS RETIROS,/es/upcoming-retreats,http://[::1]:4321/es/upcoming-retreats,http://[::1]:4321/es/upcoming-retreats,200,,false,false,false,,,true
OK,,desktop,anchor,http://[::1]:4321/es/dubai,Courtside Padel on Instagram,https://www.instagram.com/padelcourtside/,https://www.instagram.com/padelcourtside/,https://www.instagram.com/padelcourtside/,200,,false,false,true,_blank,noopener noreferrer,true
OK,,desktop,anchor,http://[::1]:4321/es/dubai,Courtside Padel on LinkedIn,https://www.linkedin.com/company/https-cspadel.com-/,https://www.linkedin.com/company/https-cspadel.com-/,https://www.linkedin.com/company/https-cspadel.com-/,200,,false,false,true,_blank,noopener noreferrer,true
OK,,desktop,anchor,http://[::1]:4321/es/dubai,Menorca,https://menorca.cspadel.com/,https://menorca.cspadel.com/,https://menorca.cspadel.com/,200,,false,false,true,,,true
OK,,desktop,anchor,http://[::1]:4321/es/dubai,UK (East Sussex),/es/east-sussex,http://[::1]:4321/es/east-sussex,http://[::1]:4321/es/east-sussex,200,,false,false,false,,,true
OK,,desktop,anchor,http://[::1]:4321/es/dubai,Bali,/es/bali,http://[::1]:4321/es/bali,http://[::1]:4321/es/bali,200,,false,false,false,,,true
OK,,desktop,anchor,http://[::1]:4321/es/dubai,Dubái,/es/dubai,http://[::1]:4321/es/dubai,http://[::1]:4321/es/dubai,200,,false,false,false,,,true
OK,,desktop,anchor,http://[::1]:4321/es/dubai,PRÓXIMOS RETIROS,/es/upcoming-retreats,http://[::1]:4321/es/upcoming-retreats,http://[::1]:4321/es/upcoming-retreats,200,,false,false,false,,,true
OK,,desktop,anchor,http://[::1]:4321/es/dubai,Nuestra Historia,/es/our-story,http://[::1]:4321/es/our-story,http://[::1]:4321/es/our-story,200,,false,false,false,,,true
OK,,desktop,anchor,http://[::1]:4321/es/dubai,La Experiencia,/es/the-experience,http://[::1]:4321/es/the-experience,http://[::1]:4321/es/the-experience,200,,false,false,false,,,true
OK,,desktop,anchor,http://[::1]:4321/es/dubai,Corporativo y Ejecutivo,/es/executive-retreat,http://[::1]:4321/es/executive-retreat,http://[::1]:4321/es/executive-retreat,200,,false,false,false,,,true
INFO,Intentional redirector (messaging deep link),desktop,anchor,http://[::1]:4321/es/dubai,Concierge por WhatsApp,https://wa.me/447786694723?text=Hola%2C%20me%20gustar%C3%ADa%20informarme%20sobre%20un%20retiro%20de%20Courtside%20Padel.,https://wa.me/447786694723?text=Hola%2C%20me%20gustar%C3%ADa%20informarme%20sobre%20un%20retiro%20de%20Courtside%20Padel.,/send/?phone=447786694723&amp,200,,false,true,true,_blank,noopener noreferrer,true
INFO,mailto: link (not fetched),desktop,anchor,http://[::1]:4321/es/dubai,awatelet@cspadel.com,mailto:awatelet@cspadel.com,mailto:awatelet@cspadel.com,,0,,false,false,false,,,true
INFO,Intentional redirector (messaging deep link),desktop,anchor,http://[::1]:4321/es/dubai,ESCRIBE AL EQUIPO,https://wa.me/447786694723?text=Hola%2C%20me%20gustar%C3%ADa%20informarme%20sobre%20un%20retiro%20de%20Courtside%20Padel.,https://wa.me/447786694723?text=Hola%2C%20me%20gustar%C3%ADa%20informarme%20sobre%20un%20retiro%20de%20Courtside%20Padel.,/send/?phone=447786694723&amp,200,,false,true,true,_blank,noopener noreferrer,true
OK,,desktop,anchor,http://[::1]:4321/es/dubai,Privacidad,/legal/privacy-policy,http://[::1]:4321/legal/privacy-policy,http://[::1]:4321/legal/privacy-policy,200,,false,false,false,,,true
OK,,desktop,anchor,http://[::1]:4321/es/dubai,Términos,/legal/terms-and-conditions,http://[::1]:4321/legal/terms-and-conditions,http://[::1]:4321/legal/terms-and-conditions,200,,false,false,false,,,true
OK,,desktop,anchor,http://[::1]:4321/es/dubai,Política de cookies,/es/cookies,http://[::1]:4321/es/cookies,http://[::1]:4321/es/cookies,200,,false,false,false,,,true
OK,,desktop,anchor,http://[::1]:4321/es/dubai,Más información,/es/cookies,http://[::1]:4321/es/cookies,http://[::1]:4321/es/cookies,200,,false,false,false,,,true
INFO,Intentional redirector (messaging deep link),desktop,anchor,http://[::1]:4321/es/dubai,ESCRÍBENOS,https://wa.me/447786694723?text=Hola%2C%20me%20gustar%C3%ADa%20hablar%20con%20el%20equipo%20de%20Courtside.,https://wa.me/447786694723?text=Hola%2C%20me%20gustar%C3%ADa%20hablar%20con%20el%20equipo%20de%20Courtside.,/send/?phone=447786694723&amp,200,,false,true,true,_blank,noopener noreferrer,true
INFO,JS-driven CTA — verify behaviour manually (opens modal / drawer),desktop,js-cta,http://[::1]:4321/es/dubai,DESTINOS,(javascript),,,0,,false,false,false,,,true
INFO,JS-driven CTA — verify behaviour manually (opens modal / drawer),desktop,js-cta,http://[::1]:4321/es/dubai,EN,(javascript),,,0,,false,false,false,,,true
INFO,JS-driven CTA — verify behaviour manually (opens modal / drawer),desktop,js-cta,http://[::1]:4321/es/dubai,ES,(javascript),,,0,,false,false,false,,,true
INFO,JS-driven CTA — verify behaviour manually (opens modal / drawer),desktop,js-cta,http://[::1]:4321/es/dubai,FR,(javascript),,,0,,false,false,false,,,true
INFO,JS-driven CTA — verify behaviour manually (opens modal / drawer),desktop,js-cta,http://[::1]:4321/es/dubai,CONTACTA CON NOSOTROS,(javascript),,,0,,false,false,false,,,true
INFO,JS-driven CTA — verify behaviour manually (opens modal / drawer),desktop,js-cta,http://[::1]:4321/es/dubai,RECHAZAR NO ESENCIALES,(javascript),,,0,,false,false,false,,,true
INFO,JS-driven CTA — verify behaviour manually (opens modal / drawer),desktop,js-cta,http://[::1]:4321/es/dubai,ACEPTAR TODAS,(javascript),,,0,,false,false,false,,,true
OK,,desktop,anchor,http://[::1]:4321/es/upcoming-retreats,(no text),/es/,http://[::1]:4321/es/,http://[::1]:4321/es/,200,,false,false,false,,,true
OK,,desktop,anchor,http://[::1]:4321/es/upcoming-retreats,NUESTRA HISTORIA,/es/our-story,http://[::1]:4321/es/our-story,http://[::1]:4321/es/our-story,200,,false,false,false,,,true
OK,,desktop,anchor,http://[::1]:4321/es/upcoming-retreats,LA EXPERIENCIA,/es/the-experience,http://[::1]:4321/es/the-experience,http://[::1]:4321/es/the-experience,200,,false,false,false,,,true
OK,,desktop,anchor,http://[::1]:4321/es/upcoming-retreats,MENORCA,https://menorca.cspadel.com/,https://menorca.cspadel.com/,https://menorca.cspadel.com/,200,,false,false,true,,,true
OK,,desktop,anchor,http://[::1]:4321/es/upcoming-retreats,UK (EAST SUSSEX),/es/east-sussex,http://[::1]:4321/es/east-sussex,http://[::1]:4321/es/east-sussex,200,,false,false,false,,,true
OK,,desktop,anchor,http://[::1]:4321/es/upcoming-retreats,BALI,/es/bali,http://[::1]:4321/es/bali,http://[::1]:4321/es/bali,200,,false,false,false,,,true
OK,,desktop,anchor,http://[::1]:4321/es/upcoming-retreats,DUBÁI,/es/dubai,http://[::1]:4321/es/dubai,http://[::1]:4321/es/dubai,200,,false,false,false,,,true
OK,,desktop,anchor,http://[::1]:4321/es/upcoming-retreats,PRÓXIMOS RETIROS,/es/upcoming-retreats,http://[::1]:4321/es/upcoming-retreats,http://[::1]:4321/es/upcoming-retreats,200,,false,false,false,,,true
OK,,desktop,anchor,http://[::1]:4321/es/upcoming-retreats,DESCUBRE MENORCA,https://menorca.cspadel.com/,https://menorca.cspadel.com/,https://menorca.cspadel.com/,200,,false,false,true,,,true
OK,,desktop,anchor,http://[::1]:4321/es/upcoming-retreats,DESCUBRE BALI,/es/bali,http://[::1]:4321/es/bali,http://[::1]:4321/es/bali,200,,false,false,false,,,true
OK,,desktop,anchor,http://[::1]:4321/es/upcoming-retreats,Courtside Padel on Instagram,https://www.instagram.com/padelcourtside/,https://www.instagram.com/padelcourtside/,https://www.instagram.com/padelcourtside/,200,,false,false,true,_blank,noopener noreferrer,true
OK,,desktop,anchor,http://[::1]:4321/es/upcoming-retreats,Courtside Padel on LinkedIn,https://www.linkedin.com/company/https-cspadel.com-/,https://www.linkedin.com/company/https-cspadel.com-/,https://www.linkedin.com/company/https-cspadel.com-/,200,,false,false,true,_blank,noopener noreferrer,true
OK,,desktop,anchor,http://[::1]:4321/es/upcoming-retreats,Menorca,https://menorca.cspadel.com/,https://menorca.cspadel.com/,https://menorca.cspadel.com/,200,,false,false,true,,,true
OK,,desktop,anchor,http://[::1]:4321/es/upcoming-retreats,UK (East Sussex),/es/east-sussex,http://[::1]:4321/es/east-sussex,http://[::1]:4321/es/east-sussex,200,,false,false,false,,,true
OK,,desktop,anchor,http://[::1]:4321/es/upcoming-retreats,Bali,/es/bali,http://[::1]:4321/es/bali,http://[::1]:4321/es/bali,200,,false,false,false,,,true
OK,,desktop,anchor,http://[::1]:4321/es/upcoming-retreats,Dubái,/es/dubai,http://[::1]:4321/es/dubai,http://[::1]:4321/es/dubai,200,,false,false,false,,,true
OK,,desktop,anchor,http://[::1]:4321/es/upcoming-retreats,PRÓXIMOS RETIROS,/es/upcoming-retreats,http://[::1]:4321/es/upcoming-retreats,http://[::1]:4321/es/upcoming-retreats,200,,false,false,false,,,true
OK,,desktop,anchor,http://[::1]:4321/es/upcoming-retreats,Nuestra Historia,/es/our-story,http://[::1]:4321/es/our-story,http://[::1]:4321/es/our-story,200,,false,false,false,,,true
OK,,desktop,anchor,http://[::1]:4321/es/upcoming-retreats,La Experiencia,/es/the-experience,http://[::1]:4321/es/the-experience,http://[::1]:4321/es/the-experience,200,,false,false,false,,,true
OK,,desktop,anchor,http://[::1]:4321/es/upcoming-retreats,Corporativo y Ejecutivo,/es/executive-retreat,http://[::1]:4321/es/executive-retreat,http://[::1]:4321/es/executive-retreat,200,,false,false,false,,,true
INFO,Intentional redirector (messaging deep link),desktop,anchor,http://[::1]:4321/es/upcoming-retreats,Concierge por WhatsApp,https://wa.me/447786694723?text=Hola%2C%20me%20gustar%C3%ADa%20informarme%20sobre%20un%20retiro%20de%20Courtside%20Padel.,https://wa.me/447786694723?text=Hola%2C%20me%20gustar%C3%ADa%20informarme%20sobre%20un%20retiro%20de%20Courtside%20Padel.,/send/?phone=447786694723&amp,200,,false,true,true,_blank,noopener noreferrer,true
INFO,mailto: link (not fetched),desktop,anchor,http://[::1]:4321/es/upcoming-retreats,awatelet@cspadel.com,mailto:awatelet@cspadel.com,mailto:awatelet@cspadel.com,,0,,false,false,false,,,true
INFO,Intentional redirector (messaging deep link),desktop,anchor,http://[::1]:4321/es/upcoming-retreats,ESCRIBE AL EQUIPO,https://wa.me/447786694723?text=Hola%2C%20me%20gustar%C3%ADa%20informarme%20sobre%20un%20retiro%20de%20Courtside%20Padel.,https://wa.me/447786694723?text=Hola%2C%20me%20gustar%C3%ADa%20informarme%20sobre%20un%20retiro%20de%20Courtside%20Padel.,/send/?phone=447786694723&amp,200,,false,true,true,_blank,noopener noreferrer,true
OK,,desktop,anchor,http://[::1]:4321/es/upcoming-retreats,Privacidad,/legal/privacy-policy,http://[::1]:4321/legal/privacy-policy,http://[::1]:4321/legal/privacy-policy,200,,false,false,false,,,true
OK,,desktop,anchor,http://[::1]:4321/es/upcoming-retreats,Términos,/legal/terms-and-conditions,http://[::1]:4321/legal/terms-and-conditions,http://[::1]:4321/legal/terms-and-conditions,200,,false,false,false,,,true
OK,,desktop,anchor,http://[::1]:4321/es/upcoming-retreats,Política de cookies,/es/cookies,http://[::1]:4321/es/cookies,http://[::1]:4321/es/cookies,200,,false,false,false,,,true
OK,,desktop,anchor,http://[::1]:4321/es/upcoming-retreats,Más información,/es/cookies,http://[::1]:4321/es/cookies,http://[::1]:4321/es/cookies,200,,false,false,false,,,true
INFO,Intentional redirector (messaging deep link),desktop,anchor,http://[::1]:4321/es/upcoming-retreats,ESCRÍBENOS,https://wa.me/447786694723?text=Hola%2C%20me%20gustar%C3%ADa%20hablar%20con%20el%20equipo%20de%20Courtside.,https://wa.me/447786694723?text=Hola%2C%20me%20gustar%C3%ADa%20hablar%20con%20el%20equipo%20de%20Courtside.,/send/?phone=447786694723&amp,200,,false,true,true,_blank,noopener noreferrer,true
INFO,JS-driven CTA — verify behaviour manually (opens modal / drawer),desktop,js-cta,http://[::1]:4321/es/upcoming-retreats,DESTINOS,(javascript),,,0,,false,false,false,,,true
INFO,JS-driven CTA — verify behaviour manually (opens modal / drawer),desktop,js-cta,http://[::1]:4321/es/upcoming-retreats,EN,(javascript),,,0,,false,false,false,,,true
INFO,JS-driven CTA — verify behaviour manually (opens modal / drawer),desktop,js-cta,http://[::1]:4321/es/upcoming-retreats,ES,(javascript),,,0,,false,false,false,,,true
INFO,JS-driven CTA — verify behaviour manually (opens modal / drawer),desktop,js-cta,http://[::1]:4321/es/upcoming-retreats,FR,(javascript),,,0,,false,false,false,,,true
INFO,JS-driven CTA — verify behaviour manually (opens modal / drawer),desktop,js-cta,http://[::1]:4321/es/upcoming-retreats,PLANIFICA TU RETIRO,(javascript),,,0,,false,false,false,,,true
INFO,JS-driven CTA — verify behaviour manually (opens modal / drawer),desktop,js-cta,http://[::1]:4321/es/upcoming-retreats,RECHAZAR NO ESENCIALES,(javascript),,,0,,false,false,false,,,true
INFO,JS-driven CTA — verify behaviour manually (opens modal / drawer),desktop,js-cta,http://[::1]:4321/es/upcoming-retreats,ACEPTAR TODAS,(javascript),,,0,,false,false,false,,,true
OK,,desktop,anchor,http://[::1]:4321/es/executive-retreat,(no text),/es/,http://[::1]:4321/es/,http://[::1]:4321/es/,200,,false,false,false,,,true
OK,,desktop,anchor,http://[::1]:4321/es/executive-retreat,NUESTRA HISTORIA,/es/our-story,http://[::1]:4321/es/our-story,http://[::1]:4321/es/our-story,200,,false,false,false,,,true
OK,,desktop,anchor,http://[::1]:4321/es/executive-retreat,LA EXPERIENCIA,/es/the-experience,http://[::1]:4321/es/the-experience,http://[::1]:4321/es/the-experience,200,,false,false,false,,,true
OK,,desktop,anchor,http://[::1]:4321/es/executive-retreat,MENORCA,https://menorca.cspadel.com/,https://menorca.cspadel.com/,https://menorca.cspadel.com/,200,,false,false,true,,,true
OK,,desktop,anchor,http://[::1]:4321/es/executive-retreat,UK (EAST SUSSEX),/es/east-sussex,http://[::1]:4321/es/east-sussex,http://[::1]:4321/es/east-sussex,200,,false,false,false,,,true
OK,,desktop,anchor,http://[::1]:4321/es/executive-retreat,BALI,/es/bali,http://[::1]:4321/es/bali,http://[::1]:4321/es/bali,200,,false,false,false,,,true
OK,,desktop,anchor,http://[::1]:4321/es/executive-retreat,DUBÁI,/es/dubai,http://[::1]:4321/es/dubai,http://[::1]:4321/es/dubai,200,,false,false,false,,,true
OK,,desktop,anchor,http://[::1]:4321/es/executive-retreat,PRÓXIMOS RETIROS,/es/upcoming-retreats,http://[::1]:4321/es/upcoming-retreats,http://[::1]:4321/es/upcoming-retreats,200,,false,false,false,,,true
INFO,mailto: link (not fetched),desktop,anchor,http://[::1]:4321/es/executive-retreat,CONSULTA SOBRE UN RETIRO CORPORATIVO,mailto:awatelet@cspadel.com,mailto:awatelet@cspadel.com,,0,,false,false,false,,,true
OK,,desktop,anchor,http://[::1]:4321/es/executive-retreat,Courtside Padel on Instagram,https://www.instagram.com/padelcourtside/,https://www.instagram.com/padelcourtside/,https://www.instagram.com/padelcourtside/,200,,false,false,true,_blank,noopener noreferrer,true
OK,,desktop,anchor,http://[::1]:4321/es/executive-retreat,Courtside Padel on LinkedIn,https://www.linkedin.com/company/https-cspadel.com-/,https://www.linkedin.com/company/https-cspadel.com-/,https://www.linkedin.com/company/https-cspadel.com-/,200,,false,false,true,_blank,noopener noreferrer,true
OK,,desktop,anchor,http://[::1]:4321/es/executive-retreat,Menorca,https://menorca.cspadel.com/,https://menorca.cspadel.com/,https://menorca.cspadel.com/,200,,false,false,true,,,true
OK,,desktop,anchor,http://[::1]:4321/es/executive-retreat,UK (East Sussex),/es/east-sussex,http://[::1]:4321/es/east-sussex,http://[::1]:4321/es/east-sussex,200,,false,false,false,,,true
OK,,desktop,anchor,http://[::1]:4321/es/executive-retreat,Bali,/es/bali,http://[::1]:4321/es/bali,http://[::1]:4321/es/bali,200,,false,false,false,,,true
OK,,desktop,anchor,http://[::1]:4321/es/executive-retreat,Dubái,/es/dubai,http://[::1]:4321/es/dubai,http://[::1]:4321/es/dubai,200,,false,false,false,,,true
OK,,desktop,anchor,http://[::1]:4321/es/executive-retreat,PRÓXIMOS RETIROS,/es/upcoming-retreats,http://[::1]:4321/es/upcoming-retreats,http://[::1]:4321/es/upcoming-retreats,200,,false,false,false,,,true
OK,,desktop,anchor,http://[::1]:4321/es/executive-retreat,Nuestra Historia,/es/our-story,http://[::1]:4321/es/our-story,http://[::1]:4321/es/our-story,200,,false,false,false,,,true
OK,,desktop,anchor,http://[::1]:4321/es/executive-retreat,La Experiencia,/es/the-experience,http://[::1]:4321/es/the-experience,http://[::1]:4321/es/the-experience,200,,false,false,false,,,true
OK,,desktop,anchor,http://[::1]:4321/es/executive-retreat,Corporativo y Ejecutivo,/es/executive-retreat,http://[::1]:4321/es/executive-retreat,http://[::1]:4321/es/executive-retreat,200,,false,false,false,,,true
INFO,Intentional redirector (messaging deep link),desktop,anchor,http://[::1]:4321/es/executive-retreat,Concierge por WhatsApp,https://wa.me/447786694723?text=Hola%2C%20me%20gustar%C3%ADa%20informarme%20sobre%20un%20retiro%20de%20Courtside%20Padel.,https://wa.me/447786694723?text=Hola%2C%20me%20gustar%C3%ADa%20informarme%20sobre%20un%20retiro%20de%20Courtside%20Padel.,/send/?phone=447786694723&amp,200,,false,true,true,_blank,noopener noreferrer,true
INFO,mailto: link (not fetched),desktop,anchor,http://[::1]:4321/es/executive-retreat,awatelet@cspadel.com,mailto:awatelet@cspadel.com,mailto:awatelet@cspadel.com,,0,,false,false,false,,,true
INFO,Intentional redirector (messaging deep link),desktop,anchor,http://[::1]:4321/es/executive-retreat,ESCRIBE AL EQUIPO,https://wa.me/447786694723?text=Hola%2C%20me%20gustar%C3%ADa%20informarme%20sobre%20un%20retiro%20de%20Courtside%20Padel.,https://wa.me/447786694723?text=Hola%2C%20me%20gustar%C3%ADa%20informarme%20sobre%20un%20retiro%20de%20Courtside%20Padel.,/send/?phone=447786694723&amp,200,,false,true,true,_blank,noopener noreferrer,true
OK,,desktop,anchor,http://[::1]:4321/es/executive-retreat,Privacidad,/legal/privacy-policy,http://[::1]:4321/legal/privacy-policy,http://[::1]:4321/legal/privacy-policy,200,,false,false,false,,,true
OK,,desktop,anchor,http://[::1]:4321/es/executive-retreat,Términos,/legal/terms-and-conditions,http://[::1]:4321/legal/terms-and-conditions,http://[::1]:4321/legal/terms-and-conditions,200,,false,false,false,,,true
OK,,desktop,anchor,http://[::1]:4321/es/executive-retreat,Política de cookies,/es/cookies,http://[::1]:4321/es/cookies,http://[::1]:4321/es/cookies,200,,false,false,false,,,true
OK,,desktop,anchor,http://[::1]:4321/es/executive-retreat,Más información,/es/cookies,http://[::1]:4321/es/cookies,http://[::1]:4321/es/cookies,200,,false,false,false,,,true
INFO,Intentional redirector (messaging deep link),desktop,anchor,http://[::1]:4321/es/executive-retreat,ESCRÍBENOS,https://wa.me/447786694723?text=Hola%2C%20me%20gustar%C3%ADa%20hablar%20con%20el%20equipo%20de%20Courtside.,https://wa.me/447786694723?text=Hola%2C%20me%20gustar%C3%ADa%20hablar%20con%20el%20equipo%20de%20Courtside.,/send/?phone=447786694723&amp,200,,false,true,true,_blank,noopener noreferrer,true
INFO,JS-driven CTA — verify behaviour manually (opens modal / drawer),desktop,js-cta,http://[::1]:4321/es/executive-retreat,DESTINOS,(javascript),,,0,,false,false,false,,,true
INFO,JS-driven CTA — verify behaviour manually (opens modal / drawer),desktop,js-cta,http://[::1]:4321/es/executive-retreat,EN,(javascript),,,0,,false,false,false,,,true
INFO,JS-driven CTA — verify behaviour manually (opens modal / drawer),desktop,js-cta,http://[::1]:4321/es/executive-retreat,ES,(javascript),,,0,,false,false,false,,,true
INFO,JS-driven CTA — verify behaviour manually (opens modal / drawer),desktop,js-cta,http://[::1]:4321/es/executive-retreat,FR,(javascript),,,0,,false,false,false,,,true
INFO,JS-driven CTA — verify behaviour manually (opens modal / drawer),desktop,js-cta,http://[::1]:4321/es/executive-retreat,RECHAZAR NO ESENCIALES,(javascript),,,0,,false,false,false,,,true
INFO,JS-driven CTA — verify behaviour manually (opens modal / drawer),desktop,js-cta,http://[::1]:4321/es/executive-retreat,ACEPTAR TODAS,(javascript),,,0,,false,false,false,,,true
OK,,desktop,anchor,http://[::1]:4321/es/cookies,(no text),/es/,http://[::1]:4321/es/,http://[::1]:4321/es/,200,,false,false,false,,,true
OK,,desktop,anchor,http://[::1]:4321/es/cookies,NUESTRA HISTORIA,/es/our-story,http://[::1]:4321/es/our-story,http://[::1]:4321/es/our-story,200,,false,false,false,,,true
OK,,desktop,anchor,http://[::1]:4321/es/cookies,LA EXPERIENCIA,/es/the-experience,http://[::1]:4321/es/the-experience,http://[::1]:4321/es/the-experience,200,,false,false,false,,,true
OK,,desktop,anchor,http://[::1]:4321/es/cookies,MENORCA,https://menorca.cspadel.com/,https://menorca.cspadel.com/,https://menorca.cspadel.com/,200,,false,false,true,,,true
OK,,desktop,anchor,http://[::1]:4321/es/cookies,UK (EAST SUSSEX),/es/east-sussex,http://[::1]:4321/es/east-sussex,http://[::1]:4321/es/east-sussex,200,,false,false,false,,,true
OK,,desktop,anchor,http://[::1]:4321/es/cookies,BALI,/es/bali,http://[::1]:4321/es/bali,http://[::1]:4321/es/bali,200,,false,false,false,,,true
OK,,desktop,anchor,http://[::1]:4321/es/cookies,DUBÁI,/es/dubai,http://[::1]:4321/es/dubai,http://[::1]:4321/es/dubai,200,,false,false,false,,,true
OK,,desktop,anchor,http://[::1]:4321/es/cookies,PRÓXIMOS RETIROS,/es/upcoming-retreats,http://[::1]:4321/es/upcoming-retreats,http://[::1]:4321/es/upcoming-retreats,200,,false,false,false,,,true
OK,,desktop,anchor,http://[::1]:4321/es/cookies,Courtside Padel on Instagram,https://www.instagram.com/padelcourtside/,https://www.instagram.com/padelcourtside/,https://www.instagram.com/padelcourtside/,200,,false,false,true,_blank,noopener noreferrer,true
OK,,desktop,anchor,http://[::1]:4321/es/cookies,Courtside Padel on LinkedIn,https://www.linkedin.com/company/https-cspadel.com-/,https://www.linkedin.com/company/https-cspadel.com-/,https://www.linkedin.com/company/https-cspadel.com-/,200,,false,false,true,_blank,noopener noreferrer,true
OK,,desktop,anchor,http://[::1]:4321/es/cookies,Menorca,https://menorca.cspadel.com/,https://menorca.cspadel.com/,https://menorca.cspadel.com/,200,,false,false,true,,,true
OK,,desktop,anchor,http://[::1]:4321/es/cookies,UK (East Sussex),/es/east-sussex,http://[::1]:4321/es/east-sussex,http://[::1]:4321/es/east-sussex,200,,false,false,false,,,true
OK,,desktop,anchor,http://[::1]:4321/es/cookies,Bali,/es/bali,http://[::1]:4321/es/bali,http://[::1]:4321/es/bali,200,,false,false,false,,,true
OK,,desktop,anchor,http://[::1]:4321/es/cookies,Dubái,/es/dubai,http://[::1]:4321/es/dubai,http://[::1]:4321/es/dubai,200,,false,false,false,,,true
OK,,desktop,anchor,http://[::1]:4321/es/cookies,PRÓXIMOS RETIROS,/es/upcoming-retreats,http://[::1]:4321/es/upcoming-retreats,http://[::1]:4321/es/upcoming-retreats,200,,false,false,false,,,true
OK,,desktop,anchor,http://[::1]:4321/es/cookies,Nuestra Historia,/es/our-story,http://[::1]:4321/es/our-story,http://[::1]:4321/es/our-story,200,,false,false,false,,,true
OK,,desktop,anchor,http://[::1]:4321/es/cookies,La Experiencia,/es/the-experience,http://[::1]:4321/es/the-experience,http://[::1]:4321/es/the-experience,200,,false,false,false,,,true
OK,,desktop,anchor,http://[::1]:4321/es/cookies,Corporativo y Ejecutivo,/es/executive-retreat,http://[::1]:4321/es/executive-retreat,http://[::1]:4321/es/executive-retreat,200,,false,false,false,,,true
INFO,Intentional redirector (messaging deep link),desktop,anchor,http://[::1]:4321/es/cookies,Concierge por WhatsApp,https://wa.me/447786694723?text=Hola%2C%20me%20gustar%C3%ADa%20informarme%20sobre%20un%20retiro%20de%20Courtside%20Padel.,https://wa.me/447786694723?text=Hola%2C%20me%20gustar%C3%ADa%20informarme%20sobre%20un%20retiro%20de%20Courtside%20Padel.,/send/?phone=447786694723&amp,200,,false,true,true,_blank,noopener noreferrer,true
INFO,mailto: link (not fetched),desktop,anchor,http://[::1]:4321/es/cookies,awatelet@cspadel.com,mailto:awatelet@cspadel.com,mailto:awatelet@cspadel.com,,0,,false,false,false,,,true
INFO,Intentional redirector (messaging deep link),desktop,anchor,http://[::1]:4321/es/cookies,ESCRIBE AL EQUIPO,https://wa.me/447786694723?text=Hola%2C%20me%20gustar%C3%ADa%20informarme%20sobre%20un%20retiro%20de%20Courtside%20Padel.,https://wa.me/447786694723?text=Hola%2C%20me%20gustar%C3%ADa%20informarme%20sobre%20un%20retiro%20de%20Courtside%20Padel.,/send/?phone=447786694723&amp,200,,false,true,true,_blank,noopener noreferrer,true
OK,,desktop,anchor,http://[::1]:4321/es/cookies,Privacidad,/legal/privacy-policy,http://[::1]:4321/legal/privacy-policy,http://[::1]:4321/legal/privacy-policy,200,,false,false,false,,,true
OK,,desktop,anchor,http://[::1]:4321/es/cookies,Términos,/legal/terms-and-conditions,http://[::1]:4321/legal/terms-and-conditions,http://[::1]:4321/legal/terms-and-conditions,200,,false,false,false,,,true
OK,,desktop,anchor,http://[::1]:4321/es/cookies,Política de cookies,/es/cookies,http://[::1]:4321/es/cookies,http://[::1]:4321/es/cookies,200,,false,false,false,,,true
OK,,desktop,anchor,http://[::1]:4321/es/cookies,Más información,/es/cookies,http://[::1]:4321/es/cookies,http://[::1]:4321/es/cookies,200,,false,false,false,,,true
INFO,Intentional redirector (messaging deep link),desktop,anchor,http://[::1]:4321/es/cookies,ESCRÍBENOS,https://wa.me/447786694723?text=Hola%2C%20me%20gustar%C3%ADa%20hablar%20con%20el%20equipo%20de%20Courtside.,https://wa.me/447786694723?text=Hola%2C%20me%20gustar%C3%ADa%20hablar%20con%20el%20equipo%20de%20Courtside.,/send/?phone=447786694723&amp,200,,false,true,true,_blank,noopener noreferrer,true
INFO,JS-driven CTA — verify behaviour manually (opens modal / drawer),desktop,js-cta,http://[::1]:4321/es/cookies,DESTINOS,(javascript),,,0,,false,false,false,,,true
INFO,JS-driven CTA — verify behaviour manually (opens modal / drawer),desktop,js-cta,http://[::1]:4321/es/cookies,EN,(javascript),,,0,,false,false,false,,,true
INFO,JS-driven CTA — verify behaviour manually (opens modal / drawer),desktop,js-cta,http://[::1]:4321/es/cookies,ES,(javascript),,,0,,false,false,false,,,true
INFO,JS-driven CTA — verify behaviour manually (opens modal / drawer),desktop,js-cta,http://[::1]:4321/es/cookies,FR,(javascript),,,0,,false,false,false,,,true
INFO,JS-driven CTA — verify behaviour manually (opens modal / drawer),desktop,js-cta,http://[::1]:4321/es/cookies,RECHAZAR NO ESENCIALES,(javascript),,,0,,false,false,false,,,true
INFO,JS-driven CTA — verify behaviour manually (opens modal / drawer),desktop,js-cta,http://[::1]:4321/es/cookies,ACEPTAR TODAS,(javascript),,,0,,false,false,false,,,true
OK,,desktop,anchor,http://[::1]:4321/fr/our-story,(no text),/fr/,http://[::1]:4321/fr/,http://[::1]:4321/fr/,200,,false,false,false,,,true
OK,,desktop,anchor,http://[::1]:4321/fr/our-story,NOTRE HISTOIRE,/fr/our-story,http://[::1]:4321/fr/our-story,http://[::1]:4321/fr/our-story,200,,false,false,false,,,true
OK,,desktop,anchor,http://[::1]:4321/fr/our-story,L'EXPÉRIENCE,/fr/the-experience,http://[::1]:4321/fr/the-experience,http://[::1]:4321/fr/the-experience,200,,false,false,false,,,true
OK,,desktop,anchor,http://[::1]:4321/fr/our-story,MENORCA,https://menorca.cspadel.com/,https://menorca.cspadel.com/,https://menorca.cspadel.com/,200,,false,false,true,,,true
OK,,desktop,anchor,http://[::1]:4321/fr/our-story,UK (EAST SUSSEX),/fr/east-sussex,http://[::1]:4321/fr/east-sussex,http://[::1]:4321/fr/east-sussex,200,,false,false,false,,,true
OK,,desktop,anchor,http://[::1]:4321/fr/our-story,BALI,/fr/bali,http://[::1]:4321/fr/bali,http://[::1]:4321/fr/bali,200,,false,false,false,,,true
OK,,desktop,anchor,http://[::1]:4321/fr/our-story,DUBAI,/fr/dubai,http://[::1]:4321/fr/dubai,http://[::1]:4321/fr/dubai,200,,false,false,false,,,true
OK,,desktop,anchor,http://[::1]:4321/fr/our-story,PROCHAINES RETRAITES,/fr/upcoming-retreats,http://[::1]:4321/fr/upcoming-retreats,http://[::1]:4321/fr/upcoming-retreats,200,,false,false,false,,,true
OK,,desktop,anchor,http://[::1]:4321/fr/our-story,Courtside Padel on Instagram,https://www.instagram.com/padelcourtside/,https://www.instagram.com/padelcourtside/,https://www.instagram.com/padelcourtside/,200,,false,false,true,_blank,noopener noreferrer,true
OK,,desktop,anchor,http://[::1]:4321/fr/our-story,Courtside Padel on LinkedIn,https://www.linkedin.com/company/https-cspadel.com-/,https://www.linkedin.com/company/https-cspadel.com-/,https://www.linkedin.com/company/https-cspadel.com-/,200,,false,false,true,_blank,noopener noreferrer,true
OK,,desktop,anchor,http://[::1]:4321/fr/our-story,Menorca,https://menorca.cspadel.com/,https://menorca.cspadel.com/,https://menorca.cspadel.com/,200,,false,false,true,,,true
OK,,desktop,anchor,http://[::1]:4321/fr/our-story,UK (East Sussex),/fr/east-sussex,http://[::1]:4321/fr/east-sussex,http://[::1]:4321/fr/east-sussex,200,,false,false,false,,,true
OK,,desktop,anchor,http://[::1]:4321/fr/our-story,Bali,/fr/bali,http://[::1]:4321/fr/bali,http://[::1]:4321/fr/bali,200,,false,false,false,,,true
OK,,desktop,anchor,http://[::1]:4321/fr/our-story,Dubai,/fr/dubai,http://[::1]:4321/fr/dubai,http://[::1]:4321/fr/dubai,200,,false,false,false,,,true
OK,,desktop,anchor,http://[::1]:4321/fr/our-story,PROCHAINES RETRAITES,/fr/upcoming-retreats,http://[::1]:4321/fr/upcoming-retreats,http://[::1]:4321/fr/upcoming-retreats,200,,false,false,false,,,true
OK,,desktop,anchor,http://[::1]:4321/fr/our-story,Notre Histoire,/fr/our-story,http://[::1]:4321/fr/our-story,http://[::1]:4321/fr/our-story,200,,false,false,false,,,true
OK,,desktop,anchor,http://[::1]:4321/fr/our-story,L'Expérience,/fr/the-experience,http://[::1]:4321/fr/the-experience,http://[::1]:4321/fr/the-experience,200,,false,false,false,,,true
OK,,desktop,anchor,http://[::1]:4321/fr/our-story,Entreprises et Dirigeants,/fr/executive-retreat,http://[::1]:4321/fr/executive-retreat,http://[::1]:4321/fr/executive-retreat,200,,false,false,false,,,true
INFO,Intentional redirector (messaging deep link),desktop,anchor,http://[::1]:4321/fr/our-story,Concierge WhatsApp,https://wa.me/447786694723?text=Bonjour%2C%20je%20souhaiterais%20me%20renseigner%20sur%20une%20retraite%20Courtside%20Padel.,https://wa.me/447786694723?text=Bonjour%2C%20je%20souhaiterais%20me%20renseigner%20sur%20une%20retraite%20Courtside%20Padel.,/send/?phone=447786694723&amp,200,,false,true,true,_blank,noopener noreferrer,true
INFO,mailto: link (not fetched),desktop,anchor,http://[::1]:4321/fr/our-story,awatelet@cspadel.com,mailto:awatelet@cspadel.com,mailto:awatelet@cspadel.com,,0,,false,false,false,,,true
INFO,Intentional redirector (messaging deep link),desktop,anchor,http://[::1]:4321/fr/our-story,ÉCRIRE À L'ÉQUIPE,https://wa.me/447786694723?text=Bonjour%2C%20je%20souhaiterais%20me%20renseigner%20sur%20une%20retraite%20Courtside%20Padel.,https://wa.me/447786694723?text=Bonjour%2C%20je%20souhaiterais%20me%20renseigner%20sur%20une%20retraite%20Courtside%20Padel.,/send/?phone=447786694723&amp,200,,false,true,true,_blank,noopener noreferrer,true
OK,,desktop,anchor,http://[::1]:4321/fr/our-story,Politique de confidentialité,/legal/privacy-policy,http://[::1]:4321/legal/privacy-policy,http://[::1]:4321/legal/privacy-policy,200,,false,false,false,,,true
OK,,desktop,anchor,http://[::1]:4321/fr/our-story,Conditions d'utilisation,/legal/terms-and-conditions,http://[::1]:4321/legal/terms-and-conditions,http://[::1]:4321/legal/terms-and-conditions,200,,false,false,false,,,true
OK,,desktop,anchor,http://[::1]:4321/fr/our-story,Politique de cookies,/fr/cookies,http://[::1]:4321/fr/cookies,http://[::1]:4321/fr/cookies,200,,false,false,false,,,true
OK,,desktop,anchor,http://[::1]:4321/fr/our-story,En savoir plus,/fr/cookies,http://[::1]:4321/fr/cookies,http://[::1]:4321/fr/cookies,200,,false,false,false,,,true
INFO,Intentional redirector (messaging deep link),desktop,anchor,http://[::1]:4321/fr/our-story,ÉCRIVEZ-NOUS,https://wa.me/447786694723?text=Bonjour%2C%20je%20souhaiterais%20parler%20avec%20l'%C3%A9quipe%20Courtside.,https://wa.me/447786694723?text=Bonjour%2C%20je%20souhaiterais%20parler%20avec%20l%27%C3%A9quipe%20Courtside.,/send/?phone=447786694723&amp,200,,false,true,true,_blank,noopener noreferrer,true
INFO,JS-driven CTA — verify behaviour manually (opens modal / drawer),desktop,js-cta,http://[::1]:4321/fr/our-story,DESTINATIONS,(javascript),,,0,,false,false,false,,,true
INFO,JS-driven CTA — verify behaviour manually (opens modal / drawer),desktop,js-cta,http://[::1]:4321/fr/our-story,EN,(javascript),,,0,,false,false,false,,,true
INFO,JS-driven CTA — verify behaviour manually (opens modal / drawer),desktop,js-cta,http://[::1]:4321/fr/our-story,ES,(javascript),,,0,,false,false,false,,,true
INFO,JS-driven CTA — verify behaviour manually (opens modal / drawer),desktop,js-cta,http://[::1]:4321/fr/our-story,FR,(javascript),,,0,,false,false,false,,,true
INFO,JS-driven CTA — verify behaviour manually (opens modal / drawer),desktop,js-cta,http://[::1]:4321/fr/our-story,DEMANDER UNE RETRAITE,(javascript),,,0,,false,false,false,,,true
INFO,JS-driven CTA — verify behaviour manually (opens modal / drawer),desktop,js-cta,http://[::1]:4321/fr/our-story,REFUSER LES NON ESSENTIELS,(javascript),,,0,,false,false,false,,,true
INFO,JS-driven CTA — verify behaviour manually (opens modal / drawer),desktop,js-cta,http://[::1]:4321/fr/our-story,TOUT ACCEPTER,(javascript),,,0,,false,false,false,,,true
OK,,desktop,anchor,http://[::1]:4321/fr/the-experience,(no text),/fr/,http://[::1]:4321/fr/,http://[::1]:4321/fr/,200,,false,false,false,,,true
OK,,desktop,anchor,http://[::1]:4321/fr/the-experience,NOTRE HISTOIRE,/fr/our-story,http://[::1]:4321/fr/our-story,http://[::1]:4321/fr/our-story,200,,false,false,false,,,true
OK,,desktop,anchor,http://[::1]:4321/fr/the-experience,L'EXPÉRIENCE,/fr/the-experience,http://[::1]:4321/fr/the-experience,http://[::1]:4321/fr/the-experience,200,,false,false,false,,,true
OK,,desktop,anchor,http://[::1]:4321/fr/the-experience,MENORCA,https://menorca.cspadel.com/,https://menorca.cspadel.com/,https://menorca.cspadel.com/,200,,false,false,true,,,true
OK,,desktop,anchor,http://[::1]:4321/fr/the-experience,UK (EAST SUSSEX),/fr/east-sussex,http://[::1]:4321/fr/east-sussex,http://[::1]:4321/fr/east-sussex,200,,false,false,false,,,true
OK,,desktop,anchor,http://[::1]:4321/fr/the-experience,BALI,/fr/bali,http://[::1]:4321/fr/bali,http://[::1]:4321/fr/bali,200,,false,false,false,,,true
OK,,desktop,anchor,http://[::1]:4321/fr/the-experience,DUBAI,/fr/dubai,http://[::1]:4321/fr/dubai,http://[::1]:4321/fr/dubai,200,,false,false,false,,,true
OK,,desktop,anchor,http://[::1]:4321/fr/the-experience,PROCHAINES RETRAITES,/fr/upcoming-retreats,http://[::1]:4321/fr/upcoming-retreats,http://[::1]:4321/fr/upcoming-retreats,200,,false,false,false,,,true
OK,,desktop,anchor,http://[::1]:4321/fr/the-experience,Courtside Padel on Instagram,https://www.instagram.com/padelcourtside/,https://www.instagram.com/padelcourtside/,https://www.instagram.com/padelcourtside/,200,,false,false,true,_blank,noopener noreferrer,true
OK,,desktop,anchor,http://[::1]:4321/fr/the-experience,Courtside Padel on LinkedIn,https://www.linkedin.com/company/https-cspadel.com-/,https://www.linkedin.com/company/https-cspadel.com-/,https://www.linkedin.com/company/https-cspadel.com-/,200,,false,false,true,_blank,noopener noreferrer,true
OK,,desktop,anchor,http://[::1]:4321/fr/the-experience,Menorca,https://menorca.cspadel.com/,https://menorca.cspadel.com/,https://menorca.cspadel.com/,200,,false,false,true,,,true
OK,,desktop,anchor,http://[::1]:4321/fr/the-experience,UK (East Sussex),/fr/east-sussex,http://[::1]:4321/fr/east-sussex,http://[::1]:4321/fr/east-sussex,200,,false,false,false,,,true
OK,,desktop,anchor,http://[::1]:4321/fr/the-experience,Bali,/fr/bali,http://[::1]:4321/fr/bali,http://[::1]:4321/fr/bali,200,,false,false,false,,,true
OK,,desktop,anchor,http://[::1]:4321/fr/the-experience,Dubai,/fr/dubai,http://[::1]:4321/fr/dubai,http://[::1]:4321/fr/dubai,200,,false,false,false,,,true
OK,,desktop,anchor,http://[::1]:4321/fr/the-experience,PROCHAINES RETRAITES,/fr/upcoming-retreats,http://[::1]:4321/fr/upcoming-retreats,http://[::1]:4321/fr/upcoming-retreats,200,,false,false,false,,,true
OK,,desktop,anchor,http://[::1]:4321/fr/the-experience,Notre Histoire,/fr/our-story,http://[::1]:4321/fr/our-story,http://[::1]:4321/fr/our-story,200,,false,false,false,,,true
OK,,desktop,anchor,http://[::1]:4321/fr/the-experience,L'Expérience,/fr/the-experience,http://[::1]:4321/fr/the-experience,http://[::1]:4321/fr/the-experience,200,,false,false,false,,,true
OK,,desktop,anchor,http://[::1]:4321/fr/the-experience,Entreprises et Dirigeants,/fr/executive-retreat,http://[::1]:4321/fr/executive-retreat,http://[::1]:4321/fr/executive-retreat,200,,false,false,false,,,true
INFO,Intentional redirector (messaging deep link),desktop,anchor,http://[::1]:4321/fr/the-experience,Concierge WhatsApp,https://wa.me/447786694723?text=Bonjour%2C%20je%20souhaiterais%20me%20renseigner%20sur%20une%20retraite%20Courtside%20Padel.,https://wa.me/447786694723?text=Bonjour%2C%20je%20souhaiterais%20me%20renseigner%20sur%20une%20retraite%20Courtside%20Padel.,/send/?phone=447786694723&amp,200,,false,true,true,_blank,noopener noreferrer,true
INFO,mailto: link (not fetched),desktop,anchor,http://[::1]:4321/fr/the-experience,awatelet@cspadel.com,mailto:awatelet@cspadel.com,mailto:awatelet@cspadel.com,,0,,false,false,false,,,true
INFO,Intentional redirector (messaging deep link),desktop,anchor,http://[::1]:4321/fr/the-experience,ÉCRIRE À L'ÉQUIPE,https://wa.me/447786694723?text=Bonjour%2C%20je%20souhaiterais%20me%20renseigner%20sur%20une%20retraite%20Courtside%20Padel.,https://wa.me/447786694723?text=Bonjour%2C%20je%20souhaiterais%20me%20renseigner%20sur%20une%20retraite%20Courtside%20Padel.,/send/?phone=447786694723&amp,200,,false,true,true,_blank,noopener noreferrer,true
OK,,desktop,anchor,http://[::1]:4321/fr/the-experience,Politique de confidentialité,/legal/privacy-policy,http://[::1]:4321/legal/privacy-policy,http://[::1]:4321/legal/privacy-policy,200,,false,false,false,,,true
OK,,desktop,anchor,http://[::1]:4321/fr/the-experience,Conditions d'utilisation,/legal/terms-and-conditions,http://[::1]:4321/legal/terms-and-conditions,http://[::1]:4321/legal/terms-and-conditions,200,,false,false,false,,,true
OK,,desktop,anchor,http://[::1]:4321/fr/the-experience,Politique de cookies,/fr/cookies,http://[::1]:4321/fr/cookies,http://[::1]:4321/fr/cookies,200,,false,false,false,,,true
OK,,desktop,anchor,http://[::1]:4321/fr/the-experience,En savoir plus,/fr/cookies,http://[::1]:4321/fr/cookies,http://[::1]:4321/fr/cookies,200,,false,false,false,,,true
INFO,Intentional redirector (messaging deep link),desktop,anchor,http://[::1]:4321/fr/the-experience,ÉCRIVEZ-NOUS,https://wa.me/447786694723?text=Bonjour%2C%20je%20souhaiterais%20parler%20avec%20l'%C3%A9quipe%20Courtside.,https://wa.me/447786694723?text=Bonjour%2C%20je%20souhaiterais%20parler%20avec%20l%27%C3%A9quipe%20Courtside.,/send/?phone=447786694723&amp,200,,false,true,true,_blank,noopener noreferrer,true
INFO,JS-driven CTA — verify behaviour manually (opens modal / drawer),desktop,js-cta,http://[::1]:4321/fr/the-experience,DESTINATIONS,(javascript),,,0,,false,false,false,,,true
INFO,JS-driven CTA — verify behaviour manually (opens modal / drawer),desktop,js-cta,http://[::1]:4321/fr/the-experience,EN,(javascript),,,0,,false,false,false,,,true
INFO,JS-driven CTA — verify behaviour manually (opens modal / drawer),desktop,js-cta,http://[::1]:4321/fr/the-experience,ES,(javascript),,,0,,false,false,false,,,true
INFO,JS-driven CTA — verify behaviour manually (opens modal / drawer),desktop,js-cta,http://[::1]:4321/fr/the-experience,FR,(javascript),,,0,,false,false,false,,,true
INFO,JS-driven CTA — verify behaviour manually (opens modal / drawer),desktop,js-cta,http://[::1]:4321/fr/the-experience,DEMANDER UNE RETRAITE,(javascript),,,0,,false,false,false,,,true
INFO,JS-driven CTA — verify behaviour manually (opens modal / drawer),desktop,js-cta,http://[::1]:4321/fr/the-experience,REFUSER LES NON ESSENTIELS,(javascript),,,0,,false,false,false,,,true
INFO,JS-driven CTA — verify behaviour manually (opens modal / drawer),desktop,js-cta,http://[::1]:4321/fr/the-experience,TOUT ACCEPTER,(javascript),,,0,,false,false,false,,,true
OK,,desktop,anchor,http://[::1]:4321/fr/east-sussex,(no text),/fr/,http://[::1]:4321/fr/,http://[::1]:4321/fr/,200,,false,false,false,,,true
OK,,desktop,anchor,http://[::1]:4321/fr/east-sussex,NOTRE HISTOIRE,/fr/our-story,http://[::1]:4321/fr/our-story,http://[::1]:4321/fr/our-story,200,,false,false,false,,,true
OK,,desktop,anchor,http://[::1]:4321/fr/east-sussex,L'EXPÉRIENCE,/fr/the-experience,http://[::1]:4321/fr/the-experience,http://[::1]:4321/fr/the-experience,200,,false,false,false,,,true
OK,,desktop,anchor,http://[::1]:4321/fr/east-sussex,MENORCA,https://menorca.cspadel.com/,https://menorca.cspadel.com/,https://menorca.cspadel.com/,200,,false,false,true,,,true
OK,,desktop,anchor,http://[::1]:4321/fr/east-sussex,UK (EAST SUSSEX),/fr/east-sussex,http://[::1]:4321/fr/east-sussex,http://[::1]:4321/fr/east-sussex,200,,false,false,false,,,true
OK,,desktop,anchor,http://[::1]:4321/fr/east-sussex,BALI,/fr/bali,http://[::1]:4321/fr/bali,http://[::1]:4321/fr/bali,200,,false,false,false,,,true
OK,,desktop,anchor,http://[::1]:4321/fr/east-sussex,DUBAI,/fr/dubai,http://[::1]:4321/fr/dubai,http://[::1]:4321/fr/dubai,200,,false,false,false,,,true
OK,,desktop,anchor,http://[::1]:4321/fr/east-sussex,PROCHAINES RETRAITES,/fr/upcoming-retreats,http://[::1]:4321/fr/upcoming-retreats,http://[::1]:4321/fr/upcoming-retreats,200,,false,false,false,,,true
OK,,desktop,anchor,http://[::1]:4321/fr/east-sussex,Courtside Padel on Instagram,https://www.instagram.com/padelcourtside/,https://www.instagram.com/padelcourtside/,https://www.instagram.com/padelcourtside/,200,,false,false,true,_blank,noopener noreferrer,true
OK,,desktop,anchor,http://[::1]:4321/fr/east-sussex,Courtside Padel on LinkedIn,https://www.linkedin.com/company/https-cspadel.com-/,https://www.linkedin.com/company/https-cspadel.com-/,https://www.linkedin.com/company/https-cspadel.com-/,200,,false,false,true,_blank,noopener noreferrer,true
OK,,desktop,anchor,http://[::1]:4321/fr/east-sussex,Menorca,https://menorca.cspadel.com/,https://menorca.cspadel.com/,https://menorca.cspadel.com/,200,,false,false,true,,,true
OK,,desktop,anchor,http://[::1]:4321/fr/east-sussex,UK (East Sussex),/fr/east-sussex,http://[::1]:4321/fr/east-sussex,http://[::1]:4321/fr/east-sussex,200,,false,false,false,,,true
OK,,desktop,anchor,http://[::1]:4321/fr/east-sussex,Bali,/fr/bali,http://[::1]:4321/fr/bali,http://[::1]:4321/fr/bali,200,,false,false,false,,,true
OK,,desktop,anchor,http://[::1]:4321/fr/east-sussex,Dubai,/fr/dubai,http://[::1]:4321/fr/dubai,http://[::1]:4321/fr/dubai,200,,false,false,false,,,true
OK,,desktop,anchor,http://[::1]:4321/fr/east-sussex,PROCHAINES RETRAITES,/fr/upcoming-retreats,http://[::1]:4321/fr/upcoming-retreats,http://[::1]:4321/fr/upcoming-retreats,200,,false,false,false,,,true
OK,,desktop,anchor,http://[::1]:4321/fr/east-sussex,Notre Histoire,/fr/our-story,http://[::1]:4321/fr/our-story,http://[::1]:4321/fr/our-story,200,,false,false,false,,,true
OK,,desktop,anchor,http://[::1]:4321/fr/east-sussex,L'Expérience,/fr/the-experience,http://[::1]:4321/fr/the-experience,http://[::1]:4321/fr/the-experience,200,,false,false,false,,,true
OK,,desktop,anchor,http://[::1]:4321/fr/east-sussex,Entreprises et Dirigeants,/fr/executive-retreat,http://[::1]:4321/fr/executive-retreat,http://[::1]:4321/fr/executive-retreat,200,,false,false,false,,,true
INFO,Intentional redirector (messaging deep link),desktop,anchor,http://[::1]:4321/fr/east-sussex,Concierge WhatsApp,https://wa.me/447786694723?text=Bonjour%2C%20je%20souhaiterais%20me%20renseigner%20sur%20une%20retraite%20Courtside%20Padel.,https://wa.me/447786694723?text=Bonjour%2C%20je%20souhaiterais%20me%20renseigner%20sur%20une%20retraite%20Courtside%20Padel.,/send/?phone=447786694723&amp,200,,false,true,true,_blank,noopener noreferrer,true
INFO,mailto: link (not fetched),desktop,anchor,http://[::1]:4321/fr/east-sussex,awatelet@cspadel.com,mailto:awatelet@cspadel.com,mailto:awatelet@cspadel.com,,0,,false,false,false,,,true
INFO,Intentional redirector (messaging deep link),desktop,anchor,http://[::1]:4321/fr/east-sussex,ÉCRIRE À L'ÉQUIPE,https://wa.me/447786694723?text=Bonjour%2C%20je%20souhaiterais%20me%20renseigner%20sur%20une%20retraite%20Courtside%20Padel.,https://wa.me/447786694723?text=Bonjour%2C%20je%20souhaiterais%20me%20renseigner%20sur%20une%20retraite%20Courtside%20Padel.,/send/?phone=447786694723&amp,200,,false,true,true,_blank,noopener noreferrer,true
OK,,desktop,anchor,http://[::1]:4321/fr/east-sussex,Politique de confidentialité,/legal/privacy-policy,http://[::1]:4321/legal/privacy-policy,http://[::1]:4321/legal/privacy-policy,200,,false,false,false,,,true
OK,,desktop,anchor,http://[::1]:4321/fr/east-sussex,Conditions d'utilisation,/legal/terms-and-conditions,http://[::1]:4321/legal/terms-and-conditions,http://[::1]:4321/legal/terms-and-conditions,200,,false,false,false,,,true
OK,,desktop,anchor,http://[::1]:4321/fr/east-sussex,Politique de cookies,/fr/cookies,http://[::1]:4321/fr/cookies,http://[::1]:4321/fr/cookies,200,,false,false,false,,,true
OK,,desktop,anchor,http://[::1]:4321/fr/east-sussex,En savoir plus,/fr/cookies,http://[::1]:4321/fr/cookies,http://[::1]:4321/fr/cookies,200,,false,false,false,,,true
INFO,Intentional redirector (messaging deep link),desktop,anchor,http://[::1]:4321/fr/east-sussex,ÉCRIVEZ-NOUS,https://wa.me/447786694723?text=Bonjour%2C%20je%20souhaiterais%20parler%20avec%20l'%C3%A9quipe%20Courtside.,https://wa.me/447786694723?text=Bonjour%2C%20je%20souhaiterais%20parler%20avec%20l%27%C3%A9quipe%20Courtside.,/send/?phone=447786694723&amp,200,,false,true,true,_blank,noopener noreferrer,true
INFO,JS-driven CTA — verify behaviour manually (opens modal / drawer),desktop,js-cta,http://[::1]:4321/fr/east-sussex,DESTINATIONS,(javascript),,,0,,false,false,false,,,true
INFO,JS-driven CTA — verify behaviour manually (opens modal / drawer),desktop,js-cta,http://[::1]:4321/fr/east-sussex,EN,(javascript),,,0,,false,false,false,,,true
INFO,JS-driven CTA — verify behaviour manually (opens modal / drawer),desktop,js-cta,http://[::1]:4321/fr/east-sussex,ES,(javascript),,,0,,false,false,false,,,true
INFO,JS-driven CTA — verify behaviour manually (opens modal / drawer),desktop,js-cta,http://[::1]:4321/fr/east-sussex,FR,(javascript),,,0,,false,false,false,,,true
INFO,JS-driven CTA — verify behaviour manually (opens modal / drawer),desktop,js-cta,http://[::1]:4321/fr/east-sussex,Images précédentes,(javascript),,,0,,false,false,false,,,true
INFO,JS-driven CTA — verify behaviour manually (opens modal / drawer),desktop,js-cta,http://[::1]:4321/fr/east-sussex,Images suivantes,(javascript),,,0,,false,false,false,,,true
INFO,JS-driven CTA — verify behaviour manually (opens modal / drawer),desktop,js-cta,http://[::1]:4321/fr/east-sussex,SE RENSEIGNER SUR L'EAST SUSSEX,(javascript),,,0,,false,false,false,,,true
INFO,JS-driven CTA — verify behaviour manually (opens modal / drawer),desktop,js-cta,http://[::1]:4321/fr/east-sussex,REFUSER LES NON ESSENTIELS,(javascript),,,0,,false,false,false,,,true
INFO,JS-driven CTA — verify behaviour manually (opens modal / drawer),desktop,js-cta,http://[::1]:4321/fr/east-sussex,TOUT ACCEPTER,(javascript),,,0,,false,false,false,,,true
OK,,desktop,anchor,http://[::1]:4321/fr/bali,(no text),/fr/,http://[::1]:4321/fr/,http://[::1]:4321/fr/,200,,false,false,false,,,true
OK,,desktop,anchor,http://[::1]:4321/fr/bali,NOTRE HISTOIRE,/fr/our-story,http://[::1]:4321/fr/our-story,http://[::1]:4321/fr/our-story,200,,false,false,false,,,true
OK,,desktop,anchor,http://[::1]:4321/fr/bali,L'EXPÉRIENCE,/fr/the-experience,http://[::1]:4321/fr/the-experience,http://[::1]:4321/fr/the-experience,200,,false,false,false,,,true
OK,,desktop,anchor,http://[::1]:4321/fr/bali,MENORCA,https://menorca.cspadel.com/,https://menorca.cspadel.com/,https://menorca.cspadel.com/,200,,false,false,true,,,true
OK,,desktop,anchor,http://[::1]:4321/fr/bali,UK (EAST SUSSEX),/fr/east-sussex,http://[::1]:4321/fr/east-sussex,http://[::1]:4321/fr/east-sussex,200,,false,false,false,,,true
OK,,desktop,anchor,http://[::1]:4321/fr/bali,BALI,/fr/bali,http://[::1]:4321/fr/bali,http://[::1]:4321/fr/bali,200,,false,false,false,,,true
OK,,desktop,anchor,http://[::1]:4321/fr/bali,DUBAI,/fr/dubai,http://[::1]:4321/fr/dubai,http://[::1]:4321/fr/dubai,200,,false,false,false,,,true
OK,,desktop,anchor,http://[::1]:4321/fr/bali,PROCHAINES RETRAITES,/fr/upcoming-retreats,http://[::1]:4321/fr/upcoming-retreats,http://[::1]:4321/fr/upcoming-retreats,200,,false,false,false,,,true
OK,,desktop,anchor,http://[::1]:4321/fr/bali,Courtside Padel on Instagram,https://www.instagram.com/padelcourtside/,https://www.instagram.com/padelcourtside/,https://www.instagram.com/padelcourtside/,200,,false,false,true,_blank,noopener noreferrer,true
OK,,desktop,anchor,http://[::1]:4321/fr/bali,Courtside Padel on LinkedIn,https://www.linkedin.com/company/https-cspadel.com-/,https://www.linkedin.com/company/https-cspadel.com-/,https://www.linkedin.com/company/https-cspadel.com-/,200,,false,false,true,_blank,noopener noreferrer,true
OK,,desktop,anchor,http://[::1]:4321/fr/bali,Menorca,https://menorca.cspadel.com/,https://menorca.cspadel.com/,https://menorca.cspadel.com/,200,,false,false,true,,,true
OK,,desktop,anchor,http://[::1]:4321/fr/bali,UK (East Sussex),/fr/east-sussex,http://[::1]:4321/fr/east-sussex,http://[::1]:4321/fr/east-sussex,200,,false,false,false,,,true
OK,,desktop,anchor,http://[::1]:4321/fr/bali,Bali,/fr/bali,http://[::1]:4321/fr/bali,http://[::1]:4321/fr/bali,200,,false,false,false,,,true
OK,,desktop,anchor,http://[::1]:4321/fr/bali,Dubai,/fr/dubai,http://[::1]:4321/fr/dubai,http://[::1]:4321/fr/dubai,200,,false,false,false,,,true
OK,,desktop,anchor,http://[::1]:4321/fr/bali,PROCHAINES RETRAITES,/fr/upcoming-retreats,http://[::1]:4321/fr/upcoming-retreats,http://[::1]:4321/fr/upcoming-retreats,200,,false,false,false,,,true
OK,,desktop,anchor,http://[::1]:4321/fr/bali,Notre Histoire,/fr/our-story,http://[::1]:4321/fr/our-story,http://[::1]:4321/fr/our-story,200,,false,false,false,,,true
OK,,desktop,anchor,http://[::1]:4321/fr/bali,L'Expérience,/fr/the-experience,http://[::1]:4321/fr/the-experience,http://[::1]:4321/fr/the-experience,200,,false,false,false,,,true
OK,,desktop,anchor,http://[::1]:4321/fr/bali,Entreprises et Dirigeants,/fr/executive-retreat,http://[::1]:4321/fr/executive-retreat,http://[::1]:4321/fr/executive-retreat,200,,false,false,false,,,true
INFO,Intentional redirector (messaging deep link),desktop,anchor,http://[::1]:4321/fr/bali,Concierge WhatsApp,https://wa.me/447786694723?text=Bonjour%2C%20je%20souhaiterais%20me%20renseigner%20sur%20une%20retraite%20Courtside%20Padel.,https://wa.me/447786694723?text=Bonjour%2C%20je%20souhaiterais%20me%20renseigner%20sur%20une%20retraite%20Courtside%20Padel.,/send/?phone=447786694723&amp,200,,false,true,true,_blank,noopener noreferrer,true
INFO,mailto: link (not fetched),desktop,anchor,http://[::1]:4321/fr/bali,awatelet@cspadel.com,mailto:awatelet@cspadel.com,mailto:awatelet@cspadel.com,,0,,false,false,false,,,true
INFO,Intentional redirector (messaging deep link),desktop,anchor,http://[::1]:4321/fr/bali,ÉCRIRE À L'ÉQUIPE,https://wa.me/447786694723?text=Bonjour%2C%20je%20souhaiterais%20me%20renseigner%20sur%20une%20retraite%20Courtside%20Padel.,https://wa.me/447786694723?text=Bonjour%2C%20je%20souhaiterais%20me%20renseigner%20sur%20une%20retraite%20Courtside%20Padel.,/send/?phone=447786694723&amp,200,,false,true,true,_blank,noopener noreferrer,true
OK,,desktop,anchor,http://[::1]:4321/fr/bali,Politique de confidentialité,/legal/privacy-policy,http://[::1]:4321/legal/privacy-policy,http://[::1]:4321/legal/privacy-policy,200,,false,false,false,,,true
OK,,desktop,anchor,http://[::1]:4321/fr/bali,Conditions d'utilisation,/legal/terms-and-conditions,http://[::1]:4321/legal/terms-and-conditions,http://[::1]:4321/legal/terms-and-conditions,200,,false,false,false,,,true
OK,,desktop,anchor,http://[::1]:4321/fr/bali,Politique de cookies,/fr/cookies,http://[::1]:4321/fr/cookies,http://[::1]:4321/fr/cookies,200,,false,false,false,,,true
OK,,desktop,anchor,http://[::1]:4321/fr/bali,En savoir plus,/fr/cookies,http://[::1]:4321/fr/cookies,http://[::1]:4321/fr/cookies,200,,false,false,false,,,true
INFO,Intentional redirector (messaging deep link),desktop,anchor,http://[::1]:4321/fr/bali,ÉCRIVEZ-NOUS,https://wa.me/447786694723?text=Bonjour%2C%20je%20souhaiterais%20parler%20avec%20l'%C3%A9quipe%20Courtside.,https://wa.me/447786694723?text=Bonjour%2C%20je%20souhaiterais%20parler%20avec%20l%27%C3%A9quipe%20Courtside.,/send/?phone=447786694723&amp,200,,false,true,true,_blank,noopener noreferrer,true
INFO,JS-driven CTA — verify behaviour manually (opens modal / drawer),desktop,js-cta,http://[::1]:4321/fr/bali,DESTINATIONS,(javascript),,,0,,false,false,false,,,true
INFO,JS-driven CTA — verify behaviour manually (opens modal / drawer),desktop,js-cta,http://[::1]:4321/fr/bali,EN,(javascript),,,0,,false,false,false,,,true
INFO,JS-driven CTA — verify behaviour manually (opens modal / drawer),desktop,js-cta,http://[::1]:4321/fr/bali,ES,(javascript),,,0,,false,false,false,,,true
INFO,JS-driven CTA — verify behaviour manually (opens modal / drawer),desktop,js-cta,http://[::1]:4321/fr/bali,FR,(javascript),,,0,,false,false,false,,,true
INFO,JS-driven CTA — verify behaviour manually (opens modal / drawer),desktop,js-cta,http://[::1]:4321/fr/bali,Images précédentes,(javascript),,,0,,false,false,false,,,true
INFO,JS-driven CTA — verify behaviour manually (opens modal / drawer),desktop,js-cta,http://[::1]:4321/fr/bali,Images suivantes,(javascript),,,0,,false,false,false,,,true
INFO,JS-driven CTA — verify behaviour manually (opens modal / drawer),desktop,js-cta,http://[::1]:4321/fr/bali,SE RENSEIGNER SUR BALI,(javascript),,,0,,false,false,false,,,true
INFO,JS-driven CTA — verify behaviour manually (opens modal / drawer),desktop,js-cta,http://[::1]:4321/fr/bali,REFUSER LES NON ESSENTIELS,(javascript),,,0,,false,false,false,,,true
INFO,JS-driven CTA — verify behaviour manually (opens modal / drawer),desktop,js-cta,http://[::1]:4321/fr/bali,TOUT ACCEPTER,(javascript),,,0,,false,false,false,,,true
OK,,desktop,anchor,http://[::1]:4321/fr/dubai,(no text),/fr/,http://[::1]:4321/fr/,http://[::1]:4321/fr/,200,,false,false,false,,,true
OK,,desktop,anchor,http://[::1]:4321/fr/dubai,NOTRE HISTOIRE,/fr/our-story,http://[::1]:4321/fr/our-story,http://[::1]:4321/fr/our-story,200,,false,false,false,,,true
OK,,desktop,anchor,http://[::1]:4321/fr/dubai,L'EXPÉRIENCE,/fr/the-experience,http://[::1]:4321/fr/the-experience,http://[::1]:4321/fr/the-experience,200,,false,false,false,,,true
OK,,desktop,anchor,http://[::1]:4321/fr/dubai,MENORCA,https://menorca.cspadel.com/,https://menorca.cspadel.com/,https://menorca.cspadel.com/,200,,false,false,true,,,true
OK,,desktop,anchor,http://[::1]:4321/fr/dubai,UK (EAST SUSSEX),/fr/east-sussex,http://[::1]:4321/fr/east-sussex,http://[::1]:4321/fr/east-sussex,200,,false,false,false,,,true
OK,,desktop,anchor,http://[::1]:4321/fr/dubai,BALI,/fr/bali,http://[::1]:4321/fr/bali,http://[::1]:4321/fr/bali,200,,false,false,false,,,true
OK,,desktop,anchor,http://[::1]:4321/fr/dubai,DUBAI,/fr/dubai,http://[::1]:4321/fr/dubai,http://[::1]:4321/fr/dubai,200,,false,false,false,,,true
OK,,desktop,anchor,http://[::1]:4321/fr/dubai,PROCHAINES RETRAITES,/fr/upcoming-retreats,http://[::1]:4321/fr/upcoming-retreats,http://[::1]:4321/fr/upcoming-retreats,200,,false,false,false,,,true
OK,,desktop,anchor,http://[::1]:4321/fr/dubai,Courtside Padel on Instagram,https://www.instagram.com/padelcourtside/,https://www.instagram.com/padelcourtside/,https://www.instagram.com/padelcourtside/,200,,false,false,true,_blank,noopener noreferrer,true
OK,,desktop,anchor,http://[::1]:4321/fr/dubai,Courtside Padel on LinkedIn,https://www.linkedin.com/company/https-cspadel.com-/,https://www.linkedin.com/company/https-cspadel.com-/,https://www.linkedin.com/company/https-cspadel.com-/,200,,false,false,true,_blank,noopener noreferrer,true
OK,,desktop,anchor,http://[::1]:4321/fr/dubai,Menorca,https://menorca.cspadel.com/,https://menorca.cspadel.com/,https://menorca.cspadel.com/,200,,false,false,true,,,true
OK,,desktop,anchor,http://[::1]:4321/fr/dubai,UK (East Sussex),/fr/east-sussex,http://[::1]:4321/fr/east-sussex,http://[::1]:4321/fr/east-sussex,200,,false,false,false,,,true
OK,,desktop,anchor,http://[::1]:4321/fr/dubai,Bali,/fr/bali,http://[::1]:4321/fr/bali,http://[::1]:4321/fr/bali,200,,false,false,false,,,true
OK,,desktop,anchor,http://[::1]:4321/fr/dubai,Dubai,/fr/dubai,http://[::1]:4321/fr/dubai,http://[::1]:4321/fr/dubai,200,,false,false,false,,,true
OK,,desktop,anchor,http://[::1]:4321/fr/dubai,PROCHAINES RETRAITES,/fr/upcoming-retreats,http://[::1]:4321/fr/upcoming-retreats,http://[::1]:4321/fr/upcoming-retreats,200,,false,false,false,,,true
OK,,desktop,anchor,http://[::1]:4321/fr/dubai,Notre Histoire,/fr/our-story,http://[::1]:4321/fr/our-story,http://[::1]:4321/fr/our-story,200,,false,false,false,,,true
OK,,desktop,anchor,http://[::1]:4321/fr/dubai,L'Expérience,/fr/the-experience,http://[::1]:4321/fr/the-experience,http://[::1]:4321/fr/the-experience,200,,false,false,false,,,true
OK,,desktop,anchor,http://[::1]:4321/fr/dubai,Entreprises et Dirigeants,/fr/executive-retreat,http://[::1]:4321/fr/executive-retreat,http://[::1]:4321/fr/executive-retreat,200,,false,false,false,,,true
INFO,Intentional redirector (messaging deep link),desktop,anchor,http://[::1]:4321/fr/dubai,Concierge WhatsApp,https://wa.me/447786694723?text=Bonjour%2C%20je%20souhaiterais%20me%20renseigner%20sur%20une%20retraite%20Courtside%20Padel.,https://wa.me/447786694723?text=Bonjour%2C%20je%20souhaiterais%20me%20renseigner%20sur%20une%20retraite%20Courtside%20Padel.,/send/?phone=447786694723&amp,200,,false,true,true,_blank,noopener noreferrer,true
INFO,mailto: link (not fetched),desktop,anchor,http://[::1]:4321/fr/dubai,awatelet@cspadel.com,mailto:awatelet@cspadel.com,mailto:awatelet@cspadel.com,,0,,false,false,false,,,true
INFO,Intentional redirector (messaging deep link),desktop,anchor,http://[::1]:4321/fr/dubai,ÉCRIRE À L'ÉQUIPE,https://wa.me/447786694723?text=Bonjour%2C%20je%20souhaiterais%20me%20renseigner%20sur%20une%20retraite%20Courtside%20Padel.,https://wa.me/447786694723?text=Bonjour%2C%20je%20souhaiterais%20me%20renseigner%20sur%20une%20retraite%20Courtside%20Padel.,/send/?phone=447786694723&amp,200,,false,true,true,_blank,noopener noreferrer,true
OK,,desktop,anchor,http://[::1]:4321/fr/dubai,Politique de confidentialité,/legal/privacy-policy,http://[::1]:4321/legal/privacy-policy,http://[::1]:4321/legal/privacy-policy,200,,false,false,false,,,true
OK,,desktop,anchor,http://[::1]:4321/fr/dubai,Conditions d'utilisation,/legal/terms-and-conditions,http://[::1]:4321/legal/terms-and-conditions,http://[::1]:4321/legal/terms-and-conditions,200,,false,false,false,,,true
OK,,desktop,anchor,http://[::1]:4321/fr/dubai,Politique de cookies,/fr/cookies,http://[::1]:4321/fr/cookies,http://[::1]:4321/fr/cookies,200,,false,false,false,,,true
OK,,desktop,anchor,http://[::1]:4321/fr/dubai,En savoir plus,/fr/cookies,http://[::1]:4321/fr/cookies,http://[::1]:4321/fr/cookies,200,,false,false,false,,,true
INFO,Intentional redirector (messaging deep link),desktop,anchor,http://[::1]:4321/fr/dubai,ÉCRIVEZ-NOUS,https://wa.me/447786694723?text=Bonjour%2C%20je%20souhaiterais%20parler%20avec%20l'%C3%A9quipe%20Courtside.,https://wa.me/447786694723?text=Bonjour%2C%20je%20souhaiterais%20parler%20avec%20l%27%C3%A9quipe%20Courtside.,/send/?phone=447786694723&amp,200,,false,true,true,_blank,noopener noreferrer,true
INFO,JS-driven CTA — verify behaviour manually (opens modal / drawer),desktop,js-cta,http://[::1]:4321/fr/dubai,DESTINATIONS,(javascript),,,0,,false,false,false,,,true
INFO,JS-driven CTA — verify behaviour manually (opens modal / drawer),desktop,js-cta,http://[::1]:4321/fr/dubai,EN,(javascript),,,0,,false,false,false,,,true
INFO,JS-driven CTA — verify behaviour manually (opens modal / drawer),desktop,js-cta,http://[::1]:4321/fr/dubai,ES,(javascript),,,0,,false,false,false,,,true
INFO,JS-driven CTA — verify behaviour manually (opens modal / drawer),desktop,js-cta,http://[::1]:4321/fr/dubai,FR,(javascript),,,0,,false,false,false,,,true
INFO,JS-driven CTA — verify behaviour manually (opens modal / drawer),desktop,js-cta,http://[::1]:4321/fr/dubai,NOUS CONTACTER,(javascript),,,0,,false,false,false,,,true
INFO,JS-driven CTA — verify behaviour manually (opens modal / drawer),desktop,js-cta,http://[::1]:4321/fr/dubai,REFUSER LES NON ESSENTIELS,(javascript),,,0,,false,false,false,,,true
INFO,JS-driven CTA — verify behaviour manually (opens modal / drawer),desktop,js-cta,http://[::1]:4321/fr/dubai,TOUT ACCEPTER,(javascript),,,0,,false,false,false,,,true
OK,,desktop,anchor,http://[::1]:4321/fr/upcoming-retreats,(no text),/fr/,http://[::1]:4321/fr/,http://[::1]:4321/fr/,200,,false,false,false,,,true
OK,,desktop,anchor,http://[::1]:4321/fr/upcoming-retreats,NOTRE HISTOIRE,/fr/our-story,http://[::1]:4321/fr/our-story,http://[::1]:4321/fr/our-story,200,,false,false,false,,,true
OK,,desktop,anchor,http://[::1]:4321/fr/upcoming-retreats,L'EXPÉRIENCE,/fr/the-experience,http://[::1]:4321/fr/the-experience,http://[::1]:4321/fr/the-experience,200,,false,false,false,,,true
OK,,desktop,anchor,http://[::1]:4321/fr/upcoming-retreats,MENORCA,https://menorca.cspadel.com/,https://menorca.cspadel.com/,https://menorca.cspadel.com/,200,,false,false,true,,,true
OK,,desktop,anchor,http://[::1]:4321/fr/upcoming-retreats,UK (EAST SUSSEX),/fr/east-sussex,http://[::1]:4321/fr/east-sussex,http://[::1]:4321/fr/east-sussex,200,,false,false,false,,,true
OK,,desktop,anchor,http://[::1]:4321/fr/upcoming-retreats,BALI,/fr/bali,http://[::1]:4321/fr/bali,http://[::1]:4321/fr/bali,200,,false,false,false,,,true
OK,,desktop,anchor,http://[::1]:4321/fr/upcoming-retreats,DUBAI,/fr/dubai,http://[::1]:4321/fr/dubai,http://[::1]:4321/fr/dubai,200,,false,false,false,,,true
OK,,desktop,anchor,http://[::1]:4321/fr/upcoming-retreats,PROCHAINES RETRAITES,/fr/upcoming-retreats,http://[::1]:4321/fr/upcoming-retreats,http://[::1]:4321/fr/upcoming-retreats,200,,false,false,false,,,true
OK,,desktop,anchor,http://[::1]:4321/fr/upcoming-retreats,DÉCOUVRIR MINORQUE,https://menorca.cspadel.com/,https://menorca.cspadel.com/,https://menorca.cspadel.com/,200,,false,false,true,,,true
OK,,desktop,anchor,http://[::1]:4321/fr/upcoming-retreats,DÉCOUVRIR BALI,/fr/bali,http://[::1]:4321/fr/bali,http://[::1]:4321/fr/bali,200,,false,false,false,,,true
OK,,desktop,anchor,http://[::1]:4321/fr/upcoming-retreats,Courtside Padel on Instagram,https://www.instagram.com/padelcourtside/,https://www.instagram.com/padelcourtside/,https://www.instagram.com/padelcourtside/,200,,false,false,true,_blank,noopener noreferrer,true
OK,,desktop,anchor,http://[::1]:4321/fr/upcoming-retreats,Courtside Padel on LinkedIn,https://www.linkedin.com/company/https-cspadel.com-/,https://www.linkedin.com/company/https-cspadel.com-/,https://www.linkedin.com/company/https-cspadel.com-/,200,,false,false,true,_blank,noopener noreferrer,true
OK,,desktop,anchor,http://[::1]:4321/fr/upcoming-retreats,Menorca,https://menorca.cspadel.com/,https://menorca.cspadel.com/,https://menorca.cspadel.com/,200,,false,false,true,,,true
OK,,desktop,anchor,http://[::1]:4321/fr/upcoming-retreats,UK (East Sussex),/fr/east-sussex,http://[::1]:4321/fr/east-sussex,http://[::1]:4321/fr/east-sussex,200,,false,false,false,,,true
OK,,desktop,anchor,http://[::1]:4321/fr/upcoming-retreats,Bali,/fr/bali,http://[::1]:4321/fr/bali,http://[::1]:4321/fr/bali,200,,false,false,false,,,true
OK,,desktop,anchor,http://[::1]:4321/fr/upcoming-retreats,Dubai,/fr/dubai,http://[::1]:4321/fr/dubai,http://[::1]:4321/fr/dubai,200,,false,false,false,,,true
OK,,desktop,anchor,http://[::1]:4321/fr/upcoming-retreats,PROCHAINES RETRAITES,/fr/upcoming-retreats,http://[::1]:4321/fr/upcoming-retreats,http://[::1]:4321/fr/upcoming-retreats,200,,false,false,false,,,true
OK,,desktop,anchor,http://[::1]:4321/fr/upcoming-retreats,Notre Histoire,/fr/our-story,http://[::1]:4321/fr/our-story,http://[::1]:4321/fr/our-story,200,,false,false,false,,,true
OK,,desktop,anchor,http://[::1]:4321/fr/upcoming-retreats,L'Expérience,/fr/the-experience,http://[::1]:4321/fr/the-experience,http://[::1]:4321/fr/the-experience,200,,false,false,false,,,true
OK,,desktop,anchor,http://[::1]:4321/fr/upcoming-retreats,Entreprises et Dirigeants,/fr/executive-retreat,http://[::1]:4321/fr/executive-retreat,http://[::1]:4321/fr/executive-retreat,200,,false,false,false,,,true
INFO,Intentional redirector (messaging deep link),desktop,anchor,http://[::1]:4321/fr/upcoming-retreats,Concierge WhatsApp,https://wa.me/447786694723?text=Bonjour%2C%20je%20souhaiterais%20me%20renseigner%20sur%20une%20retraite%20Courtside%20Padel.,https://wa.me/447786694723?text=Bonjour%2C%20je%20souhaiterais%20me%20renseigner%20sur%20une%20retraite%20Courtside%20Padel.,/send/?phone=447786694723&amp,200,,false,true,true,_blank,noopener noreferrer,true
INFO,mailto: link (not fetched),desktop,anchor,http://[::1]:4321/fr/upcoming-retreats,awatelet@cspadel.com,mailto:awatelet@cspadel.com,mailto:awatelet@cspadel.com,,0,,false,false,false,,,true
INFO,Intentional redirector (messaging deep link),desktop,anchor,http://[::1]:4321/fr/upcoming-retreats,ÉCRIRE À L'ÉQUIPE,https://wa.me/447786694723?text=Bonjour%2C%20je%20souhaiterais%20me%20renseigner%20sur%20une%20retraite%20Courtside%20Padel.,https://wa.me/447786694723?text=Bonjour%2C%20je%20souhaiterais%20me%20renseigner%20sur%20une%20retraite%20Courtside%20Padel.,/send/?phone=447786694723&amp,200,,false,true,true,_blank,noopener noreferrer,true
OK,,desktop,anchor,http://[::1]:4321/fr/upcoming-retreats,Politique de confidentialité,/legal/privacy-policy,http://[::1]:4321/legal/privacy-policy,http://[::1]:4321/legal/privacy-policy,200,,false,false,false,,,true
OK,,desktop,anchor,http://[::1]:4321/fr/upcoming-retreats,Conditions d'utilisation,/legal/terms-and-conditions,http://[::1]:4321/legal/terms-and-conditions,http://[::1]:4321/legal/terms-and-conditions,200,,false,false,false,,,true
OK,,desktop,anchor,http://[::1]:4321/fr/upcoming-retreats,Politique de cookies,/fr/cookies,http://[::1]:4321/fr/cookies,http://[::1]:4321/fr/cookies,200,,false,false,false,,,true
OK,,desktop,anchor,http://[::1]:4321/fr/upcoming-retreats,En savoir plus,/fr/cookies,http://[::1]:4321/fr/cookies,http://[::1]:4321/fr/cookies,200,,false,false,false,,,true
INFO,Intentional redirector (messaging deep link),desktop,anchor,http://[::1]:4321/fr/upcoming-retreats,ÉCRIVEZ-NOUS,https://wa.me/447786694723?text=Bonjour%2C%20je%20souhaiterais%20parler%20avec%20l'%C3%A9quipe%20Courtside.,https://wa.me/447786694723?text=Bonjour%2C%20je%20souhaiterais%20parler%20avec%20l%27%C3%A9quipe%20Courtside.,/send/?phone=447786694723&amp,200,,false,true,true,_blank,noopener noreferrer,true
INFO,JS-driven CTA — verify behaviour manually (opens modal / drawer),desktop,js-cta,http://[::1]:4321/fr/upcoming-retreats,DESTINATIONS,(javascript),,,0,,false,false,false,,,true
INFO,JS-driven CTA — verify behaviour manually (opens modal / drawer),desktop,js-cta,http://[::1]:4321/fr/upcoming-retreats,EN,(javascript),,,0,,false,false,false,,,true
INFO,JS-driven CTA — verify behaviour manually (opens modal / drawer),desktop,js-cta,http://[::1]:4321/fr/upcoming-retreats,ES,(javascript),,,0,,false,false,false,,,true
INFO,JS-driven CTA — verify behaviour manually (opens modal / drawer),desktop,js-cta,http://[::1]:4321/fr/upcoming-retreats,FR,(javascript),,,0,,false,false,false,,,true
INFO,JS-driven CTA — verify behaviour manually (opens modal / drawer),desktop,js-cta,http://[::1]:4321/fr/upcoming-retreats,PLANIFIER VOTRE RETRAITE,(javascript),,,0,,false,false,false,,,true
INFO,JS-driven CTA — verify behaviour manually (opens modal / drawer),desktop,js-cta,http://[::1]:4321/fr/upcoming-retreats,REFUSER LES NON ESSENTIELS,(javascript),,,0,,false,false,false,,,true
INFO,JS-driven CTA — verify behaviour manually (opens modal / drawer),desktop,js-cta,http://[::1]:4321/fr/upcoming-retreats,TOUT ACCEPTER,(javascript),,,0,,false,false,false,,,true
OK,,desktop,anchor,http://[::1]:4321/fr/executive-retreat,(no text),/fr/,http://[::1]:4321/fr/,http://[::1]:4321/fr/,200,,false,false,false,,,true
OK,,desktop,anchor,http://[::1]:4321/fr/executive-retreat,NOTRE HISTOIRE,/fr/our-story,http://[::1]:4321/fr/our-story,http://[::1]:4321/fr/our-story,200,,false,false,false,,,true
OK,,desktop,anchor,http://[::1]:4321/fr/executive-retreat,L'EXPÉRIENCE,/fr/the-experience,http://[::1]:4321/fr/the-experience,http://[::1]:4321/fr/the-experience,200,,false,false,false,,,true
OK,,desktop,anchor,http://[::1]:4321/fr/executive-retreat,MENORCA,https://menorca.cspadel.com/,https://menorca.cspadel.com/,https://menorca.cspadel.com/,200,,false,false,true,,,true
OK,,desktop,anchor,http://[::1]:4321/fr/executive-retreat,UK (EAST SUSSEX),/fr/east-sussex,http://[::1]:4321/fr/east-sussex,http://[::1]:4321/fr/east-sussex,200,,false,false,false,,,true
OK,,desktop,anchor,http://[::1]:4321/fr/executive-retreat,BALI,/fr/bali,http://[::1]:4321/fr/bali,http://[::1]:4321/fr/bali,200,,false,false,false,,,true
OK,,desktop,anchor,http://[::1]:4321/fr/executive-retreat,DUBAI,/fr/dubai,http://[::1]:4321/fr/dubai,http://[::1]:4321/fr/dubai,200,,false,false,false,,,true
OK,,desktop,anchor,http://[::1]:4321/fr/executive-retreat,PROCHAINES RETRAITES,/fr/upcoming-retreats,http://[::1]:4321/fr/upcoming-retreats,http://[::1]:4321/fr/upcoming-retreats,200,,false,false,false,,,true
INFO,mailto: link (not fetched),desktop,anchor,http://[::1]:4321/fr/executive-retreat,SE RENSEIGNER SUR UNE RETRAITE D'ENTREPRISE,mailto:awatelet@cspadel.com,mailto:awatelet@cspadel.com,,0,,false,false,false,,,true
OK,,desktop,anchor,http://[::1]:4321/fr/executive-retreat,Courtside Padel on Instagram,https://www.instagram.com/padelcourtside/,https://www.instagram.com/padelcourtside/,https://www.instagram.com/padelcourtside/,200,,false,false,true,_blank,noopener noreferrer,true
OK,,desktop,anchor,http://[::1]:4321/fr/executive-retreat,Courtside Padel on LinkedIn,https://www.linkedin.com/company/https-cspadel.com-/,https://www.linkedin.com/company/https-cspadel.com-/,https://www.linkedin.com/company/https-cspadel.com-/,200,,false,false,true,_blank,noopener noreferrer,true
OK,,desktop,anchor,http://[::1]:4321/fr/executive-retreat,Menorca,https://menorca.cspadel.com/,https://menorca.cspadel.com/,https://menorca.cspadel.com/,200,,false,false,true,,,true
OK,,desktop,anchor,http://[::1]:4321/fr/executive-retreat,UK (East Sussex),/fr/east-sussex,http://[::1]:4321/fr/east-sussex,http://[::1]:4321/fr/east-sussex,200,,false,false,false,,,true
OK,,desktop,anchor,http://[::1]:4321/fr/executive-retreat,Bali,/fr/bali,http://[::1]:4321/fr/bali,http://[::1]:4321/fr/bali,200,,false,false,false,,,true
OK,,desktop,anchor,http://[::1]:4321/fr/executive-retreat,Dubai,/fr/dubai,http://[::1]:4321/fr/dubai,http://[::1]:4321/fr/dubai,200,,false,false,false,,,true
OK,,desktop,anchor,http://[::1]:4321/fr/executive-retreat,PROCHAINES RETRAITES,/fr/upcoming-retreats,http://[::1]:4321/fr/upcoming-retreats,http://[::1]:4321/fr/upcoming-retreats,200,,false,false,false,,,true
OK,,desktop,anchor,http://[::1]:4321/fr/executive-retreat,Notre Histoire,/fr/our-story,http://[::1]:4321/fr/our-story,http://[::1]:4321/fr/our-story,200,,false,false,false,,,true
OK,,desktop,anchor,http://[::1]:4321/fr/executive-retreat,L'Expérience,/fr/the-experience,http://[::1]:4321/fr/the-experience,http://[::1]:4321/fr/the-experience,200,,false,false,false,,,true
OK,,desktop,anchor,http://[::1]:4321/fr/executive-retreat,Entreprises et Dirigeants,/fr/executive-retreat,http://[::1]:4321/fr/executive-retreat,http://[::1]:4321/fr/executive-retreat,200,,false,false,false,,,true
INFO,Intentional redirector (messaging deep link),desktop,anchor,http://[::1]:4321/fr/executive-retreat,Concierge WhatsApp,https://wa.me/447786694723?text=Bonjour%2C%20je%20souhaiterais%20me%20renseigner%20sur%20une%20retraite%20Courtside%20Padel.,https://wa.me/447786694723?text=Bonjour%2C%20je%20souhaiterais%20me%20renseigner%20sur%20une%20retraite%20Courtside%20Padel.,/send/?phone=447786694723&amp,200,,false,true,true,_blank,noopener noreferrer,true
INFO,mailto: link (not fetched),desktop,anchor,http://[::1]:4321/fr/executive-retreat,awatelet@cspadel.com,mailto:awatelet@cspadel.com,mailto:awatelet@cspadel.com,,0,,false,false,false,,,true
INFO,Intentional redirector (messaging deep link),desktop,anchor,http://[::1]:4321/fr/executive-retreat,ÉCRIRE À L'ÉQUIPE,https://wa.me/447786694723?text=Bonjour%2C%20je%20souhaiterais%20me%20renseigner%20sur%20une%20retraite%20Courtside%20Padel.,https://wa.me/447786694723?text=Bonjour%2C%20je%20souhaiterais%20me%20renseigner%20sur%20une%20retraite%20Courtside%20Padel.,/send/?phone=447786694723&amp,200,,false,true,true,_blank,noopener noreferrer,true
OK,,desktop,anchor,http://[::1]:4321/fr/executive-retreat,Politique de confidentialité,/legal/privacy-policy,http://[::1]:4321/legal/privacy-policy,http://[::1]:4321/legal/privacy-policy,200,,false,false,false,,,true
OK,,desktop,anchor,http://[::1]:4321/fr/executive-retreat,Conditions d'utilisation,/legal/terms-and-conditions,http://[::1]:4321/legal/terms-and-conditions,http://[::1]:4321/legal/terms-and-conditions,200,,false,false,false,,,true
OK,,desktop,anchor,http://[::1]:4321/fr/executive-retreat,Politique de cookies,/fr/cookies,http://[::1]:4321/fr/cookies,http://[::1]:4321/fr/cookies,200,,false,false,false,,,true
OK,,desktop,anchor,http://[::1]:4321/fr/executive-retreat,En savoir plus,/fr/cookies,http://[::1]:4321/fr/cookies,http://[::1]:4321/fr/cookies,200,,false,false,false,,,true
INFO,Intentional redirector (messaging deep link),desktop,anchor,http://[::1]:4321/fr/executive-retreat,ÉCRIVEZ-NOUS,https://wa.me/447786694723?text=Bonjour%2C%20je%20souhaiterais%20parler%20avec%20l'%C3%A9quipe%20Courtside.,https://wa.me/447786694723?text=Bonjour%2C%20je%20souhaiterais%20parler%20avec%20l%27%C3%A9quipe%20Courtside.,/send/?phone=447786694723&amp,200,,false,true,true,_blank,noopener noreferrer,true
INFO,JS-driven CTA — verify behaviour manually (opens modal / drawer),desktop,js-cta,http://[::1]:4321/fr/executive-retreat,DESTINATIONS,(javascript),,,0,,false,false,false,,,true
INFO,JS-driven CTA — verify behaviour manually (opens modal / drawer),desktop,js-cta,http://[::1]:4321/fr/executive-retreat,EN,(javascript),,,0,,false,false,false,,,true
INFO,JS-driven CTA — verify behaviour manually (opens modal / drawer),desktop,js-cta,http://[::1]:4321/fr/executive-retreat,ES,(javascript),,,0,,false,false,false,,,true
INFO,JS-driven CTA — verify behaviour manually (opens modal / drawer),desktop,js-cta,http://[::1]:4321/fr/executive-retreat,FR,(javascript),,,0,,false,false,false,,,true
INFO,JS-driven CTA — verify behaviour manually (opens modal / drawer),desktop,js-cta,http://[::1]:4321/fr/executive-retreat,REFUSER LES NON ESSENTIELS,(javascript),,,0,,false,false,false,,,true
INFO,JS-driven CTA — verify behaviour manually (opens modal / drawer),desktop,js-cta,http://[::1]:4321/fr/executive-retreat,TOUT ACCEPTER,(javascript),,,0,,false,false,false,,,true
OK,,desktop,anchor,http://[::1]:4321/fr/cookies,(no text),/fr/,http://[::1]:4321/fr/,http://[::1]:4321/fr/,200,,false,false,false,,,true
OK,,desktop,anchor,http://[::1]:4321/fr/cookies,NOTRE HISTOIRE,/fr/our-story,http://[::1]:4321/fr/our-story,http://[::1]:4321/fr/our-story,200,,false,false,false,,,true
OK,,desktop,anchor,http://[::1]:4321/fr/cookies,L'EXPÉRIENCE,/fr/the-experience,http://[::1]:4321/fr/the-experience,http://[::1]:4321/fr/the-experience,200,,false,false,false,,,true
OK,,desktop,anchor,http://[::1]:4321/fr/cookies,MENORCA,https://menorca.cspadel.com/,https://menorca.cspadel.com/,https://menorca.cspadel.com/,200,,false,false,true,,,true
OK,,desktop,anchor,http://[::1]:4321/fr/cookies,UK (EAST SUSSEX),/fr/east-sussex,http://[::1]:4321/fr/east-sussex,http://[::1]:4321/fr/east-sussex,200,,false,false,false,,,true
OK,,desktop,anchor,http://[::1]:4321/fr/cookies,BALI,/fr/bali,http://[::1]:4321/fr/bali,http://[::1]:4321/fr/bali,200,,false,false,false,,,true
OK,,desktop,anchor,http://[::1]:4321/fr/cookies,DUBAI,/fr/dubai,http://[::1]:4321/fr/dubai,http://[::1]:4321/fr/dubai,200,,false,false,false,,,true
OK,,desktop,anchor,http://[::1]:4321/fr/cookies,PROCHAINES RETRAITES,/fr/upcoming-retreats,http://[::1]:4321/fr/upcoming-retreats,http://[::1]:4321/fr/upcoming-retreats,200,,false,false,false,,,true
OK,,desktop,anchor,http://[::1]:4321/fr/cookies,Courtside Padel on Instagram,https://www.instagram.com/padelcourtside/,https://www.instagram.com/padelcourtside/,https://www.instagram.com/padelcourtside/,200,,false,false,true,_blank,noopener noreferrer,true
OK,,desktop,anchor,http://[::1]:4321/fr/cookies,Courtside Padel on LinkedIn,https://www.linkedin.com/company/https-cspadel.com-/,https://www.linkedin.com/company/https-cspadel.com-/,https://www.linkedin.com/company/https-cspadel.com-/,200,,false,false,true,_blank,noopener noreferrer,true
OK,,desktop,anchor,http://[::1]:4321/fr/cookies,Menorca,https://menorca.cspadel.com/,https://menorca.cspadel.com/,https://menorca.cspadel.com/,200,,false,false,true,,,true
OK,,desktop,anchor,http://[::1]:4321/fr/cookies,UK (East Sussex),/fr/east-sussex,http://[::1]:4321/fr/east-sussex,http://[::1]:4321/fr/east-sussex,200,,false,false,false,,,true
OK,,desktop,anchor,http://[::1]:4321/fr/cookies,Bali,/fr/bali,http://[::1]:4321/fr/bali,http://[::1]:4321/fr/bali,200,,false,false,false,,,true
OK,,desktop,anchor,http://[::1]:4321/fr/cookies,Dubai,/fr/dubai,http://[::1]:4321/fr/dubai,http://[::1]:4321/fr/dubai,200,,false,false,false,,,true
OK,,desktop,anchor,http://[::1]:4321/fr/cookies,PROCHAINES RETRAITES,/fr/upcoming-retreats,http://[::1]:4321/fr/upcoming-retreats,http://[::1]:4321/fr/upcoming-retreats,200,,false,false,false,,,true
OK,,desktop,anchor,http://[::1]:4321/fr/cookies,Notre Histoire,/fr/our-story,http://[::1]:4321/fr/our-story,http://[::1]:4321/fr/our-story,200,,false,false,false,,,true
OK,,desktop,anchor,http://[::1]:4321/fr/cookies,L'Expérience,/fr/the-experience,http://[::1]:4321/fr/the-experience,http://[::1]:4321/fr/the-experience,200,,false,false,false,,,true
OK,,desktop,anchor,http://[::1]:4321/fr/cookies,Entreprises et Dirigeants,/fr/executive-retreat,http://[::1]:4321/fr/executive-retreat,http://[::1]:4321/fr/executive-retreat,200,,false,false,false,,,true
INFO,Intentional redirector (messaging deep link),desktop,anchor,http://[::1]:4321/fr/cookies,Concierge WhatsApp,https://wa.me/447786694723?text=Bonjour%2C%20je%20souhaiterais%20me%20renseigner%20sur%20une%20retraite%20Courtside%20Padel.,https://wa.me/447786694723?text=Bonjour%2C%20je%20souhaiterais%20me%20renseigner%20sur%20une%20retraite%20Courtside%20Padel.,/send/?phone=447786694723&amp,200,,false,true,true,_blank,noopener noreferrer,true
INFO,mailto: link (not fetched),desktop,anchor,http://[::1]:4321/fr/cookies,awatelet@cspadel.com,mailto:awatelet@cspadel.com,mailto:awatelet@cspadel.com,,0,,false,false,false,,,true
INFO,Intentional redirector (messaging deep link),desktop,anchor,http://[::1]:4321/fr/cookies,ÉCRIRE À L'ÉQUIPE,https://wa.me/447786694723?text=Bonjour%2C%20je%20souhaiterais%20me%20renseigner%20sur%20une%20retraite%20Courtside%20Padel.,https://wa.me/447786694723?text=Bonjour%2C%20je%20souhaiterais%20me%20renseigner%20sur%20une%20retraite%20Courtside%20Padel.,/send/?phone=447786694723&amp,200,,false,true,true,_blank,noopener noreferrer,true
OK,,desktop,anchor,http://[::1]:4321/fr/cookies,Politique de confidentialité,/legal/privacy-policy,http://[::1]:4321/legal/privacy-policy,http://[::1]:4321/legal/privacy-policy,200,,false,false,false,,,true
OK,,desktop,anchor,http://[::1]:4321/fr/cookies,Conditions d'utilisation,/legal/terms-and-conditions,http://[::1]:4321/legal/terms-and-conditions,http://[::1]:4321/legal/terms-and-conditions,200,,false,false,false,,,true
OK,,desktop,anchor,http://[::1]:4321/fr/cookies,Politique de cookies,/fr/cookies,http://[::1]:4321/fr/cookies,http://[::1]:4321/fr/cookies,200,,false,false,false,,,true
OK,,desktop,anchor,http://[::1]:4321/fr/cookies,En savoir plus,/fr/cookies,http://[::1]:4321/fr/cookies,http://[::1]:4321/fr/cookies,200,,false,false,false,,,true
INFO,Intentional redirector (messaging deep link),desktop,anchor,http://[::1]:4321/fr/cookies,ÉCRIVEZ-NOUS,https://wa.me/447786694723?text=Bonjour%2C%20je%20souhaiterais%20parler%20avec%20l'%C3%A9quipe%20Courtside.,https://wa.me/447786694723?text=Bonjour%2C%20je%20souhaiterais%20parler%20avec%20l%27%C3%A9quipe%20Courtside.,/send/?phone=447786694723&amp,200,,false,true,true,_blank,noopener noreferrer,true
INFO,JS-driven CTA — verify behaviour manually (opens modal / drawer),desktop,js-cta,http://[::1]:4321/fr/cookies,DESTINATIONS,(javascript),,,0,,false,false,false,,,true
INFO,JS-driven CTA — verify behaviour manually (opens modal / drawer),desktop,js-cta,http://[::1]:4321/fr/cookies,EN,(javascript),,,0,,false,false,false,,,true
INFO,JS-driven CTA — verify behaviour manually (opens modal / drawer),desktop,js-cta,http://[::1]:4321/fr/cookies,ES,(javascript),,,0,,false,false,false,,,true
INFO,JS-driven CTA — verify behaviour manually (opens modal / drawer),desktop,js-cta,http://[::1]:4321/fr/cookies,FR,(javascript),,,0,,false,false,false,,,true
INFO,JS-driven CTA — verify behaviour manually (opens modal / drawer),desktop,js-cta,http://[::1]:4321/fr/cookies,REFUSER LES NON ESSENTIELS,(javascript),,,0,,false,false,false,,,true
INFO,JS-driven CTA — verify behaviour manually (opens modal / drawer),desktop,js-cta,http://[::1]:4321/fr/cookies,TOUT ACCEPTER,(javascript),,,0,,false,false,false,,,true
OK,,mobile,anchor,http://[::1]:4321/,(no text),/,http://[::1]:4321/,http://[::1]:4321/,200,,false,false,false,,,true
OK,,mobile,anchor,http://[::1]:4321/,Our Story,/our-story,http://[::1]:4321/our-story,http://[::1]:4321/our-story,200,,false,false,false,,,false
OK,,mobile,anchor,http://[::1]:4321/,The Experience,/the-experience,http://[::1]:4321/the-experience,http://[::1]:4321/the-experience,200,,false,false,false,,,false
OK,,mobile,anchor,http://[::1]:4321/,Upcoming Retreats,/upcoming-retreats,http://[::1]:4321/upcoming-retreats,http://[::1]:4321/upcoming-retreats,200,,false,false,false,,,false
OK,,mobile,anchor,http://[::1]:4321/,"SOLO OR FRIENDS Open Retreat Join a curated group of like-minded players for five immersive days of padel, fine dining a",https://menorca.cspadel.com/#rooms,https://menorca.cspadel.com/#rooms,https://menorca.cspadel.com/#rooms,200,,false,false,true,,,true
OK,,mobile,anchor,http://[::1]:4321/,"ULTIMATE PRIVACY Private Retreat Reserve the entire estate exclusively for your group. Complete privacy, custom schedule",https://menorca.cspadel.com/#rooms,https://menorca.cspadel.com/#rooms,https://menorca.cspadel.com/#rooms,200,,false,false,true,,,true
OK,,mobile,anchor,http://[::1]:4321/,C-SUITE & BOARDS Corporate & Executive Strategy in silence. High-performance leadership and networking in the most exclu,/executive-retreat,http://[::1]:4321/executive-retreat,http://[::1]:4321/executive-retreat,200,,false,false,false,,,true
OK,,mobile,anchor,http://[::1]:4321/,"BALEARIC ISLANDS · SPAIN MENORCA Mediterranean Sanctuary SEP 30 – OCT 4, 2026 FEW SPACES LEFT EXPLORE",https://menorca.cspadel.com/,https://menorca.cspadel.com/,https://menorca.cspadel.com/,200,,false,false,true,,,true
OK,,mobile,anchor,http://[::1]:4321/,View all,/upcoming-retreats,http://[::1]:4321/upcoming-retreats,http://[::1]:4321/upcoming-retreats,200,,false,false,false,,,false
OK,,mobile,anchor,http://[::1]:4321/,ULUWATU · BALI BALI A private cliff-top estate. Elite padel. EXPLORE,/bali,http://[::1]:4321/bali,http://[::1]:4321/bali,200,,false,false,false,,,true
OK,,mobile,anchor,http://[::1]:4321/,COMING SOON DUBAI Coming soon. EXPLORE,/dubai,http://[::1]:4321/dubai,http://[::1]:4321/dubai,200,,false,false,false,,,true
OK,,mobile,anchor,http://[::1]:4321/,Courtside Padel on Instagram,https://www.instagram.com/padelcourtside/,https://www.instagram.com/padelcourtside/,https://www.instagram.com/padelcourtside/,200,,false,false,true,_blank,noopener noreferrer,true
OK,,mobile,anchor,http://[::1]:4321/,Courtside Padel on LinkedIn,https://www.linkedin.com/company/https-cspadel.com-/,https://www.linkedin.com/company/https-cspadel.com-/,https://www.linkedin.com/company/https-cspadel.com-/,200,,false,false,true,_blank,noopener noreferrer,true
OK,,mobile,anchor,http://[::1]:4321/,Menorca,https://menorca.cspadel.com/,https://menorca.cspadel.com/,https://menorca.cspadel.com/,200,,false,false,true,,,true
OK,,mobile,anchor,http://[::1]:4321/,UK (East Sussex),/east-sussex,http://[::1]:4321/east-sussex,http://[::1]:4321/east-sussex,200,,false,false,false,,,true
OK,,mobile,anchor,http://[::1]:4321/,Bali,/bali,http://[::1]:4321/bali,http://[::1]:4321/bali,200,,false,false,false,,,true
OK,,mobile,anchor,http://[::1]:4321/,Dubai,/dubai,http://[::1]:4321/dubai,http://[::1]:4321/dubai,200,,false,false,false,,,true
OK,,mobile,anchor,http://[::1]:4321/,UPCOMING RETREATS,/upcoming-retreats,http://[::1]:4321/upcoming-retreats,http://[::1]:4321/upcoming-retreats,200,,false,false,false,,,true
OK,,mobile,anchor,http://[::1]:4321/,Our Story,/our-story,http://[::1]:4321/our-story,http://[::1]:4321/our-story,200,,false,false,false,,,true
OK,,mobile,anchor,http://[::1]:4321/,The Experience,/the-experience,http://[::1]:4321/the-experience,http://[::1]:4321/the-experience,200,,false,false,false,,,true
OK,,mobile,anchor,http://[::1]:4321/,Corporate & Executive,/executive-retreat,http://[::1]:4321/executive-retreat,http://[::1]:4321/executive-retreat,200,,false,false,false,,,true
INFO,Intentional redirector (messaging deep link),mobile,anchor,http://[::1]:4321/,WhatsApp Concierge,https://wa.me/447786694723?text=Hello%2C%20I'd%20like%20to%20enquire%20about%20a%20Courtside%20Padel%20retreat.,https://wa.me/447786694723?text=Hello%2C%20I%27d%20like%20to%20enquire%20about%20a%20Courtside%20Padel%20retreat.,/send/?phone=447786694723&amp,200,,false,true,true,_blank,noopener noreferrer,true
INFO,mailto: link (not fetched),mobile,anchor,http://[::1]:4321/,awatelet@cspadel.com,mailto:awatelet@cspadel.com,mailto:awatelet@cspadel.com,,0,,false,false,false,,,true
INFO,Intentional redirector (messaging deep link),mobile,anchor,http://[::1]:4321/,MESSAGE THE TEAM,https://wa.me/447786694723?text=Hello%2C%20I'd%20like%20to%20enquire%20about%20a%20Courtside%20Padel%20retreat.,https://wa.me/447786694723?text=Hello%2C%20I%27d%20like%20to%20enquire%20about%20a%20Courtside%20Padel%20retreat.,/send/?phone=447786694723&amp,200,,false,true,true,_blank,noopener noreferrer,true
OK,,mobile,anchor,http://[::1]:4321/,Privacy Policy,/legal/privacy-policy,http://[::1]:4321/legal/privacy-policy,http://[::1]:4321/legal/privacy-policy,200,,false,false,false,,,true
OK,,mobile,anchor,http://[::1]:4321/,Terms of Service,/legal/terms-and-conditions,http://[::1]:4321/legal/terms-and-conditions,http://[::1]:4321/legal/terms-and-conditions,200,,false,false,false,,,true
OK,,mobile,anchor,http://[::1]:4321/,Cookie Policy,/cookies,http://[::1]:4321/cookies,http://[::1]:4321/cookies,200,,false,false,false,,,true
INFO,Intentional redirector (messaging deep link),mobile,anchor,http://[::1]:4321/,CHAT WITH US,https://wa.me/447786694723?text=Hello%2C%20I'd%20like%20to%20speak%20with%20the%20Courtside%20team.,https://wa.me/447786694723?text=Hello%2C%20I%27d%20like%20to%20speak%20with%20the%20Courtside%20team.,/send/?phone=447786694723&amp,200,,false,true,true,_blank,noopener noreferrer,true
INFO,JS-driven CTA — verify behaviour manually (opens modal / drawer),mobile,js-cta,http://[::1]:4321/,DISCOVER EXPERIENCES,(javascript),,,0,,false,false,false,,,true
INFO,JS-driven CTA — verify behaviour manually (opens modal / drawer),mobile,js-cta,http://[::1]:4321/,PLAN YOUR RETREAT,(javascript),,,0,,false,false,false,,,true
INFO,JS-driven CTA — verify behaviour manually (opens modal / drawer),mobile,js-cta,http://[::1]:4321/,‹,(javascript),,,0,,false,false,false,,,true
INFO,JS-driven CTA — verify behaviour manually (opens modal / drawer),mobile,js-cta,http://[::1]:4321/,Review 1,(javascript),,,0,,false,false,false,,,true
INFO,JS-driven CTA — verify behaviour manually (opens modal / drawer),mobile,js-cta,http://[::1]:4321/,Review 2,(javascript),,,0,,false,false,false,,,true
INFO,JS-driven CTA — verify behaviour manually (opens modal / drawer),mobile,js-cta,http://[::1]:4321/,Review 3,(javascript),,,0,,false,false,false,,,true
INFO,JS-driven CTA — verify behaviour manually (opens modal / drawer),mobile,js-cta,http://[::1]:4321/,Review 4,(javascript),,,0,,false,false,false,,,true
INFO,JS-driven CTA — verify behaviour manually (opens modal / drawer),mobile,js-cta,http://[::1]:4321/,›,(javascript),,,0,,false,false,false,,,true
OK,,mobile,anchor,http://[::1]:4321/es/,(no text),/es/,http://[::1]:4321/es/,http://[::1]:4321/es/,200,,false,false,false,,,true
OK,,mobile,anchor,http://[::1]:4321/es/,Nuestra Historia,/es/our-story,http://[::1]:4321/es/our-story,http://[::1]:4321/es/our-story,200,,false,false,false,,,false
OK,,mobile,anchor,http://[::1]:4321/es/,La Experiencia,/es/the-experience,http://[::1]:4321/es/the-experience,http://[::1]:4321/es/the-experience,200,,false,false,false,,,false
OK,,mobile,anchor,http://[::1]:4321/es/,Próximos Retiros,/es/upcoming-retreats,http://[::1]:4321/es/upcoming-retreats,http://[::1]:4321/es/upcoming-retreats,200,,false,false,false,,,false
OK,,mobile,anchor,http://[::1]:4321/es/,Nuestra Historia,/es/our-story,http://[::1]:4321/es/our-story,http://[::1]:4321/es/our-story,200,,false,false,false,,,true
OK,,mobile,anchor,http://[::1]:4321/es/,La Experiencia,/es/the-experience,http://[::1]:4321/es/the-experience,http://[::1]:4321/es/the-experience,200,,false,false,false,,,true
OK,,mobile,anchor,http://[::1]:4321/es/,Menorca,https://menorca.cspadel.com/,https://menorca.cspadel.com/,https://menorca.cspadel.com/,200,,false,false,true,,,true
OK,,mobile,anchor,http://[::1]:4321/es/,UK (East Sussex),/es/east-sussex,http://[::1]:4321/es/east-sussex,http://[::1]:4321/es/east-sussex,200,,false,false,false,,,true
OK,,mobile,anchor,http://[::1]:4321/es/,Bali,/es/bali,http://[::1]:4321/es/bali,http://[::1]:4321/es/bali,200,,false,false,false,,,true
OK,,mobile,anchor,http://[::1]:4321/es/,Dubái,/es/dubai,http://[::1]:4321/es/dubai,http://[::1]:4321/es/dubai,200,,false,false,false,,,true
OK,,mobile,anchor,http://[::1]:4321/es/,Próximos Retiros,/es/upcoming-retreats,http://[::1]:4321/es/upcoming-retreats,http://[::1]:4321/es/upcoming-retreats,200,,false,false,false,,,true
OK,,mobile,anchor,http://[::1]:4321/es/,"SOLO O CON AMIGOS Retiro Abierto Únete a un grupo selecto de jugadores afines para cinco días inmersivos de pádel, alta ",https://menorca.cspadel.com/#rooms,https://menorca.cspadel.com/#rooms,https://menorca.cspadel.com/#rooms,200,,false,false,true,,,true
OK,,mobile,anchor,http://[::1]:4321/es/,"PRIVACIDAD ABSOLUTA Retiro Privado Reserva la finca entera en exclusiva para tu grupo. Privacidad total, horario a medid",https://menorca.cspadel.com/#rooms,https://menorca.cspadel.com/#rooms,https://menorca.cspadel.com/#rooms,200,,false,false,true,,,true
OK,,mobile,anchor,http://[::1]:4321/es/,ALTA DIRECCIÓN Corporativo y Ejecutivo Estrategia en silencio. Liderazgo de alto rendimiento y networking en el entorno ,/es/executive-retreat,http://[::1]:4321/es/executive-retreat,http://[::1]:4321/es/executive-retreat,200,,false,false,false,,,true
OK,,mobile,anchor,http://[::1]:4321/es/,"ISLAS BALEARES · ESPAÑA MENORCA Santuario Mediterráneo 30 SEP – 4 OCT, 2026 POCAS PLAZAS DISPONIBLES DESCUBRIR",https://menorca.cspadel.com/,https://menorca.cspadel.com/,https://menorca.cspadel.com/,200,,false,false,true,,,true
OK,,mobile,anchor,http://[::1]:4321/es/,Ver todos,/es/upcoming-retreats,http://[::1]:4321/es/upcoming-retreats,http://[::1]:4321/es/upcoming-retreats,200,,false,false,false,,,false
OK,,mobile,anchor,http://[::1]:4321/es/,ULUWATU · BALI BALI Una finca privada sobre el acantilado. Pádel de élite. DESCUBRIR,/es/bali,http://[::1]:4321/es/bali,http://[::1]:4321/es/bali,200,,false,false,false,,,true
OK,,mobile,anchor,http://[::1]:4321/es/,PRÓXIMAMENTE DUBAI Próximamente. DESCUBRIR,/es/dubai,http://[::1]:4321/es/dubai,http://[::1]:4321/es/dubai,200,,false,false,false,,,true
OK,,mobile,anchor,http://[::1]:4321/es/,Courtside Padel on Instagram,https://www.instagram.com/padelcourtside/,https://www.instagram.com/padelcourtside/,https://www.instagram.com/padelcourtside/,200,,false,false,true,_blank,noopener noreferrer,true
OK,,mobile,anchor,http://[::1]:4321/es/,Courtside Padel on LinkedIn,https://www.linkedin.com/company/https-cspadel.com-/,https://www.linkedin.com/company/https-cspadel.com-/,https://www.linkedin.com/company/https-cspadel.com-/,200,,false,false,true,_blank,noopener noreferrer,true
OK,,mobile,anchor,http://[::1]:4321/es/,Menorca,https://menorca.cspadel.com/,https://menorca.cspadel.com/,https://menorca.cspadel.com/,200,,false,false,true,,,true
OK,,mobile,anchor,http://[::1]:4321/es/,UK (East Sussex),/es/east-sussex,http://[::1]:4321/es/east-sussex,http://[::1]:4321/es/east-sussex,200,,false,false,false,,,true
OK,,mobile,anchor,http://[::1]:4321/es/,Bali,/es/bali,http://[::1]:4321/es/bali,http://[::1]:4321/es/bali,200,,false,false,false,,,true
OK,,mobile,anchor,http://[::1]:4321/es/,Dubái,/es/dubai,http://[::1]:4321/es/dubai,http://[::1]:4321/es/dubai,200,,false,false,false,,,true
OK,,mobile,anchor,http://[::1]:4321/es/,PRÓXIMOS RETIROS,/es/upcoming-retreats,http://[::1]:4321/es/upcoming-retreats,http://[::1]:4321/es/upcoming-retreats,200,,false,false,false,,,true
OK,,mobile,anchor,http://[::1]:4321/es/,Nuestra Historia,/es/our-story,http://[::1]:4321/es/our-story,http://[::1]:4321/es/our-story,200,,false,false,false,,,true
OK,,mobile,anchor,http://[::1]:4321/es/,La Experiencia,/es/the-experience,http://[::1]:4321/es/the-experience,http://[::1]:4321/es/the-experience,200,,false,false,false,,,true
OK,,mobile,anchor,http://[::1]:4321/es/,Corporativo y Ejecutivo,/es/executive-retreat,http://[::1]:4321/es/executive-retreat,http://[::1]:4321/es/executive-retreat,200,,false,false,false,,,true
INFO,Intentional redirector (messaging deep link),mobile,anchor,http://[::1]:4321/es/,Concierge por WhatsApp,https://wa.me/447786694723?text=Hola%2C%20me%20gustar%C3%ADa%20informarme%20sobre%20un%20retiro%20de%20Courtside%20Padel.,https://wa.me/447786694723?text=Hola%2C%20me%20gustar%C3%ADa%20informarme%20sobre%20un%20retiro%20de%20Courtside%20Padel.,/send/?phone=447786694723&amp,200,,false,true,true,_blank,noopener noreferrer,true
INFO,mailto: link (not fetched),mobile,anchor,http://[::1]:4321/es/,awatelet@cspadel.com,mailto:awatelet@cspadel.com,mailto:awatelet@cspadel.com,,0,,false,false,false,,,true
INFO,Intentional redirector (messaging deep link),mobile,anchor,http://[::1]:4321/es/,ESCRIBE AL EQUIPO,https://wa.me/447786694723?text=Hola%2C%20me%20gustar%C3%ADa%20informarme%20sobre%20un%20retiro%20de%20Courtside%20Padel.,https://wa.me/447786694723?text=Hola%2C%20me%20gustar%C3%ADa%20informarme%20sobre%20un%20retiro%20de%20Courtside%20Padel.,/send/?phone=447786694723&amp,200,,false,true,true,_blank,noopener noreferrer,true
OK,,mobile,anchor,http://[::1]:4321/es/,Privacidad,/legal/privacy-policy,http://[::1]:4321/legal/privacy-policy,http://[::1]:4321/legal/privacy-policy,200,,false,false,false,,,true
OK,,mobile,anchor,http://[::1]:4321/es/,Términos,/legal/terms-and-conditions,http://[::1]:4321/legal/terms-and-conditions,http://[::1]:4321/legal/terms-and-conditions,200,,false,false,false,,,true
OK,,mobile,anchor,http://[::1]:4321/es/,Política de cookies,/es/cookies,http://[::1]:4321/es/cookies,http://[::1]:4321/es/cookies,200,,false,false,false,,,true
OK,,mobile,anchor,http://[::1]:4321/es/,Más información,/es/cookies,http://[::1]:4321/es/cookies,http://[::1]:4321/es/cookies,200,,false,false,false,,,true
INFO,Intentional redirector (messaging deep link),mobile,anchor,http://[::1]:4321/es/,ESCRÍBENOS,https://wa.me/447786694723?text=Hola%2C%20me%20gustar%C3%ADa%20hablar%20con%20el%20equipo%20de%20Courtside.,https://wa.me/447786694723?text=Hola%2C%20me%20gustar%C3%ADa%20hablar%20con%20el%20equipo%20de%20Courtside.,/send/?phone=447786694723&amp,200,,false,true,true,_blank,noopener noreferrer,true
INFO,JS-driven CTA — verify behaviour manually (opens modal / drawer),mobile,js-cta,http://[::1]:4321/es/,EN,(javascript),,,0,,false,false,false,,,true
INFO,JS-driven CTA — verify behaviour manually (opens modal / drawer),mobile,js-cta,http://[::1]:4321/es/,ES,(javascript),,,0,,false,false,false,,,true
INFO,JS-driven CTA — verify behaviour manually (opens modal / drawer),mobile,js-cta,http://[::1]:4321/es/,FR,(javascript),,,0,,false,false,false,,,true
INFO,JS-driven CTA — verify behaviour manually (opens modal / drawer),mobile,js-cta,http://[::1]:4321/es/,DESCUBRE LAS EXPERIENCIAS,(javascript),,,0,,false,false,false,,,true
INFO,JS-driven CTA — verify behaviour manually (opens modal / drawer),mobile,js-cta,http://[::1]:4321/es/,PLANIFICA TU RETIRO,(javascript),,,0,,false,false,false,,,true
INFO,JS-driven CTA — verify behaviour manually (opens modal / drawer),mobile,js-cta,http://[::1]:4321/es/,‹,(javascript),,,0,,false,false,false,,,true
INFO,JS-driven CTA — verify behaviour manually (opens modal / drawer),mobile,js-cta,http://[::1]:4321/es/,Review 1,(javascript),,,0,,false,false,false,,,true
INFO,JS-driven CTA — verify behaviour manually (opens modal / drawer),mobile,js-cta,http://[::1]:4321/es/,Review 2,(javascript),,,0,,false,false,false,,,true
INFO,JS-driven CTA — verify behaviour manually (opens modal / drawer),mobile,js-cta,http://[::1]:4321/es/,Review 3,(javascript),,,0,,false,false,false,,,true
INFO,JS-driven CTA — verify behaviour manually (opens modal / drawer),mobile,js-cta,http://[::1]:4321/es/,Review 4,(javascript),,,0,,false,false,false,,,true
INFO,JS-driven CTA — verify behaviour manually (opens modal / drawer),mobile,js-cta,http://[::1]:4321/es/,›,(javascript),,,0,,false,false,false,,,true
INFO,JS-driven CTA — verify behaviour manually (opens modal / drawer),mobile,js-cta,http://[::1]:4321/es/,RECHAZAR NO ESENCIALES,(javascript),,,0,,false,false,false,,,true
INFO,JS-driven CTA — verify behaviour manually (opens modal / drawer),mobile,js-cta,http://[::1]:4321/es/,ACEPTAR TODAS,(javascript),,,0,,false,false,false,,,true
OK,,mobile,anchor,http://[::1]:4321/fr/,(no text),/fr/,http://[::1]:4321/fr/,http://[::1]:4321/fr/,200,,false,false,false,,,true
OK,,mobile,anchor,http://[::1]:4321/fr/,Notre Histoire,/fr/our-story,http://[::1]:4321/fr/our-story,http://[::1]:4321/fr/our-story,200,,false,false,false,,,false
OK,,mobile,anchor,http://[::1]:4321/fr/,L'Expérience,/fr/the-experience,http://[::1]:4321/fr/the-experience,http://[::1]:4321/fr/the-experience,200,,false,false,false,,,false
OK,,mobile,anchor,http://[::1]:4321/fr/,Prochaines Retraites,/fr/upcoming-retreats,http://[::1]:4321/fr/upcoming-retreats,http://[::1]:4321/fr/upcoming-retreats,200,,false,false,false,,,false
OK,,mobile,anchor,http://[::1]:4321/fr/,Notre Histoire,/fr/our-story,http://[::1]:4321/fr/our-story,http://[::1]:4321/fr/our-story,200,,false,false,false,,,true
OK,,mobile,anchor,http://[::1]:4321/fr/,L'Expérience,/fr/the-experience,http://[::1]:4321/fr/the-experience,http://[::1]:4321/fr/the-experience,200,,false,false,false,,,true
OK,,mobile,anchor,http://[::1]:4321/fr/,Menorca,https://menorca.cspadel.com/,https://menorca.cspadel.com/,https://menorca.cspadel.com/,200,,false,false,true,,,true
OK,,mobile,anchor,http://[::1]:4321/fr/,UK (East Sussex),/fr/east-sussex,http://[::1]:4321/fr/east-sussex,http://[::1]:4321/fr/east-sussex,200,,false,false,false,,,true
OK,,mobile,anchor,http://[::1]:4321/fr/,Bali,/fr/bali,http://[::1]:4321/fr/bali,http://[::1]:4321/fr/bali,200,,false,false,false,,,true
OK,,mobile,anchor,http://[::1]:4321/fr/,Dubai,/fr/dubai,http://[::1]:4321/fr/dubai,http://[::1]:4321/fr/dubai,200,,false,false,false,,,true
OK,,mobile,anchor,http://[::1]:4321/fr/,Prochaines Retraites,/fr/upcoming-retreats,http://[::1]:4321/fr/upcoming-retreats,http://[::1]:4321/fr/upcoming-retreats,200,,false,false,false,,,true
OK,,mobile,anchor,http://[::1]:4321/fr/,SEUL OU ENTRE AMIS Retraite Ouverte Rejoignez un groupe choisi de joueurs partageant la même passion pour cinq jours imm,https://menorca.cspadel.com/#rooms,https://menorca.cspadel.com/#rooms,https://menorca.cspadel.com/#rooms,200,,false,false,true,,,true
OK,,mobile,anchor,http://[::1]:4321/fr/,CONFIDENTIALITÉ ABSOLUE Retraite Privée Réservez l'intégralité du domaine en exclusivité pour votre groupe. Intimité tot,https://menorca.cspadel.com/#rooms,https://menorca.cspadel.com/#rooms,https://menorca.cspadel.com/#rooms,200,,false,false,true,,,true
OK,,mobile,anchor,http://[::1]:4321/fr/,DIRECTIONS & CONSEILS Entreprises et Dirigeants La stratégie en silence. Leadership de haut niveau et networking dans le,/fr/executive-retreat,http://[::1]:4321/fr/executive-retreat,http://[::1]:4321/fr/executive-retreat,200,,false,false,false,,,true
OK,,mobile,anchor,http://[::1]:4321/fr/,ÎLES BALÉARES · ESPAGNE MENORCA Sanctuaire Méditerranéen 30 SEP – 4 OCT 2026 IL RESTE PEU DE PLACES DÉCOUVRIR,https://menorca.cspadel.com/,https://menorca.cspadel.com/,https://menorca.cspadel.com/,200,,false,false,true,,,true
OK,,mobile,anchor,http://[::1]:4321/fr/,Voir tout,/fr/upcoming-retreats,http://[::1]:4321/fr/upcoming-retreats,http://[::1]:4321/fr/upcoming-retreats,200,,false,false,false,,,false
OK,,mobile,anchor,http://[::1]:4321/fr/,ULUWATU · BALI BALI Un domaine privé en bord de falaise. Padel d'élite. DÉCOUVRIR,/fr/bali,http://[::1]:4321/fr/bali,http://[::1]:4321/fr/bali,200,,false,false,false,,,true
OK,,mobile,anchor,http://[::1]:4321/fr/,BIENTÔT DISPONIBLE DUBAI Bientôt disponible. DÉCOUVRIR,/fr/dubai,http://[::1]:4321/fr/dubai,http://[::1]:4321/fr/dubai,200,,false,false,false,,,true
OK,,mobile,anchor,http://[::1]:4321/fr/,Courtside Padel on Instagram,https://www.instagram.com/padelcourtside/,https://www.instagram.com/padelcourtside/,https://www.instagram.com/padelcourtside/,200,,false,false,true,_blank,noopener noreferrer,true
OK,,mobile,anchor,http://[::1]:4321/fr/,Courtside Padel on LinkedIn,https://www.linkedin.com/company/https-cspadel.com-/,https://www.linkedin.com/company/https-cspadel.com-/,https://www.linkedin.com/company/https-cspadel.com-/,200,,false,false,true,_blank,noopener noreferrer,true
OK,,mobile,anchor,http://[::1]:4321/fr/,Menorca,https://menorca.cspadel.com/,https://menorca.cspadel.com/,https://menorca.cspadel.com/,200,,false,false,true,,,true
OK,,mobile,anchor,http://[::1]:4321/fr/,UK (East Sussex),/fr/east-sussex,http://[::1]:4321/fr/east-sussex,http://[::1]:4321/fr/east-sussex,200,,false,false,false,,,true
OK,,mobile,anchor,http://[::1]:4321/fr/,Bali,/fr/bali,http://[::1]:4321/fr/bali,http://[::1]:4321/fr/bali,200,,false,false,false,,,true
OK,,mobile,anchor,http://[::1]:4321/fr/,Dubai,/fr/dubai,http://[::1]:4321/fr/dubai,http://[::1]:4321/fr/dubai,200,,false,false,false,,,true
OK,,mobile,anchor,http://[::1]:4321/fr/,PROCHAINES RETRAITES,/fr/upcoming-retreats,http://[::1]:4321/fr/upcoming-retreats,http://[::1]:4321/fr/upcoming-retreats,200,,false,false,false,,,true
OK,,mobile,anchor,http://[::1]:4321/fr/,Notre Histoire,/fr/our-story,http://[::1]:4321/fr/our-story,http://[::1]:4321/fr/our-story,200,,false,false,false,,,true
OK,,mobile,anchor,http://[::1]:4321/fr/,L'Expérience,/fr/the-experience,http://[::1]:4321/fr/the-experience,http://[::1]:4321/fr/the-experience,200,,false,false,false,,,true
OK,,mobile,anchor,http://[::1]:4321/fr/,Entreprises et Dirigeants,/fr/executive-retreat,http://[::1]:4321/fr/executive-retreat,http://[::1]:4321/fr/executive-retreat,200,,false,false,false,,,true
INFO,Intentional redirector (messaging deep link),mobile,anchor,http://[::1]:4321/fr/,Concierge WhatsApp,https://wa.me/447786694723?text=Bonjour%2C%20je%20souhaiterais%20me%20renseigner%20sur%20une%20retraite%20Courtside%20Padel.,https://wa.me/447786694723?text=Bonjour%2C%20je%20souhaiterais%20me%20renseigner%20sur%20une%20retraite%20Courtside%20Padel.,/send/?phone=447786694723&amp,200,,false,true,true,_blank,noopener noreferrer,true
INFO,mailto: link (not fetched),mobile,anchor,http://[::1]:4321/fr/,awatelet@cspadel.com,mailto:awatelet@cspadel.com,mailto:awatelet@cspadel.com,,0,,false,false,false,,,true
INFO,Intentional redirector (messaging deep link),mobile,anchor,http://[::1]:4321/fr/,ÉCRIRE À L'ÉQUIPE,https://wa.me/447786694723?text=Bonjour%2C%20je%20souhaiterais%20me%20renseigner%20sur%20une%20retraite%20Courtside%20Padel.,https://wa.me/447786694723?text=Bonjour%2C%20je%20souhaiterais%20me%20renseigner%20sur%20une%20retraite%20Courtside%20Padel.,/send/?phone=447786694723&amp,200,,false,true,true,_blank,noopener noreferrer,true
OK,,mobile,anchor,http://[::1]:4321/fr/,Politique de confidentialité,/legal/privacy-policy,http://[::1]:4321/legal/privacy-policy,http://[::1]:4321/legal/privacy-policy,200,,false,false,false,,,true
OK,,mobile,anchor,http://[::1]:4321/fr/,Conditions d'utilisation,/legal/terms-and-conditions,http://[::1]:4321/legal/terms-and-conditions,http://[::1]:4321/legal/terms-and-conditions,200,,false,false,false,,,true
OK,,mobile,anchor,http://[::1]:4321/fr/,Politique de cookies,/fr/cookies,http://[::1]:4321/fr/cookies,http://[::1]:4321/fr/cookies,200,,false,false,false,,,true
OK,,mobile,anchor,http://[::1]:4321/fr/,En savoir plus,/fr/cookies,http://[::1]:4321/fr/cookies,http://[::1]:4321/fr/cookies,200,,false,false,false,,,true
INFO,Intentional redirector (messaging deep link),mobile,anchor,http://[::1]:4321/fr/,ÉCRIVEZ-NOUS,https://wa.me/447786694723?text=Bonjour%2C%20je%20souhaiterais%20parler%20avec%20l'%C3%A9quipe%20Courtside.,https://wa.me/447786694723?text=Bonjour%2C%20je%20souhaiterais%20parler%20avec%20l%27%C3%A9quipe%20Courtside.,/send/?phone=447786694723&amp,200,,false,true,true,_blank,noopener noreferrer,true
INFO,JS-driven CTA — verify behaviour manually (opens modal / drawer),mobile,js-cta,http://[::1]:4321/fr/,EN,(javascript),,,0,,false,false,false,,,true
INFO,JS-driven CTA — verify behaviour manually (opens modal / drawer),mobile,js-cta,http://[::1]:4321/fr/,ES,(javascript),,,0,,false,false,false,,,true
INFO,JS-driven CTA — verify behaviour manually (opens modal / drawer),mobile,js-cta,http://[::1]:4321/fr/,FR,(javascript),,,0,,false,false,false,,,true
INFO,JS-driven CTA — verify behaviour manually (opens modal / drawer),mobile,js-cta,http://[::1]:4321/fr/,DÉCOUVRIR LES EXPÉRIENCES,(javascript),,,0,,false,false,false,,,true
INFO,JS-driven CTA — verify behaviour manually (opens modal / drawer),mobile,js-cta,http://[::1]:4321/fr/,PLANIFIEZ VOTRE RETRAITE,(javascript),,,0,,false,false,false,,,true
INFO,JS-driven CTA — verify behaviour manually (opens modal / drawer),mobile,js-cta,http://[::1]:4321/fr/,‹,(javascript),,,0,,false,false,false,,,true
INFO,JS-driven CTA — verify behaviour manually (opens modal / drawer),mobile,js-cta,http://[::1]:4321/fr/,Review 1,(javascript),,,0,,false,false,false,,,true
INFO,JS-driven CTA — verify behaviour manually (opens modal / drawer),mobile,js-cta,http://[::1]:4321/fr/,Review 2,(javascript),,,0,,false,false,false,,,true
INFO,JS-driven CTA — verify behaviour manually (opens modal / drawer),mobile,js-cta,http://[::1]:4321/fr/,Review 3,(javascript),,,0,,false,false,false,,,true
INFO,JS-driven CTA — verify behaviour manually (opens modal / drawer),mobile,js-cta,http://[::1]:4321/fr/,Review 4,(javascript),,,0,,false,false,false,,,true
INFO,JS-driven CTA — verify behaviour manually (opens modal / drawer),mobile,js-cta,http://[::1]:4321/fr/,›,(javascript),,,0,,false,false,false,,,true
INFO,JS-driven CTA — verify behaviour manually (opens modal / drawer),mobile,js-cta,http://[::1]:4321/fr/,REFUSER LES NON ESSENTIELS,(javascript),,,0,,false,false,false,,,true
INFO,JS-driven CTA — verify behaviour manually (opens modal / drawer),mobile,js-cta,http://[::1]:4321/fr/,TOUT ACCEPTER,(javascript),,,0,,false,false,false,,,true
OK,,mobile,anchor,http://[::1]:4321/our-story,(no text),/,http://[::1]:4321/,http://[::1]:4321/,200,,false,false,false,,,true
OK,,mobile,anchor,http://[::1]:4321/our-story,Our Story,/our-story,http://[::1]:4321/our-story,http://[::1]:4321/our-story,200,,false,false,false,,,false
OK,,mobile,anchor,http://[::1]:4321/our-story,The Experience,/the-experience,http://[::1]:4321/the-experience,http://[::1]:4321/the-experience,200,,false,false,false,,,false
OK,,mobile,anchor,http://[::1]:4321/our-story,Upcoming Retreats,/upcoming-retreats,http://[::1]:4321/upcoming-retreats,http://[::1]:4321/upcoming-retreats,200,,false,false,false,,,false
OK,,mobile,anchor,http://[::1]:4321/our-story,Our Story,/our-story,http://[::1]:4321/our-story,http://[::1]:4321/our-story,200,,false,false,false,,,true
OK,,mobile,anchor,http://[::1]:4321/our-story,The Experience,/the-experience,http://[::1]:4321/the-experience,http://[::1]:4321/the-experience,200,,false,false,false,,,true
OK,,mobile,anchor,http://[::1]:4321/our-story,Menorca,https://menorca.cspadel.com/,https://menorca.cspadel.com/,https://menorca.cspadel.com/,200,,false,false,true,,,true
OK,,mobile,anchor,http://[::1]:4321/our-story,UK (East Sussex),/east-sussex,http://[::1]:4321/east-sussex,http://[::1]:4321/east-sussex,200,,false,false,false,,,true
OK,,mobile,anchor,http://[::1]:4321/our-story,Bali,/bali,http://[::1]:4321/bali,http://[::1]:4321/bali,200,,false,false,false,,,true
OK,,mobile,anchor,http://[::1]:4321/our-story,Dubai,/dubai,http://[::1]:4321/dubai,http://[::1]:4321/dubai,200,,false,false,false,,,true
OK,,mobile,anchor,http://[::1]:4321/our-story,Upcoming Retreats,/upcoming-retreats,http://[::1]:4321/upcoming-retreats,http://[::1]:4321/upcoming-retreats,200,,false,false,false,,,true
OK,,mobile,anchor,http://[::1]:4321/our-story,Courtside Padel on Instagram,https://www.instagram.com/padelcourtside/,https://www.instagram.com/padelcourtside/,https://www.instagram.com/padelcourtside/,200,,false,false,true,_blank,noopener noreferrer,true
OK,,mobile,anchor,http://[::1]:4321/our-story,Courtside Padel on LinkedIn,https://www.linkedin.com/company/https-cspadel.com-/,https://www.linkedin.com/company/https-cspadel.com-/,https://www.linkedin.com/company/https-cspadel.com-/,200,,false,false,true,_blank,noopener noreferrer,true
OK,,mobile,anchor,http://[::1]:4321/our-story,Menorca,https://menorca.cspadel.com/,https://menorca.cspadel.com/,https://menorca.cspadel.com/,200,,false,false,true,,,true
OK,,mobile,anchor,http://[::1]:4321/our-story,UK (East Sussex),/east-sussex,http://[::1]:4321/east-sussex,http://[::1]:4321/east-sussex,200,,false,false,false,,,true
OK,,mobile,anchor,http://[::1]:4321/our-story,Bali,/bali,http://[::1]:4321/bali,http://[::1]:4321/bali,200,,false,false,false,,,true
OK,,mobile,anchor,http://[::1]:4321/our-story,Dubai,/dubai,http://[::1]:4321/dubai,http://[::1]:4321/dubai,200,,false,false,false,,,true
OK,,mobile,anchor,http://[::1]:4321/our-story,UPCOMING RETREATS,/upcoming-retreats,http://[::1]:4321/upcoming-retreats,http://[::1]:4321/upcoming-retreats,200,,false,false,false,,,true
OK,,mobile,anchor,http://[::1]:4321/our-story,Our Story,/our-story,http://[::1]:4321/our-story,http://[::1]:4321/our-story,200,,false,false,false,,,true
OK,,mobile,anchor,http://[::1]:4321/our-story,The Experience,/the-experience,http://[::1]:4321/the-experience,http://[::1]:4321/the-experience,200,,false,false,false,,,true
OK,,mobile,anchor,http://[::1]:4321/our-story,Corporate & Executive,/executive-retreat,http://[::1]:4321/executive-retreat,http://[::1]:4321/executive-retreat,200,,false,false,false,,,true
INFO,Intentional redirector (messaging deep link),mobile,anchor,http://[::1]:4321/our-story,WhatsApp Concierge,https://wa.me/447786694723?text=Hello%2C%20I'd%20like%20to%20enquire%20about%20a%20Courtside%20Padel%20retreat.,https://wa.me/447786694723?text=Hello%2C%20I%27d%20like%20to%20enquire%20about%20a%20Courtside%20Padel%20retreat.,/send/?phone=447786694723&amp,200,,false,true,true,_blank,noopener noreferrer,true
INFO,mailto: link (not fetched),mobile,anchor,http://[::1]:4321/our-story,awatelet@cspadel.com,mailto:awatelet@cspadel.com,mailto:awatelet@cspadel.com,,0,,false,false,false,,,true
INFO,Intentional redirector (messaging deep link),mobile,anchor,http://[::1]:4321/our-story,MESSAGE THE TEAM,https://wa.me/447786694723?text=Hello%2C%20I'd%20like%20to%20enquire%20about%20a%20Courtside%20Padel%20retreat.,https://wa.me/447786694723?text=Hello%2C%20I%27d%20like%20to%20enquire%20about%20a%20Courtside%20Padel%20retreat.,/send/?phone=447786694723&amp,200,,false,true,true,_blank,noopener noreferrer,true
OK,,mobile,anchor,http://[::1]:4321/our-story,Privacy Policy,/legal/privacy-policy,http://[::1]:4321/legal/privacy-policy,http://[::1]:4321/legal/privacy-policy,200,,false,false,false,,,true
OK,,mobile,anchor,http://[::1]:4321/our-story,Terms of Service,/legal/terms-and-conditions,http://[::1]:4321/legal/terms-and-conditions,http://[::1]:4321/legal/terms-and-conditions,200,,false,false,false,,,true
OK,,mobile,anchor,http://[::1]:4321/our-story,Cookie Policy,/cookies,http://[::1]:4321/cookies,http://[::1]:4321/cookies,200,,false,false,false,,,true
OK,,mobile,anchor,http://[::1]:4321/our-story,Learn more,/cookies,http://[::1]:4321/cookies,http://[::1]:4321/cookies,200,,false,false,false,,,true
INFO,Intentional redirector (messaging deep link),mobile,anchor,http://[::1]:4321/our-story,CHAT WITH US,https://wa.me/447786694723?text=Hello%2C%20I'd%20like%20to%20speak%20with%20the%20Courtside%20team.,https://wa.me/447786694723?text=Hello%2C%20I%27d%20like%20to%20speak%20with%20the%20Courtside%20team.,/send/?phone=447786694723&amp,200,,false,true,true,_blank,noopener noreferrer,true
INFO,JS-driven CTA — verify behaviour manually (opens modal / drawer),mobile,js-cta,http://[::1]:4321/our-story,EN,(javascript),,,0,,false,false,false,,,true
INFO,JS-driven CTA — verify behaviour manually (opens modal / drawer),mobile,js-cta,http://[::1]:4321/our-story,ES,(javascript),,,0,,false,false,false,,,true
INFO,JS-driven CTA — verify behaviour manually (opens modal / drawer),mobile,js-cta,http://[::1]:4321/our-story,FR,(javascript),,,0,,false,false,false,,,true
INFO,JS-driven CTA — verify behaviour manually (opens modal / drawer),mobile,js-cta,http://[::1]:4321/our-story,ENQUIRE ABOUT A RETREAT,(javascript),,,0,,false,false,false,,,true
INFO,JS-driven CTA — verify behaviour manually (opens modal / drawer),mobile,js-cta,http://[::1]:4321/our-story,REJECT NON-ESSENTIAL,(javascript),,,0,,false,false,false,,,true
INFO,JS-driven CTA — verify behaviour manually (opens modal / drawer),mobile,js-cta,http://[::1]:4321/our-story,ACCEPT ALL,(javascript),,,0,,false,false,false,,,true
OK,,mobile,anchor,http://[::1]:4321/the-experience,(no text),/,http://[::1]:4321/,http://[::1]:4321/,200,,false,false,false,,,true
OK,,mobile,anchor,http://[::1]:4321/the-experience,Our Story,/our-story,http://[::1]:4321/our-story,http://[::1]:4321/our-story,200,,false,false,false,,,false
OK,,mobile,anchor,http://[::1]:4321/the-experience,The Experience,/the-experience,http://[::1]:4321/the-experience,http://[::1]:4321/the-experience,200,,false,false,false,,,false
OK,,mobile,anchor,http://[::1]:4321/the-experience,Upcoming Retreats,/upcoming-retreats,http://[::1]:4321/upcoming-retreats,http://[::1]:4321/upcoming-retreats,200,,false,false,false,,,false
OK,,mobile,anchor,http://[::1]:4321/the-experience,Our Story,/our-story,http://[::1]:4321/our-story,http://[::1]:4321/our-story,200,,false,false,false,,,true
OK,,mobile,anchor,http://[::1]:4321/the-experience,The Experience,/the-experience,http://[::1]:4321/the-experience,http://[::1]:4321/the-experience,200,,false,false,false,,,true
OK,,mobile,anchor,http://[::1]:4321/the-experience,Menorca,https://menorca.cspadel.com/,https://menorca.cspadel.com/,https://menorca.cspadel.com/,200,,false,false,true,,,true
OK,,mobile,anchor,http://[::1]:4321/the-experience,UK (East Sussex),/east-sussex,http://[::1]:4321/east-sussex,http://[::1]:4321/east-sussex,200,,false,false,false,,,true
OK,,mobile,anchor,http://[::1]:4321/the-experience,Bali,/bali,http://[::1]:4321/bali,http://[::1]:4321/bali,200,,false,false,false,,,true
OK,,mobile,anchor,http://[::1]:4321/the-experience,Dubai,/dubai,http://[::1]:4321/dubai,http://[::1]:4321/dubai,200,,false,false,false,,,true
OK,,mobile,anchor,http://[::1]:4321/the-experience,Upcoming Retreats,/upcoming-retreats,http://[::1]:4321/upcoming-retreats,http://[::1]:4321/upcoming-retreats,200,,false,false,false,,,true
OK,,mobile,anchor,http://[::1]:4321/the-experience,Courtside Padel on Instagram,https://www.instagram.com/padelcourtside/,https://www.instagram.com/padelcourtside/,https://www.instagram.com/padelcourtside/,200,,false,false,true,_blank,noopener noreferrer,true
OK,,mobile,anchor,http://[::1]:4321/the-experience,Courtside Padel on LinkedIn,https://www.linkedin.com/company/https-cspadel.com-/,https://www.linkedin.com/company/https-cspadel.com-/,https://www.linkedin.com/company/https-cspadel.com-/,200,,false,false,true,_blank,noopener noreferrer,true
OK,,mobile,anchor,http://[::1]:4321/the-experience,Menorca,https://menorca.cspadel.com/,https://menorca.cspadel.com/,https://menorca.cspadel.com/,200,,false,false,true,,,true
OK,,mobile,anchor,http://[::1]:4321/the-experience,UK (East Sussex),/east-sussex,http://[::1]:4321/east-sussex,http://[::1]:4321/east-sussex,200,,false,false,false,,,true
OK,,mobile,anchor,http://[::1]:4321/the-experience,Bali,/bali,http://[::1]:4321/bali,http://[::1]:4321/bali,200,,false,false,false,,,true
OK,,mobile,anchor,http://[::1]:4321/the-experience,Dubai,/dubai,http://[::1]:4321/dubai,http://[::1]:4321/dubai,200,,false,false,false,,,true
OK,,mobile,anchor,http://[::1]:4321/the-experience,UPCOMING RETREATS,/upcoming-retreats,http://[::1]:4321/upcoming-retreats,http://[::1]:4321/upcoming-retreats,200,,false,false,false,,,true
OK,,mobile,anchor,http://[::1]:4321/the-experience,Our Story,/our-story,http://[::1]:4321/our-story,http://[::1]:4321/our-story,200,,false,false,false,,,true
OK,,mobile,anchor,http://[::1]:4321/the-experience,The Experience,/the-experience,http://[::1]:4321/the-experience,http://[::1]:4321/the-experience,200,,false,false,false,,,true
OK,,mobile,anchor,http://[::1]:4321/the-experience,Corporate & Executive,/executive-retreat,http://[::1]:4321/executive-retreat,http://[::1]:4321/executive-retreat,200,,false,false,false,,,true
INFO,Intentional redirector (messaging deep link),mobile,anchor,http://[::1]:4321/the-experience,WhatsApp Concierge,https://wa.me/447786694723?text=Hello%2C%20I'd%20like%20to%20enquire%20about%20a%20Courtside%20Padel%20retreat.,https://wa.me/447786694723?text=Hello%2C%20I%27d%20like%20to%20enquire%20about%20a%20Courtside%20Padel%20retreat.,/send/?phone=447786694723&amp,200,,false,true,true,_blank,noopener noreferrer,true
INFO,mailto: link (not fetched),mobile,anchor,http://[::1]:4321/the-experience,awatelet@cspadel.com,mailto:awatelet@cspadel.com,mailto:awatelet@cspadel.com,,0,,false,false,false,,,true
INFO,Intentional redirector (messaging deep link),mobile,anchor,http://[::1]:4321/the-experience,MESSAGE THE TEAM,https://wa.me/447786694723?text=Hello%2C%20I'd%20like%20to%20enquire%20about%20a%20Courtside%20Padel%20retreat.,https://wa.me/447786694723?text=Hello%2C%20I%27d%20like%20to%20enquire%20about%20a%20Courtside%20Padel%20retreat.,/send/?phone=447786694723&amp,200,,false,true,true,_blank,noopener noreferrer,true
OK,,mobile,anchor,http://[::1]:4321/the-experience,Privacy Policy,/legal/privacy-policy,http://[::1]:4321/legal/privacy-policy,http://[::1]:4321/legal/privacy-policy,200,,false,false,false,,,true
OK,,mobile,anchor,http://[::1]:4321/the-experience,Terms of Service,/legal/terms-and-conditions,http://[::1]:4321/legal/terms-and-conditions,http://[::1]:4321/legal/terms-and-conditions,200,,false,false,false,,,true
OK,,mobile,anchor,http://[::1]:4321/the-experience,Cookie Policy,/cookies,http://[::1]:4321/cookies,http://[::1]:4321/cookies,200,,false,false,false,,,true
OK,,mobile,anchor,http://[::1]:4321/the-experience,Learn more,/cookies,http://[::1]:4321/cookies,http://[::1]:4321/cookies,200,,false,false,false,,,true
INFO,Intentional redirector (messaging deep link),mobile,anchor,http://[::1]:4321/the-experience,CHAT WITH US,https://wa.me/447786694723?text=Hello%2C%20I'd%20like%20to%20speak%20with%20the%20Courtside%20team.,https://wa.me/447786694723?text=Hello%2C%20I%27d%20like%20to%20speak%20with%20the%20Courtside%20team.,/send/?phone=447786694723&amp,200,,false,true,true,_blank,noopener noreferrer,true
INFO,JS-driven CTA — verify behaviour manually (opens modal / drawer),mobile,js-cta,http://[::1]:4321/the-experience,EN,(javascript),,,0,,false,false,false,,,true
INFO,JS-driven CTA — verify behaviour manually (opens modal / drawer),mobile,js-cta,http://[::1]:4321/the-experience,ES,(javascript),,,0,,false,false,false,,,true
INFO,JS-driven CTA — verify behaviour manually (opens modal / drawer),mobile,js-cta,http://[::1]:4321/the-experience,FR,(javascript),,,0,,false,false,false,,,true
INFO,JS-driven CTA — verify behaviour manually (opens modal / drawer),mobile,js-cta,http://[::1]:4321/the-experience,ENQUIRE ABOUT A RETREAT,(javascript),,,0,,false,false,false,,,true
INFO,JS-driven CTA — verify behaviour manually (opens modal / drawer),mobile,js-cta,http://[::1]:4321/the-experience,REJECT NON-ESSENTIAL,(javascript),,,0,,false,false,false,,,true
INFO,JS-driven CTA — verify behaviour manually (opens modal / drawer),mobile,js-cta,http://[::1]:4321/the-experience,ACCEPT ALL,(javascript),,,0,,false,false,false,,,true
OK,,mobile,anchor,http://[::1]:4321/upcoming-retreats,(no text),/,http://[::1]:4321/,http://[::1]:4321/,200,,false,false,false,,,true
OK,,mobile,anchor,http://[::1]:4321/upcoming-retreats,Our Story,/our-story,http://[::1]:4321/our-story,http://[::1]:4321/our-story,200,,false,false,false,,,false
OK,,mobile,anchor,http://[::1]:4321/upcoming-retreats,The Experience,/the-experience,http://[::1]:4321/the-experience,http://[::1]:4321/the-experience,200,,false,false,false,,,false
OK,,mobile,anchor,http://[::1]:4321/upcoming-retreats,Upcoming Retreats,/upcoming-retreats,http://[::1]:4321/upcoming-retreats,http://[::1]:4321/upcoming-retreats,200,,false,false,false,,,false
OK,,mobile,anchor,http://[::1]:4321/upcoming-retreats,Our Story,/our-story,http://[::1]:4321/our-story,http://[::1]:4321/our-story,200,,false,false,false,,,true
OK,,mobile,anchor,http://[::1]:4321/upcoming-retreats,The Experience,/the-experience,http://[::1]:4321/the-experience,http://[::1]:4321/the-experience,200,,false,false,false,,,true
OK,,mobile,anchor,http://[::1]:4321/upcoming-retreats,Menorca,https://menorca.cspadel.com/,https://menorca.cspadel.com/,https://menorca.cspadel.com/,200,,false,false,true,,,true
OK,,mobile,anchor,http://[::1]:4321/upcoming-retreats,UK (East Sussex),/east-sussex,http://[::1]:4321/east-sussex,http://[::1]:4321/east-sussex,200,,false,false,false,,,true
OK,,mobile,anchor,http://[::1]:4321/upcoming-retreats,Bali,/bali,http://[::1]:4321/bali,http://[::1]:4321/bali,200,,false,false,false,,,true
OK,,mobile,anchor,http://[::1]:4321/upcoming-retreats,Dubai,/dubai,http://[::1]:4321/dubai,http://[::1]:4321/dubai,200,,false,false,false,,,true
OK,,mobile,anchor,http://[::1]:4321/upcoming-retreats,Upcoming Retreats,/upcoming-retreats,http://[::1]:4321/upcoming-retreats,http://[::1]:4321/upcoming-retreats,200,,false,false,false,,,true
OK,,mobile,anchor,http://[::1]:4321/upcoming-retreats,EXPLORE MENORCA,https://menorca.cspadel.com/,https://menorca.cspadel.com/,https://menorca.cspadel.com/,200,,false,false,true,,,true
OK,,mobile,anchor,http://[::1]:4321/upcoming-retreats,EXPLORE BALI,/bali,http://[::1]:4321/bali,http://[::1]:4321/bali,200,,false,false,false,,,true
OK,,mobile,anchor,http://[::1]:4321/upcoming-retreats,Courtside Padel on Instagram,https://www.instagram.com/padelcourtside/,https://www.instagram.com/padelcourtside/,https://www.instagram.com/padelcourtside/,200,,false,false,true,_blank,noopener noreferrer,true
OK,,mobile,anchor,http://[::1]:4321/upcoming-retreats,Courtside Padel on LinkedIn,https://www.linkedin.com/company/https-cspadel.com-/,https://www.linkedin.com/company/https-cspadel.com-/,https://www.linkedin.com/company/https-cspadel.com-/,200,,false,false,true,_blank,noopener noreferrer,true
OK,,mobile,anchor,http://[::1]:4321/upcoming-retreats,Menorca,https://menorca.cspadel.com/,https://menorca.cspadel.com/,https://menorca.cspadel.com/,200,,false,false,true,,,true
OK,,mobile,anchor,http://[::1]:4321/upcoming-retreats,UK (East Sussex),/east-sussex,http://[::1]:4321/east-sussex,http://[::1]:4321/east-sussex,200,,false,false,false,,,true
OK,,mobile,anchor,http://[::1]:4321/upcoming-retreats,Bali,/bali,http://[::1]:4321/bali,http://[::1]:4321/bali,200,,false,false,false,,,true
OK,,mobile,anchor,http://[::1]:4321/upcoming-retreats,Dubai,/dubai,http://[::1]:4321/dubai,http://[::1]:4321/dubai,200,,false,false,false,,,true
OK,,mobile,anchor,http://[::1]:4321/upcoming-retreats,UPCOMING RETREATS,/upcoming-retreats,http://[::1]:4321/upcoming-retreats,http://[::1]:4321/upcoming-retreats,200,,false,false,false,,,true
OK,,mobile,anchor,http://[::1]:4321/upcoming-retreats,Our Story,/our-story,http://[::1]:4321/our-story,http://[::1]:4321/our-story,200,,false,false,false,,,true
OK,,mobile,anchor,http://[::1]:4321/upcoming-retreats,The Experience,/the-experience,http://[::1]:4321/the-experience,http://[::1]:4321/the-experience,200,,false,false,false,,,true
OK,,mobile,anchor,http://[::1]:4321/upcoming-retreats,Corporate & Executive,/executive-retreat,http://[::1]:4321/executive-retreat,http://[::1]:4321/executive-retreat,200,,false,false,false,,,true
INFO,Intentional redirector (messaging deep link),mobile,anchor,http://[::1]:4321/upcoming-retreats,WhatsApp Concierge,https://wa.me/447786694723?text=Hello%2C%20I'd%20like%20to%20enquire%20about%20a%20Courtside%20Padel%20retreat.,https://wa.me/447786694723?text=Hello%2C%20I%27d%20like%20to%20enquire%20about%20a%20Courtside%20Padel%20retreat.,/send/?phone=447786694723&amp,200,,false,true,true,_blank,noopener noreferrer,true
INFO,mailto: link (not fetched),mobile,anchor,http://[::1]:4321/upcoming-retreats,awatelet@cspadel.com,mailto:awatelet@cspadel.com,mailto:awatelet@cspadel.com,,0,,false,false,false,,,true
INFO,Intentional redirector (messaging deep link),mobile,anchor,http://[::1]:4321/upcoming-retreats,MESSAGE THE TEAM,https://wa.me/447786694723?text=Hello%2C%20I'd%20like%20to%20enquire%20about%20a%20Courtside%20Padel%20retreat.,https://wa.me/447786694723?text=Hello%2C%20I%27d%20like%20to%20enquire%20about%20a%20Courtside%20Padel%20retreat.,/send/?phone=447786694723&amp,200,,false,true,true,_blank,noopener noreferrer,true
OK,,mobile,anchor,http://[::1]:4321/upcoming-retreats,Privacy Policy,/legal/privacy-policy,http://[::1]:4321/legal/privacy-policy,http://[::1]:4321/legal/privacy-policy,200,,false,false,false,,,true
OK,,mobile,anchor,http://[::1]:4321/upcoming-retreats,Terms of Service,/legal/terms-and-conditions,http://[::1]:4321/legal/terms-and-conditions,http://[::1]:4321/legal/terms-and-conditions,200,,false,false,false,,,true
OK,,mobile,anchor,http://[::1]:4321/upcoming-retreats,Cookie Policy,/cookies,http://[::1]:4321/cookies,http://[::1]:4321/cookies,200,,false,false,false,,,true
OK,,mobile,anchor,http://[::1]:4321/upcoming-retreats,Learn more,/cookies,http://[::1]:4321/cookies,http://[::1]:4321/cookies,200,,false,false,false,,,true
INFO,Intentional redirector (messaging deep link),mobile,anchor,http://[::1]:4321/upcoming-retreats,CHAT WITH US,https://wa.me/447786694723?text=Hello%2C%20I'd%20like%20to%20speak%20with%20the%20Courtside%20team.,https://wa.me/447786694723?text=Hello%2C%20I%27d%20like%20to%20speak%20with%20the%20Courtside%20team.,/send/?phone=447786694723&amp,200,,false,true,true,_blank,noopener noreferrer,true
INFO,JS-driven CTA — verify behaviour manually (opens modal / drawer),mobile,js-cta,http://[::1]:4321/upcoming-retreats,EN,(javascript),,,0,,false,false,false,,,true
INFO,JS-driven CTA — verify behaviour manually (opens modal / drawer),mobile,js-cta,http://[::1]:4321/upcoming-retreats,ES,(javascript),,,0,,false,false,false,,,true
INFO,JS-driven CTA — verify behaviour manually (opens modal / drawer),mobile,js-cta,http://[::1]:4321/upcoming-retreats,FR,(javascript),,,0,,false,false,false,,,true
INFO,JS-driven CTA — verify behaviour manually (opens modal / drawer),mobile,js-cta,http://[::1]:4321/upcoming-retreats,PLAN YOUR RETREAT,(javascript),,,0,,false,false,false,,,true
INFO,JS-driven CTA — verify behaviour manually (opens modal / drawer),mobile,js-cta,http://[::1]:4321/upcoming-retreats,REJECT NON-ESSENTIAL,(javascript),,,0,,false,false,false,,,true
INFO,JS-driven CTA — verify behaviour manually (opens modal / drawer),mobile,js-cta,http://[::1]:4321/upcoming-retreats,ACCEPT ALL,(javascript),,,0,,false,false,false,,,true
OK,,mobile,anchor,http://[::1]:4321/executive-retreat,(no text),/,http://[::1]:4321/,http://[::1]:4321/,200,,false,false,false,,,true
OK,,mobile,anchor,http://[::1]:4321/executive-retreat,Our Story,/our-story,http://[::1]:4321/our-story,http://[::1]:4321/our-story,200,,false,false,false,,,false
OK,,mobile,anchor,http://[::1]:4321/executive-retreat,The Experience,/the-experience,http://[::1]:4321/the-experience,http://[::1]:4321/the-experience,200,,false,false,false,,,false
OK,,mobile,anchor,http://[::1]:4321/executive-retreat,Upcoming Retreats,/upcoming-retreats,http://[::1]:4321/upcoming-retreats,http://[::1]:4321/upcoming-retreats,200,,false,false,false,,,false
OK,,mobile,anchor,http://[::1]:4321/executive-retreat,Our Story,/our-story,http://[::1]:4321/our-story,http://[::1]:4321/our-story,200,,false,false,false,,,true
OK,,mobile,anchor,http://[::1]:4321/executive-retreat,The Experience,/the-experience,http://[::1]:4321/the-experience,http://[::1]:4321/the-experience,200,,false,false,false,,,true
OK,,mobile,anchor,http://[::1]:4321/executive-retreat,Menorca,https://menorca.cspadel.com/,https://menorca.cspadel.com/,https://menorca.cspadel.com/,200,,false,false,true,,,true
OK,,mobile,anchor,http://[::1]:4321/executive-retreat,UK (East Sussex),/east-sussex,http://[::1]:4321/east-sussex,http://[::1]:4321/east-sussex,200,,false,false,false,,,true
OK,,mobile,anchor,http://[::1]:4321/executive-retreat,Bali,/bali,http://[::1]:4321/bali,http://[::1]:4321/bali,200,,false,false,false,,,true
OK,,mobile,anchor,http://[::1]:4321/executive-retreat,Dubai,/dubai,http://[::1]:4321/dubai,http://[::1]:4321/dubai,200,,false,false,false,,,true
OK,,mobile,anchor,http://[::1]:4321/executive-retreat,Upcoming Retreats,/upcoming-retreats,http://[::1]:4321/upcoming-retreats,http://[::1]:4321/upcoming-retreats,200,,false,false,false,,,true
INFO,mailto: link (not fetched),mobile,anchor,http://[::1]:4321/executive-retreat,ENQUIRE ABOUT A CORPORATE RETREAT,mailto:awatelet@cspadel.com,mailto:awatelet@cspadel.com,,0,,false,false,false,,,true
OK,,mobile,anchor,http://[::1]:4321/executive-retreat,Courtside Padel on Instagram,https://www.instagram.com/padelcourtside/,https://www.instagram.com/padelcourtside/,https://www.instagram.com/padelcourtside/,200,,false,false,true,_blank,noopener noreferrer,true
OK,,mobile,anchor,http://[::1]:4321/executive-retreat,Courtside Padel on LinkedIn,https://www.linkedin.com/company/https-cspadel.com-/,https://www.linkedin.com/company/https-cspadel.com-/,https://www.linkedin.com/company/https-cspadel.com-/,200,,false,false,true,_blank,noopener noreferrer,true
OK,,mobile,anchor,http://[::1]:4321/executive-retreat,Menorca,https://menorca.cspadel.com/,https://menorca.cspadel.com/,https://menorca.cspadel.com/,200,,false,false,true,,,true
OK,,mobile,anchor,http://[::1]:4321/executive-retreat,UK (East Sussex),/east-sussex,http://[::1]:4321/east-sussex,http://[::1]:4321/east-sussex,200,,false,false,false,,,true
OK,,mobile,anchor,http://[::1]:4321/executive-retreat,Bali,/bali,http://[::1]:4321/bali,http://[::1]:4321/bali,200,,false,false,false,,,true
OK,,mobile,anchor,http://[::1]:4321/executive-retreat,Dubai,/dubai,http://[::1]:4321/dubai,http://[::1]:4321/dubai,200,,false,false,false,,,true
OK,,mobile,anchor,http://[::1]:4321/executive-retreat,UPCOMING RETREATS,/upcoming-retreats,http://[::1]:4321/upcoming-retreats,http://[::1]:4321/upcoming-retreats,200,,false,false,false,,,true
OK,,mobile,anchor,http://[::1]:4321/executive-retreat,Our Story,/our-story,http://[::1]:4321/our-story,http://[::1]:4321/our-story,200,,false,false,false,,,true
OK,,mobile,anchor,http://[::1]:4321/executive-retreat,The Experience,/the-experience,http://[::1]:4321/the-experience,http://[::1]:4321/the-experience,200,,false,false,false,,,true
OK,,mobile,anchor,http://[::1]:4321/executive-retreat,Corporate & Executive,/executive-retreat,http://[::1]:4321/executive-retreat,http://[::1]:4321/executive-retreat,200,,false,false,false,,,true
INFO,Intentional redirector (messaging deep link),mobile,anchor,http://[::1]:4321/executive-retreat,WhatsApp Concierge,https://wa.me/447786694723?text=Hello%2C%20I'd%20like%20to%20enquire%20about%20a%20Courtside%20Padel%20retreat.,https://wa.me/447786694723?text=Hello%2C%20I%27d%20like%20to%20enquire%20about%20a%20Courtside%20Padel%20retreat.,/send/?phone=447786694723&amp,200,,false,true,true,_blank,noopener noreferrer,true
INFO,mailto: link (not fetched),mobile,anchor,http://[::1]:4321/executive-retreat,awatelet@cspadel.com,mailto:awatelet@cspadel.com,mailto:awatelet@cspadel.com,,0,,false,false,false,,,true
INFO,Intentional redirector (messaging deep link),mobile,anchor,http://[::1]:4321/executive-retreat,MESSAGE THE TEAM,https://wa.me/447786694723?text=Hello%2C%20I'd%20like%20to%20enquire%20about%20a%20Courtside%20Padel%20retreat.,https://wa.me/447786694723?text=Hello%2C%20I%27d%20like%20to%20enquire%20about%20a%20Courtside%20Padel%20retreat.,/send/?phone=447786694723&amp,200,,false,true,true,_blank,noopener noreferrer,true
OK,,mobile,anchor,http://[::1]:4321/executive-retreat,Privacy Policy,/legal/privacy-policy,http://[::1]:4321/legal/privacy-policy,http://[::1]:4321/legal/privacy-policy,200,,false,false,false,,,true
OK,,mobile,anchor,http://[::1]:4321/executive-retreat,Terms of Service,/legal/terms-and-conditions,http://[::1]:4321/legal/terms-and-conditions,http://[::1]:4321/legal/terms-and-conditions,200,,false,false,false,,,true
OK,,mobile,anchor,http://[::1]:4321/executive-retreat,Cookie Policy,/cookies,http://[::1]:4321/cookies,http://[::1]:4321/cookies,200,,false,false,false,,,true
OK,,mobile,anchor,http://[::1]:4321/executive-retreat,Learn more,/cookies,http://[::1]:4321/cookies,http://[::1]:4321/cookies,200,,false,false,false,,,true
INFO,Intentional redirector (messaging deep link),mobile,anchor,http://[::1]:4321/executive-retreat,CHAT WITH US,https://wa.me/447786694723?text=Hello%2C%20I'd%20like%20to%20speak%20with%20the%20Courtside%20team.,https://wa.me/447786694723?text=Hello%2C%20I%27d%20like%20to%20speak%20with%20the%20Courtside%20team.,/send/?phone=447786694723&amp,200,,false,true,true,_blank,noopener noreferrer,true
INFO,JS-driven CTA — verify behaviour manually (opens modal / drawer),mobile,js-cta,http://[::1]:4321/executive-retreat,EN,(javascript),,,0,,false,false,false,,,true
INFO,JS-driven CTA — verify behaviour manually (opens modal / drawer),mobile,js-cta,http://[::1]:4321/executive-retreat,ES,(javascript),,,0,,false,false,false,,,true
INFO,JS-driven CTA — verify behaviour manually (opens modal / drawer),mobile,js-cta,http://[::1]:4321/executive-retreat,FR,(javascript),,,0,,false,false,false,,,true
INFO,JS-driven CTA — verify behaviour manually (opens modal / drawer),mobile,js-cta,http://[::1]:4321/executive-retreat,REJECT NON-ESSENTIAL,(javascript),,,0,,false,false,false,,,true
INFO,JS-driven CTA — verify behaviour manually (opens modal / drawer),mobile,js-cta,http://[::1]:4321/executive-retreat,ACCEPT ALL,(javascript),,,0,,false,false,false,,,true
OK,,mobile,anchor,http://[::1]:4321/bali,(no text),/,http://[::1]:4321/,http://[::1]:4321/,200,,false,false,false,,,true
OK,,mobile,anchor,http://[::1]:4321/bali,Our Story,/our-story,http://[::1]:4321/our-story,http://[::1]:4321/our-story,200,,false,false,false,,,false
OK,,mobile,anchor,http://[::1]:4321/bali,The Experience,/the-experience,http://[::1]:4321/the-experience,http://[::1]:4321/the-experience,200,,false,false,false,,,false
OK,,mobile,anchor,http://[::1]:4321/bali,Upcoming Retreats,/upcoming-retreats,http://[::1]:4321/upcoming-retreats,http://[::1]:4321/upcoming-retreats,200,,false,false,false,,,false
OK,,mobile,anchor,http://[::1]:4321/bali,Our Story,/our-story,http://[::1]:4321/our-story,http://[::1]:4321/our-story,200,,false,false,false,,,true
OK,,mobile,anchor,http://[::1]:4321/bali,The Experience,/the-experience,http://[::1]:4321/the-experience,http://[::1]:4321/the-experience,200,,false,false,false,,,true
OK,,mobile,anchor,http://[::1]:4321/bali,Menorca,https://menorca.cspadel.com/,https://menorca.cspadel.com/,https://menorca.cspadel.com/,200,,false,false,true,,,true
OK,,mobile,anchor,http://[::1]:4321/bali,UK (East Sussex),/east-sussex,http://[::1]:4321/east-sussex,http://[::1]:4321/east-sussex,200,,false,false,false,,,true
OK,,mobile,anchor,http://[::1]:4321/bali,Bali,/bali,http://[::1]:4321/bali,http://[::1]:4321/bali,200,,false,false,false,,,true
OK,,mobile,anchor,http://[::1]:4321/bali,Dubai,/dubai,http://[::1]:4321/dubai,http://[::1]:4321/dubai,200,,false,false,false,,,true
OK,,mobile,anchor,http://[::1]:4321/bali,Upcoming Retreats,/upcoming-retreats,http://[::1]:4321/upcoming-retreats,http://[::1]:4321/upcoming-retreats,200,,false,false,false,,,true
OK,,mobile,anchor,http://[::1]:4321/bali,Courtside Padel on Instagram,https://www.instagram.com/padelcourtside/,https://www.instagram.com/padelcourtside/,https://www.instagram.com/padelcourtside/,200,,false,false,true,_blank,noopener noreferrer,true
OK,,mobile,anchor,http://[::1]:4321/bali,Courtside Padel on LinkedIn,https://www.linkedin.com/company/https-cspadel.com-/,https://www.linkedin.com/company/https-cspadel.com-/,https://www.linkedin.com/company/https-cspadel.com-/,200,,false,false,true,_blank,noopener noreferrer,true
OK,,mobile,anchor,http://[::1]:4321/bali,Menorca,https://menorca.cspadel.com/,https://menorca.cspadel.com/,https://menorca.cspadel.com/,200,,false,false,true,,,true
OK,,mobile,anchor,http://[::1]:4321/bali,UK (East Sussex),/east-sussex,http://[::1]:4321/east-sussex,http://[::1]:4321/east-sussex,200,,false,false,false,,,true
OK,,mobile,anchor,http://[::1]:4321/bali,Bali,/bali,http://[::1]:4321/bali,http://[::1]:4321/bali,200,,false,false,false,,,true
OK,,mobile,anchor,http://[::1]:4321/bali,Dubai,/dubai,http://[::1]:4321/dubai,http://[::1]:4321/dubai,200,,false,false,false,,,true
OK,,mobile,anchor,http://[::1]:4321/bali,UPCOMING RETREATS,/upcoming-retreats,http://[::1]:4321/upcoming-retreats,http://[::1]:4321/upcoming-retreats,200,,false,false,false,,,true
OK,,mobile,anchor,http://[::1]:4321/bali,Our Story,/our-story,http://[::1]:4321/our-story,http://[::1]:4321/our-story,200,,false,false,false,,,true
OK,,mobile,anchor,http://[::1]:4321/bali,The Experience,/the-experience,http://[::1]:4321/the-experience,http://[::1]:4321/the-experience,200,,false,false,false,,,true
OK,,mobile,anchor,http://[::1]:4321/bali,Corporate & Executive,/executive-retreat,http://[::1]:4321/executive-retreat,http://[::1]:4321/executive-retreat,200,,false,false,false,,,true
INFO,Intentional redirector (messaging deep link),mobile,anchor,http://[::1]:4321/bali,WhatsApp Concierge,https://wa.me/447786694723?text=Hello%2C%20I'd%20like%20to%20enquire%20about%20a%20Courtside%20Padel%20retreat.,https://wa.me/447786694723?text=Hello%2C%20I%27d%20like%20to%20enquire%20about%20a%20Courtside%20Padel%20retreat.,/send/?phone=447786694723&amp,200,,false,true,true,_blank,noopener noreferrer,true
INFO,mailto: link (not fetched),mobile,anchor,http://[::1]:4321/bali,awatelet@cspadel.com,mailto:awatelet@cspadel.com,mailto:awatelet@cspadel.com,,0,,false,false,false,,,true
INFO,Intentional redirector (messaging deep link),mobile,anchor,http://[::1]:4321/bali,MESSAGE THE TEAM,https://wa.me/447786694723?text=Hello%2C%20I'd%20like%20to%20enquire%20about%20a%20Courtside%20Padel%20retreat.,https://wa.me/447786694723?text=Hello%2C%20I%27d%20like%20to%20enquire%20about%20a%20Courtside%20Padel%20retreat.,/send/?phone=447786694723&amp,200,,false,true,true,_blank,noopener noreferrer,true
OK,,mobile,anchor,http://[::1]:4321/bali,Privacy Policy,/legal/privacy-policy,http://[::1]:4321/legal/privacy-policy,http://[::1]:4321/legal/privacy-policy,200,,false,false,false,,,true
OK,,mobile,anchor,http://[::1]:4321/bali,Terms of Service,/legal/terms-and-conditions,http://[::1]:4321/legal/terms-and-conditions,http://[::1]:4321/legal/terms-and-conditions,200,,false,false,false,,,true
OK,,mobile,anchor,http://[::1]:4321/bali,Cookie Policy,/cookies,http://[::1]:4321/cookies,http://[::1]:4321/cookies,200,,false,false,false,,,true
OK,,mobile,anchor,http://[::1]:4321/bali,Learn more,/cookies,http://[::1]:4321/cookies,http://[::1]:4321/cookies,200,,false,false,false,,,true
INFO,Intentional redirector (messaging deep link),mobile,anchor,http://[::1]:4321/bali,CHAT WITH US,https://wa.me/447786694723?text=Hello%2C%20I'd%20like%20to%20speak%20with%20the%20Courtside%20team.,https://wa.me/447786694723?text=Hello%2C%20I%27d%20like%20to%20speak%20with%20the%20Courtside%20team.,/send/?phone=447786694723&amp,200,,false,true,true,_blank,noopener noreferrer,true
INFO,JS-driven CTA — verify behaviour manually (opens modal / drawer),mobile,js-cta,http://[::1]:4321/bali,EN,(javascript),,,0,,false,false,false,,,true
INFO,JS-driven CTA — verify behaviour manually (opens modal / drawer),mobile,js-cta,http://[::1]:4321/bali,ES,(javascript),,,0,,false,false,false,,,true
INFO,JS-driven CTA — verify behaviour manually (opens modal / drawer),mobile,js-cta,http://[::1]:4321/bali,FR,(javascript),,,0,,false,false,false,,,true
INFO,JS-driven CTA — verify behaviour manually (opens modal / drawer),mobile,js-cta,http://[::1]:4321/bali,ENQUIRE ABOUT BALI,(javascript),,,0,,false,false,false,,,true
INFO,JS-driven CTA — verify behaviour manually (opens modal / drawer),mobile,js-cta,http://[::1]:4321/bali,REJECT NON-ESSENTIAL,(javascript),,,0,,false,false,false,,,true
INFO,JS-driven CTA — verify behaviour manually (opens modal / drawer),mobile,js-cta,http://[::1]:4321/bali,ACCEPT ALL,(javascript),,,0,,false,false,false,,,true
OK,,mobile,anchor,http://[::1]:4321/dubai,(no text),/,http://[::1]:4321/,http://[::1]:4321/,200,,false,false,false,,,true
OK,,mobile,anchor,http://[::1]:4321/dubai,Our Story,/our-story,http://[::1]:4321/our-story,http://[::1]:4321/our-story,200,,false,false,false,,,false
OK,,mobile,anchor,http://[::1]:4321/dubai,The Experience,/the-experience,http://[::1]:4321/the-experience,http://[::1]:4321/the-experience,200,,false,false,false,,,false
OK,,mobile,anchor,http://[::1]:4321/dubai,Upcoming Retreats,/upcoming-retreats,http://[::1]:4321/upcoming-retreats,http://[::1]:4321/upcoming-retreats,200,,false,false,false,,,false
OK,,mobile,anchor,http://[::1]:4321/dubai,Our Story,/our-story,http://[::1]:4321/our-story,http://[::1]:4321/our-story,200,,false,false,false,,,true
OK,,mobile,anchor,http://[::1]:4321/dubai,The Experience,/the-experience,http://[::1]:4321/the-experience,http://[::1]:4321/the-experience,200,,false,false,false,,,true
OK,,mobile,anchor,http://[::1]:4321/dubai,Menorca,https://menorca.cspadel.com/,https://menorca.cspadel.com/,https://menorca.cspadel.com/,200,,false,false,true,,,true
OK,,mobile,anchor,http://[::1]:4321/dubai,UK (East Sussex),/east-sussex,http://[::1]:4321/east-sussex,http://[::1]:4321/east-sussex,200,,false,false,false,,,true
OK,,mobile,anchor,http://[::1]:4321/dubai,Bali,/bali,http://[::1]:4321/bali,http://[::1]:4321/bali,200,,false,false,false,,,true
OK,,mobile,anchor,http://[::1]:4321/dubai,Dubai,/dubai,http://[::1]:4321/dubai,http://[::1]:4321/dubai,200,,false,false,false,,,true
OK,,mobile,anchor,http://[::1]:4321/dubai,Upcoming Retreats,/upcoming-retreats,http://[::1]:4321/upcoming-retreats,http://[::1]:4321/upcoming-retreats,200,,false,false,false,,,true
OK,,mobile,anchor,http://[::1]:4321/dubai,Courtside Padel on Instagram,https://www.instagram.com/padelcourtside/,https://www.instagram.com/padelcourtside/,https://www.instagram.com/padelcourtside/,200,,false,false,true,_blank,noopener noreferrer,true
OK,,mobile,anchor,http://[::1]:4321/dubai,Courtside Padel on LinkedIn,https://www.linkedin.com/company/https-cspadel.com-/,https://www.linkedin.com/company/https-cspadel.com-/,https://www.linkedin.com/company/https-cspadel.com-/,200,,false,false,true,_blank,noopener noreferrer,true
OK,,mobile,anchor,http://[::1]:4321/dubai,Menorca,https://menorca.cspadel.com/,https://menorca.cspadel.com/,https://menorca.cspadel.com/,200,,false,false,true,,,true
OK,,mobile,anchor,http://[::1]:4321/dubai,UK (East Sussex),/east-sussex,http://[::1]:4321/east-sussex,http://[::1]:4321/east-sussex,200,,false,false,false,,,true
OK,,mobile,anchor,http://[::1]:4321/dubai,Bali,/bali,http://[::1]:4321/bali,http://[::1]:4321/bali,200,,false,false,false,,,true
OK,,mobile,anchor,http://[::1]:4321/dubai,Dubai,/dubai,http://[::1]:4321/dubai,http://[::1]:4321/dubai,200,,false,false,false,,,true
OK,,mobile,anchor,http://[::1]:4321/dubai,UPCOMING RETREATS,/upcoming-retreats,http://[::1]:4321/upcoming-retreats,http://[::1]:4321/upcoming-retreats,200,,false,false,false,,,true
OK,,mobile,anchor,http://[::1]:4321/dubai,Our Story,/our-story,http://[::1]:4321/our-story,http://[::1]:4321/our-story,200,,false,false,false,,,true
OK,,mobile,anchor,http://[::1]:4321/dubai,The Experience,/the-experience,http://[::1]:4321/the-experience,http://[::1]:4321/the-experience,200,,false,false,false,,,true
OK,,mobile,anchor,http://[::1]:4321/dubai,Corporate & Executive,/executive-retreat,http://[::1]:4321/executive-retreat,http://[::1]:4321/executive-retreat,200,,false,false,false,,,true
INFO,Intentional redirector (messaging deep link),mobile,anchor,http://[::1]:4321/dubai,WhatsApp Concierge,https://wa.me/447786694723?text=Hello%2C%20I'd%20like%20to%20enquire%20about%20a%20Courtside%20Padel%20retreat.,https://wa.me/447786694723?text=Hello%2C%20I%27d%20like%20to%20enquire%20about%20a%20Courtside%20Padel%20retreat.,/send/?phone=447786694723&amp,200,,false,true,true,_blank,noopener noreferrer,true
INFO,mailto: link (not fetched),mobile,anchor,http://[::1]:4321/dubai,awatelet@cspadel.com,mailto:awatelet@cspadel.com,mailto:awatelet@cspadel.com,,0,,false,false,false,,,true
INFO,Intentional redirector (messaging deep link),mobile,anchor,http://[::1]:4321/dubai,MESSAGE THE TEAM,https://wa.me/447786694723?text=Hello%2C%20I'd%20like%20to%20enquire%20about%20a%20Courtside%20Padel%20retreat.,https://wa.me/447786694723?text=Hello%2C%20I%27d%20like%20to%20enquire%20about%20a%20Courtside%20Padel%20retreat.,/send/?phone=447786694723&amp,200,,false,true,true,_blank,noopener noreferrer,true
OK,,mobile,anchor,http://[::1]:4321/dubai,Privacy Policy,/legal/privacy-policy,http://[::1]:4321/legal/privacy-policy,http://[::1]:4321/legal/privacy-policy,200,,false,false,false,,,true
OK,,mobile,anchor,http://[::1]:4321/dubai,Terms of Service,/legal/terms-and-conditions,http://[::1]:4321/legal/terms-and-conditions,http://[::1]:4321/legal/terms-and-conditions,200,,false,false,false,,,true
OK,,mobile,anchor,http://[::1]:4321/dubai,Cookie Policy,/cookies,http://[::1]:4321/cookies,http://[::1]:4321/cookies,200,,false,false,false,,,true
OK,,mobile,anchor,http://[::1]:4321/dubai,Learn more,/cookies,http://[::1]:4321/cookies,http://[::1]:4321/cookies,200,,false,false,false,,,true
INFO,Intentional redirector (messaging deep link),mobile,anchor,http://[::1]:4321/dubai,CHAT WITH US,https://wa.me/447786694723?text=Hello%2C%20I'd%20like%20to%20speak%20with%20the%20Courtside%20team.,https://wa.me/447786694723?text=Hello%2C%20I%27d%20like%20to%20speak%20with%20the%20Courtside%20team.,/send/?phone=447786694723&amp,200,,false,true,true,_blank,noopener noreferrer,true
INFO,JS-driven CTA — verify behaviour manually (opens modal / drawer),mobile,js-cta,http://[::1]:4321/dubai,EN,(javascript),,,0,,false,false,false,,,true
INFO,JS-driven CTA — verify behaviour manually (opens modal / drawer),mobile,js-cta,http://[::1]:4321/dubai,ES,(javascript),,,0,,false,false,false,,,true
INFO,JS-driven CTA — verify behaviour manually (opens modal / drawer),mobile,js-cta,http://[::1]:4321/dubai,FR,(javascript),,,0,,false,false,false,,,true
INFO,JS-driven CTA — verify behaviour manually (opens modal / drawer),mobile,js-cta,http://[::1]:4321/dubai,GET IN TOUCH,(javascript),,,0,,false,false,false,,,true
INFO,JS-driven CTA — verify behaviour manually (opens modal / drawer),mobile,js-cta,http://[::1]:4321/dubai,REJECT NON-ESSENTIAL,(javascript),,,0,,false,false,false,,,true
INFO,JS-driven CTA — verify behaviour manually (opens modal / drawer),mobile,js-cta,http://[::1]:4321/dubai,ACCEPT ALL,(javascript),,,0,,false,false,false,,,true
OK,,mobile,anchor,http://[::1]:4321/east-sussex,(no text),/,http://[::1]:4321/,http://[::1]:4321/,200,,false,false,false,,,true
OK,,mobile,anchor,http://[::1]:4321/east-sussex,Our Story,/our-story,http://[::1]:4321/our-story,http://[::1]:4321/our-story,200,,false,false,false,,,false
OK,,mobile,anchor,http://[::1]:4321/east-sussex,The Experience,/the-experience,http://[::1]:4321/the-experience,http://[::1]:4321/the-experience,200,,false,false,false,,,false
OK,,mobile,anchor,http://[::1]:4321/east-sussex,Upcoming Retreats,/upcoming-retreats,http://[::1]:4321/upcoming-retreats,http://[::1]:4321/upcoming-retreats,200,,false,false,false,,,false
OK,,mobile,anchor,http://[::1]:4321/east-sussex,Our Story,/our-story,http://[::1]:4321/our-story,http://[::1]:4321/our-story,200,,false,false,false,,,true
OK,,mobile,anchor,http://[::1]:4321/east-sussex,The Experience,/the-experience,http://[::1]:4321/the-experience,http://[::1]:4321/the-experience,200,,false,false,false,,,true
OK,,mobile,anchor,http://[::1]:4321/east-sussex,Menorca,https://menorca.cspadel.com/,https://menorca.cspadel.com/,https://menorca.cspadel.com/,200,,false,false,true,,,true
OK,,mobile,anchor,http://[::1]:4321/east-sussex,UK (East Sussex),/east-sussex,http://[::1]:4321/east-sussex,http://[::1]:4321/east-sussex,200,,false,false,false,,,true
OK,,mobile,anchor,http://[::1]:4321/east-sussex,Bali,/bali,http://[::1]:4321/bali,http://[::1]:4321/bali,200,,false,false,false,,,true
OK,,mobile,anchor,http://[::1]:4321/east-sussex,Dubai,/dubai,http://[::1]:4321/dubai,http://[::1]:4321/dubai,200,,false,false,false,,,true
OK,,mobile,anchor,http://[::1]:4321/east-sussex,Upcoming Retreats,/upcoming-retreats,http://[::1]:4321/upcoming-retreats,http://[::1]:4321/upcoming-retreats,200,,false,false,false,,,true
OK,,mobile,anchor,http://[::1]:4321/east-sussex,Courtside Padel on Instagram,https://www.instagram.com/padelcourtside/,https://www.instagram.com/padelcourtside/,https://www.instagram.com/padelcourtside/,200,,false,false,true,_blank,noopener noreferrer,true
OK,,mobile,anchor,http://[::1]:4321/east-sussex,Courtside Padel on LinkedIn,https://www.linkedin.com/company/https-cspadel.com-/,https://www.linkedin.com/company/https-cspadel.com-/,https://www.linkedin.com/company/https-cspadel.com-/,200,,false,false,true,_blank,noopener noreferrer,true
OK,,mobile,anchor,http://[::1]:4321/east-sussex,Menorca,https://menorca.cspadel.com/,https://menorca.cspadel.com/,https://menorca.cspadel.com/,200,,false,false,true,,,true
OK,,mobile,anchor,http://[::1]:4321/east-sussex,UK (East Sussex),/east-sussex,http://[::1]:4321/east-sussex,http://[::1]:4321/east-sussex,200,,false,false,false,,,true
OK,,mobile,anchor,http://[::1]:4321/east-sussex,Bali,/bali,http://[::1]:4321/bali,http://[::1]:4321/bali,200,,false,false,false,,,true
OK,,mobile,anchor,http://[::1]:4321/east-sussex,Dubai,/dubai,http://[::1]:4321/dubai,http://[::1]:4321/dubai,200,,false,false,false,,,true
OK,,mobile,anchor,http://[::1]:4321/east-sussex,UPCOMING RETREATS,/upcoming-retreats,http://[::1]:4321/upcoming-retreats,http://[::1]:4321/upcoming-retreats,200,,false,false,false,,,true
OK,,mobile,anchor,http://[::1]:4321/east-sussex,Our Story,/our-story,http://[::1]:4321/our-story,http://[::1]:4321/our-story,200,,false,false,false,,,true
OK,,mobile,anchor,http://[::1]:4321/east-sussex,The Experience,/the-experience,http://[::1]:4321/the-experience,http://[::1]:4321/the-experience,200,,false,false,false,,,true
OK,,mobile,anchor,http://[::1]:4321/east-sussex,Corporate & Executive,/executive-retreat,http://[::1]:4321/executive-retreat,http://[::1]:4321/executive-retreat,200,,false,false,false,,,true
INFO,Intentional redirector (messaging deep link),mobile,anchor,http://[::1]:4321/east-sussex,WhatsApp Concierge,https://wa.me/447786694723?text=Hello%2C%20I'd%20like%20to%20enquire%20about%20a%20Courtside%20Padel%20retreat.,https://wa.me/447786694723?text=Hello%2C%20I%27d%20like%20to%20enquire%20about%20a%20Courtside%20Padel%20retreat.,/send/?phone=447786694723&amp,200,,false,true,true,_blank,noopener noreferrer,true
INFO,mailto: link (not fetched),mobile,anchor,http://[::1]:4321/east-sussex,awatelet@cspadel.com,mailto:awatelet@cspadel.com,mailto:awatelet@cspadel.com,,0,,false,false,false,,,true
INFO,Intentional redirector (messaging deep link),mobile,anchor,http://[::1]:4321/east-sussex,MESSAGE THE TEAM,https://wa.me/447786694723?text=Hello%2C%20I'd%20like%20to%20enquire%20about%20a%20Courtside%20Padel%20retreat.,https://wa.me/447786694723?text=Hello%2C%20I%27d%20like%20to%20enquire%20about%20a%20Courtside%20Padel%20retreat.,/send/?phone=447786694723&amp,200,,false,true,true,_blank,noopener noreferrer,true
OK,,mobile,anchor,http://[::1]:4321/east-sussex,Privacy Policy,/legal/privacy-policy,http://[::1]:4321/legal/privacy-policy,http://[::1]:4321/legal/privacy-policy,200,,false,false,false,,,true
OK,,mobile,anchor,http://[::1]:4321/east-sussex,Terms of Service,/legal/terms-and-conditions,http://[::1]:4321/legal/terms-and-conditions,http://[::1]:4321/legal/terms-and-conditions,200,,false,false,false,,,true
OK,,mobile,anchor,http://[::1]:4321/east-sussex,Cookie Policy,/cookies,http://[::1]:4321/cookies,http://[::1]:4321/cookies,200,,false,false,false,,,true
OK,,mobile,anchor,http://[::1]:4321/east-sussex,Learn more,/cookies,http://[::1]:4321/cookies,http://[::1]:4321/cookies,200,,false,false,false,,,true
INFO,Intentional redirector (messaging deep link),mobile,anchor,http://[::1]:4321/east-sussex,CHAT WITH US,https://wa.me/447786694723?text=Hello%2C%20I'd%20like%20to%20speak%20with%20the%20Courtside%20team.,https://wa.me/447786694723?text=Hello%2C%20I%27d%20like%20to%20speak%20with%20the%20Courtside%20team.,/send/?phone=447786694723&amp,200,,false,true,true,_blank,noopener noreferrer,true
INFO,JS-driven CTA — verify behaviour manually (opens modal / drawer),mobile,js-cta,http://[::1]:4321/east-sussex,EN,(javascript),,,0,,false,false,false,,,true
INFO,JS-driven CTA — verify behaviour manually (opens modal / drawer),mobile,js-cta,http://[::1]:4321/east-sussex,ES,(javascript),,,0,,false,false,false,,,true
INFO,JS-driven CTA — verify behaviour manually (opens modal / drawer),mobile,js-cta,http://[::1]:4321/east-sussex,FR,(javascript),,,0,,false,false,false,,,true
INFO,JS-driven CTA — verify behaviour manually (opens modal / drawer),mobile,js-cta,http://[::1]:4321/east-sussex,ENQUIRE ABOUT EAST SUSSEX,(javascript),,,0,,false,false,false,,,true
INFO,JS-driven CTA — verify behaviour manually (opens modal / drawer),mobile,js-cta,http://[::1]:4321/east-sussex,REJECT NON-ESSENTIAL,(javascript),,,0,,false,false,false,,,true
INFO,JS-driven CTA — verify behaviour manually (opens modal / drawer),mobile,js-cta,http://[::1]:4321/east-sussex,ACCEPT ALL,(javascript),,,0,,false,false,false,,,true
OK,,mobile,anchor,http://[::1]:4321/legal/privacy-policy,(no text),/,http://[::1]:4321/,http://[::1]:4321/,200,,false,false,false,,,true
OK,,mobile,anchor,http://[::1]:4321/legal/privacy-policy,Our Story,/our-story,http://[::1]:4321/our-story,http://[::1]:4321/our-story,200,,false,false,false,,,false
OK,,mobile,anchor,http://[::1]:4321/legal/privacy-policy,The Experience,/the-experience,http://[::1]:4321/the-experience,http://[::1]:4321/the-experience,200,,false,false,false,,,false
OK,,mobile,anchor,http://[::1]:4321/legal/privacy-policy,Upcoming Retreats,/upcoming-retreats,http://[::1]:4321/upcoming-retreats,http://[::1]:4321/upcoming-retreats,200,,false,false,false,,,false
OK,,mobile,anchor,http://[::1]:4321/legal/privacy-policy,Our Story,/our-story,http://[::1]:4321/our-story,http://[::1]:4321/our-story,200,,false,false,false,,,true
OK,,mobile,anchor,http://[::1]:4321/legal/privacy-policy,The Experience,/the-experience,http://[::1]:4321/the-experience,http://[::1]:4321/the-experience,200,,false,false,false,,,true
OK,,mobile,anchor,http://[::1]:4321/legal/privacy-policy,Menorca,https://menorca.cspadel.com/,https://menorca.cspadel.com/,https://menorca.cspadel.com/,200,,false,false,true,,,true
OK,,mobile,anchor,http://[::1]:4321/legal/privacy-policy,UK (East Sussex),/east-sussex,http://[::1]:4321/east-sussex,http://[::1]:4321/east-sussex,200,,false,false,false,,,true
OK,,mobile,anchor,http://[::1]:4321/legal/privacy-policy,Bali,/bali,http://[::1]:4321/bali,http://[::1]:4321/bali,200,,false,false,false,,,true
OK,,mobile,anchor,http://[::1]:4321/legal/privacy-policy,Dubai,/dubai,http://[::1]:4321/dubai,http://[::1]:4321/dubai,200,,false,false,false,,,true
OK,,mobile,anchor,http://[::1]:4321/legal/privacy-policy,Upcoming Retreats,/upcoming-retreats,http://[::1]:4321/upcoming-retreats,http://[::1]:4321/upcoming-retreats,200,,false,false,false,,,true
INFO,mailto: link (not fetched),mobile,anchor,http://[::1]:4321/legal/privacy-policy,awatelet@cspadel.com,mailto:awatelet@cspadel.com,mailto:awatelet@cspadel.com,,0,,false,false,false,,,true
INFO,mailto: link (not fetched),mobile,anchor,http://[::1]:4321/legal/privacy-policy,awatelet@cspadel.com,mailto:awatelet@cspadel.com,mailto:awatelet@cspadel.com,,0,,false,false,false,,,true
OK,,mobile,anchor,http://[::1]:4321/legal/privacy-policy,ico.org.uk,https://ico.org.uk,https://ico.org.uk/,https://ico.org.uk/,200,,false,false,true,_blank,noopener noreferrer,true
OK,,mobile,anchor,http://[::1]:4321/legal/privacy-policy,Cookie Policy,/cookies,http://[::1]:4321/cookies,http://[::1]:4321/cookies,200,,false,false,false,,,true
INFO,mailto: link (not fetched),mobile,anchor,http://[::1]:4321/legal/privacy-policy,awatelet@cspadel.com,mailto:awatelet@cspadel.com,mailto:awatelet@cspadel.com,,0,,false,false,false,,,true
OK,,mobile,anchor,http://[::1]:4321/legal/privacy-policy,Courtside Padel on Instagram,https://www.instagram.com/padelcourtside/,https://www.instagram.com/padelcourtside/,https://www.instagram.com/padelcourtside/,200,,false,false,true,_blank,noopener noreferrer,true
OK,,mobile,anchor,http://[::1]:4321/legal/privacy-policy,Courtside Padel on LinkedIn,https://www.linkedin.com/company/https-cspadel.com-/,https://www.linkedin.com/company/https-cspadel.com-/,https://www.linkedin.com/company/https-cspadel.com-/,200,,false,false,true,_blank,noopener noreferrer,true
OK,,mobile,anchor,http://[::1]:4321/legal/privacy-policy,Menorca,https://menorca.cspadel.com/,https://menorca.cspadel.com/,https://menorca.cspadel.com/,200,,false,false,true,,,true
OK,,mobile,anchor,http://[::1]:4321/legal/privacy-policy,UK (East Sussex),/east-sussex,http://[::1]:4321/east-sussex,http://[::1]:4321/east-sussex,200,,false,false,false,,,true
OK,,mobile,anchor,http://[::1]:4321/legal/privacy-policy,Bali,/bali,http://[::1]:4321/bali,http://[::1]:4321/bali,200,,false,false,false,,,true
OK,,mobile,anchor,http://[::1]:4321/legal/privacy-policy,Dubai,/dubai,http://[::1]:4321/dubai,http://[::1]:4321/dubai,200,,false,false,false,,,true
OK,,mobile,anchor,http://[::1]:4321/legal/privacy-policy,UPCOMING RETREATS,/upcoming-retreats,http://[::1]:4321/upcoming-retreats,http://[::1]:4321/upcoming-retreats,200,,false,false,false,,,true
OK,,mobile,anchor,http://[::1]:4321/legal/privacy-policy,Our Story,/our-story,http://[::1]:4321/our-story,http://[::1]:4321/our-story,200,,false,false,false,,,true
OK,,mobile,anchor,http://[::1]:4321/legal/privacy-policy,The Experience,/the-experience,http://[::1]:4321/the-experience,http://[::1]:4321/the-experience,200,,false,false,false,,,true
OK,,mobile,anchor,http://[::1]:4321/legal/privacy-policy,Corporate & Executive,/executive-retreat,http://[::1]:4321/executive-retreat,http://[::1]:4321/executive-retreat,200,,false,false,false,,,true
INFO,Intentional redirector (messaging deep link),mobile,anchor,http://[::1]:4321/legal/privacy-policy,WhatsApp Concierge,https://wa.me/447786694723?text=Hello%2C%20I'd%20like%20to%20enquire%20about%20a%20Courtside%20Padel%20retreat.,https://wa.me/447786694723?text=Hello%2C%20I%27d%20like%20to%20enquire%20about%20a%20Courtside%20Padel%20retreat.,/send/?phone=447786694723&amp,200,,false,true,true,_blank,noopener noreferrer,true
INFO,mailto: link (not fetched),mobile,anchor,http://[::1]:4321/legal/privacy-policy,awatelet@cspadel.com,mailto:awatelet@cspadel.com,mailto:awatelet@cspadel.com,,0,,false,false,false,,,true
INFO,Intentional redirector (messaging deep link),mobile,anchor,http://[::1]:4321/legal/privacy-policy,MESSAGE THE TEAM,https://wa.me/447786694723?text=Hello%2C%20I'd%20like%20to%20enquire%20about%20a%20Courtside%20Padel%20retreat.,https://wa.me/447786694723?text=Hello%2C%20I%27d%20like%20to%20enquire%20about%20a%20Courtside%20Padel%20retreat.,/send/?phone=447786694723&amp,200,,false,true,true,_blank,noopener noreferrer,true
OK,,mobile,anchor,http://[::1]:4321/legal/privacy-policy,Privacy Policy,/legal/privacy-policy,http://[::1]:4321/legal/privacy-policy,http://[::1]:4321/legal/privacy-policy,200,,false,false,false,,,true
OK,,mobile,anchor,http://[::1]:4321/legal/privacy-policy,Terms of Service,/legal/terms-and-conditions,http://[::1]:4321/legal/terms-and-conditions,http://[::1]:4321/legal/terms-and-conditions,200,,false,false,false,,,true
OK,,mobile,anchor,http://[::1]:4321/legal/privacy-policy,Cookie Policy,/cookies,http://[::1]:4321/cookies,http://[::1]:4321/cookies,200,,false,false,false,,,true
OK,,mobile,anchor,http://[::1]:4321/legal/privacy-policy,Learn more,/cookies,http://[::1]:4321/cookies,http://[::1]:4321/cookies,200,,false,false,false,,,true
INFO,Intentional redirector (messaging deep link),mobile,anchor,http://[::1]:4321/legal/privacy-policy,CHAT WITH US,https://wa.me/447786694723?text=Hello%2C%20I'd%20like%20to%20speak%20with%20the%20Courtside%20team.,https://wa.me/447786694723?text=Hello%2C%20I%27d%20like%20to%20speak%20with%20the%20Courtside%20team.,/send/?phone=447786694723&amp,200,,false,true,true,_blank,noopener noreferrer,true
INFO,JS-driven CTA — verify behaviour manually (opens modal / drawer),mobile,js-cta,http://[::1]:4321/legal/privacy-policy,EN,(javascript),,,0,,false,false,false,,,true
INFO,JS-driven CTA — verify behaviour manually (opens modal / drawer),mobile,js-cta,http://[::1]:4321/legal/privacy-policy,ES,(javascript),,,0,,false,false,false,,,true
INFO,JS-driven CTA — verify behaviour manually (opens modal / drawer),mobile,js-cta,http://[::1]:4321/legal/privacy-policy,FR,(javascript),,,0,,false,false,false,,,true
INFO,JS-driven CTA — verify behaviour manually (opens modal / drawer),mobile,js-cta,http://[::1]:4321/legal/privacy-policy,REJECT NON-ESSENTIAL,(javascript),,,0,,false,false,false,,,true
INFO,JS-driven CTA — verify behaviour manually (opens modal / drawer),mobile,js-cta,http://[::1]:4321/legal/privacy-policy,ACCEPT ALL,(javascript),,,0,,false,false,false,,,true
OK,,mobile,anchor,http://[::1]:4321/legal/terms-and-conditions,(no text),/,http://[::1]:4321/,http://[::1]:4321/,200,,false,false,false,,,true
OK,,mobile,anchor,http://[::1]:4321/legal/terms-and-conditions,Our Story,/our-story,http://[::1]:4321/our-story,http://[::1]:4321/our-story,200,,false,false,false,,,false
OK,,mobile,anchor,http://[::1]:4321/legal/terms-and-conditions,The Experience,/the-experience,http://[::1]:4321/the-experience,http://[::1]:4321/the-experience,200,,false,false,false,,,false
OK,,mobile,anchor,http://[::1]:4321/legal/terms-and-conditions,Upcoming Retreats,/upcoming-retreats,http://[::1]:4321/upcoming-retreats,http://[::1]:4321/upcoming-retreats,200,,false,false,false,,,false
OK,,mobile,anchor,http://[::1]:4321/legal/terms-and-conditions,Our Story,/our-story,http://[::1]:4321/our-story,http://[::1]:4321/our-story,200,,false,false,false,,,true
OK,,mobile,anchor,http://[::1]:4321/legal/terms-and-conditions,The Experience,/the-experience,http://[::1]:4321/the-experience,http://[::1]:4321/the-experience,200,,false,false,false,,,true
OK,,mobile,anchor,http://[::1]:4321/legal/terms-and-conditions,Menorca,https://menorca.cspadel.com/,https://menorca.cspadel.com/,https://menorca.cspadel.com/,200,,false,false,true,,,true
OK,,mobile,anchor,http://[::1]:4321/legal/terms-and-conditions,UK (East Sussex),/east-sussex,http://[::1]:4321/east-sussex,http://[::1]:4321/east-sussex,200,,false,false,false,,,true
OK,,mobile,anchor,http://[::1]:4321/legal/terms-and-conditions,Bali,/bali,http://[::1]:4321/bali,http://[::1]:4321/bali,200,,false,false,false,,,true
OK,,mobile,anchor,http://[::1]:4321/legal/terms-and-conditions,Dubai,/dubai,http://[::1]:4321/dubai,http://[::1]:4321/dubai,200,,false,false,false,,,true
OK,,mobile,anchor,http://[::1]:4321/legal/terms-and-conditions,Upcoming Retreats,/upcoming-retreats,http://[::1]:4321/upcoming-retreats,http://[::1]:4321/upcoming-retreats,200,,false,false,false,,,true
INFO,mailto: link (not fetched),mobile,anchor,http://[::1]:4321/legal/terms-and-conditions,awatelet@cspadel.com,mailto:awatelet@cspadel.com,mailto:awatelet@cspadel.com,,0,,false,false,false,,,true
OK,,mobile,anchor,http://[::1]:4321/legal/terms-and-conditions,Privacy Policy,/legal/privacy-policy,http://[::1]:4321/legal/privacy-policy,http://[::1]:4321/legal/privacy-policy,200,,false,false,false,,,true
INFO,mailto: link (not fetched),mobile,anchor,http://[::1]:4321/legal/terms-and-conditions,awatelet@cspadel.com,mailto:awatelet@cspadel.com,mailto:awatelet@cspadel.com,,0,,false,false,false,,,true
OK,,mobile,anchor,http://[::1]:4321/legal/terms-and-conditions,Courtside Padel on Instagram,https://www.instagram.com/padelcourtside/,https://www.instagram.com/padelcourtside/,https://www.instagram.com/padelcourtside/,200,,false,false,true,_blank,noopener noreferrer,true
OK,,mobile,anchor,http://[::1]:4321/legal/terms-and-conditions,Courtside Padel on LinkedIn,https://www.linkedin.com/company/https-cspadel.com-/,https://www.linkedin.com/company/https-cspadel.com-/,https://www.linkedin.com/company/https-cspadel.com-/,200,,false,false,true,_blank,noopener noreferrer,true
OK,,mobile,anchor,http://[::1]:4321/legal/terms-and-conditions,Menorca,https://menorca.cspadel.com/,https://menorca.cspadel.com/,https://menorca.cspadel.com/,200,,false,false,true,,,true
OK,,mobile,anchor,http://[::1]:4321/legal/terms-and-conditions,UK (East Sussex),/east-sussex,http://[::1]:4321/east-sussex,http://[::1]:4321/east-sussex,200,,false,false,false,,,true
OK,,mobile,anchor,http://[::1]:4321/legal/terms-and-conditions,Bali,/bali,http://[::1]:4321/bali,http://[::1]:4321/bali,200,,false,false,false,,,true
OK,,mobile,anchor,http://[::1]:4321/legal/terms-and-conditions,Dubai,/dubai,http://[::1]:4321/dubai,http://[::1]:4321/dubai,200,,false,false,false,,,true
OK,,mobile,anchor,http://[::1]:4321/legal/terms-and-conditions,UPCOMING RETREATS,/upcoming-retreats,http://[::1]:4321/upcoming-retreats,http://[::1]:4321/upcoming-retreats,200,,false,false,false,,,true
OK,,mobile,anchor,http://[::1]:4321/legal/terms-and-conditions,Our Story,/our-story,http://[::1]:4321/our-story,http://[::1]:4321/our-story,200,,false,false,false,,,true
OK,,mobile,anchor,http://[::1]:4321/legal/terms-and-conditions,The Experience,/the-experience,http://[::1]:4321/the-experience,http://[::1]:4321/the-experience,200,,false,false,false,,,true
OK,,mobile,anchor,http://[::1]:4321/legal/terms-and-conditions,Corporate & Executive,/executive-retreat,http://[::1]:4321/executive-retreat,http://[::1]:4321/executive-retreat,200,,false,false,false,,,true
INFO,Intentional redirector (messaging deep link),mobile,anchor,http://[::1]:4321/legal/terms-and-conditions,WhatsApp Concierge,https://wa.me/447786694723?text=Hello%2C%20I'd%20like%20to%20enquire%20about%20a%20Courtside%20Padel%20retreat.,https://wa.me/447786694723?text=Hello%2C%20I%27d%20like%20to%20enquire%20about%20a%20Courtside%20Padel%20retreat.,/send/?phone=447786694723&amp,200,,false,true,true,_blank,noopener noreferrer,true
INFO,mailto: link (not fetched),mobile,anchor,http://[::1]:4321/legal/terms-and-conditions,awatelet@cspadel.com,mailto:awatelet@cspadel.com,mailto:awatelet@cspadel.com,,0,,false,false,false,,,true
INFO,Intentional redirector (messaging deep link),mobile,anchor,http://[::1]:4321/legal/terms-and-conditions,MESSAGE THE TEAM,https://wa.me/447786694723?text=Hello%2C%20I'd%20like%20to%20enquire%20about%20a%20Courtside%20Padel%20retreat.,https://wa.me/447786694723?text=Hello%2C%20I%27d%20like%20to%20enquire%20about%20a%20Courtside%20Padel%20retreat.,/send/?phone=447786694723&amp,200,,false,true,true,_blank,noopener noreferrer,true
OK,,mobile,anchor,http://[::1]:4321/legal/terms-and-conditions,Privacy Policy,/legal/privacy-policy,http://[::1]:4321/legal/privacy-policy,http://[::1]:4321/legal/privacy-policy,200,,false,false,false,,,true
OK,,mobile,anchor,http://[::1]:4321/legal/terms-and-conditions,Terms of Service,/legal/terms-and-conditions,http://[::1]:4321/legal/terms-and-conditions,http://[::1]:4321/legal/terms-and-conditions,200,,false,false,false,,,true
OK,,mobile,anchor,http://[::1]:4321/legal/terms-and-conditions,Cookie Policy,/cookies,http://[::1]:4321/cookies,http://[::1]:4321/cookies,200,,false,false,false,,,true
OK,,mobile,anchor,http://[::1]:4321/legal/terms-and-conditions,Learn more,/cookies,http://[::1]:4321/cookies,http://[::1]:4321/cookies,200,,false,false,false,,,true
INFO,Intentional redirector (messaging deep link),mobile,anchor,http://[::1]:4321/legal/terms-and-conditions,CHAT WITH US,https://wa.me/447786694723?text=Hello%2C%20I'd%20like%20to%20speak%20with%20the%20Courtside%20team.,https://wa.me/447786694723?text=Hello%2C%20I%27d%20like%20to%20speak%20with%20the%20Courtside%20team.,/send/?phone=447786694723&amp,200,,false,true,true,_blank,noopener noreferrer,true
INFO,JS-driven CTA — verify behaviour manually (opens modal / drawer),mobile,js-cta,http://[::1]:4321/legal/terms-and-conditions,EN,(javascript),,,0,,false,false,false,,,true
INFO,JS-driven CTA — verify behaviour manually (opens modal / drawer),mobile,js-cta,http://[::1]:4321/legal/terms-and-conditions,ES,(javascript),,,0,,false,false,false,,,true
INFO,JS-driven CTA — verify behaviour manually (opens modal / drawer),mobile,js-cta,http://[::1]:4321/legal/terms-and-conditions,FR,(javascript),,,0,,false,false,false,,,true
INFO,JS-driven CTA — verify behaviour manually (opens modal / drawer),mobile,js-cta,http://[::1]:4321/legal/terms-and-conditions,REJECT NON-ESSENTIAL,(javascript),,,0,,false,false,false,,,true
INFO,JS-driven CTA — verify behaviour manually (opens modal / drawer),mobile,js-cta,http://[::1]:4321/legal/terms-and-conditions,ACCEPT ALL,(javascript),,,0,,false,false,false,,,true
OK,,mobile,anchor,http://[::1]:4321/cookies,(no text),/,http://[::1]:4321/,http://[::1]:4321/,200,,false,false,false,,,true
OK,,mobile,anchor,http://[::1]:4321/cookies,Our Story,/our-story,http://[::1]:4321/our-story,http://[::1]:4321/our-story,200,,false,false,false,,,false
OK,,mobile,anchor,http://[::1]:4321/cookies,The Experience,/the-experience,http://[::1]:4321/the-experience,http://[::1]:4321/the-experience,200,,false,false,false,,,false
OK,,mobile,anchor,http://[::1]:4321/cookies,Upcoming Retreats,/upcoming-retreats,http://[::1]:4321/upcoming-retreats,http://[::1]:4321/upcoming-retreats,200,,false,false,false,,,false
OK,,mobile,anchor,http://[::1]:4321/cookies,Our Story,/our-story,http://[::1]:4321/our-story,http://[::1]:4321/our-story,200,,false,false,false,,,true
OK,,mobile,anchor,http://[::1]:4321/cookies,The Experience,/the-experience,http://[::1]:4321/the-experience,http://[::1]:4321/the-experience,200,,false,false,false,,,true
OK,,mobile,anchor,http://[::1]:4321/cookies,Menorca,https://menorca.cspadel.com/,https://menorca.cspadel.com/,https://menorca.cspadel.com/,200,,false,false,true,,,true
OK,,mobile,anchor,http://[::1]:4321/cookies,UK (East Sussex),/east-sussex,http://[::1]:4321/east-sussex,http://[::1]:4321/east-sussex,200,,false,false,false,,,true
OK,,mobile,anchor,http://[::1]:4321/cookies,Bali,/bali,http://[::1]:4321/bali,http://[::1]:4321/bali,200,,false,false,false,,,true
OK,,mobile,anchor,http://[::1]:4321/cookies,Dubai,/dubai,http://[::1]:4321/dubai,http://[::1]:4321/dubai,200,,false,false,false,,,true
OK,,mobile,anchor,http://[::1]:4321/cookies,Upcoming Retreats,/upcoming-retreats,http://[::1]:4321/upcoming-retreats,http://[::1]:4321/upcoming-retreats,200,,false,false,false,,,true
OK,,mobile,anchor,http://[::1]:4321/cookies,Courtside Padel on Instagram,https://www.instagram.com/padelcourtside/,https://www.instagram.com/padelcourtside/,https://www.instagram.com/padelcourtside/,200,,false,false,true,_blank,noopener noreferrer,true
OK,,mobile,anchor,http://[::1]:4321/cookies,Courtside Padel on LinkedIn,https://www.linkedin.com/company/https-cspadel.com-/,https://www.linkedin.com/company/https-cspadel.com-/,https://www.linkedin.com/company/https-cspadel.com-/,200,,false,false,true,_blank,noopener noreferrer,true
OK,,mobile,anchor,http://[::1]:4321/cookies,Menorca,https://menorca.cspadel.com/,https://menorca.cspadel.com/,https://menorca.cspadel.com/,200,,false,false,true,,,true
OK,,mobile,anchor,http://[::1]:4321/cookies,UK (East Sussex),/east-sussex,http://[::1]:4321/east-sussex,http://[::1]:4321/east-sussex,200,,false,false,false,,,true
OK,,mobile,anchor,http://[::1]:4321/cookies,Bali,/bali,http://[::1]:4321/bali,http://[::1]:4321/bali,200,,false,false,false,,,true
OK,,mobile,anchor,http://[::1]:4321/cookies,Dubai,/dubai,http://[::1]:4321/dubai,http://[::1]:4321/dubai,200,,false,false,false,,,true
OK,,mobile,anchor,http://[::1]:4321/cookies,UPCOMING RETREATS,/upcoming-retreats,http://[::1]:4321/upcoming-retreats,http://[::1]:4321/upcoming-retreats,200,,false,false,false,,,true
OK,,mobile,anchor,http://[::1]:4321/cookies,Our Story,/our-story,http://[::1]:4321/our-story,http://[::1]:4321/our-story,200,,false,false,false,,,true
OK,,mobile,anchor,http://[::1]:4321/cookies,The Experience,/the-experience,http://[::1]:4321/the-experience,http://[::1]:4321/the-experience,200,,false,false,false,,,true
OK,,mobile,anchor,http://[::1]:4321/cookies,Corporate & Executive,/executive-retreat,http://[::1]:4321/executive-retreat,http://[::1]:4321/executive-retreat,200,,false,false,false,,,true
INFO,Intentional redirector (messaging deep link),mobile,anchor,http://[::1]:4321/cookies,WhatsApp Concierge,https://wa.me/447786694723?text=Hello%2C%20I'd%20like%20to%20enquire%20about%20a%20Courtside%20Padel%20retreat.,https://wa.me/447786694723?text=Hello%2C%20I%27d%20like%20to%20enquire%20about%20a%20Courtside%20Padel%20retreat.,/send/?phone=447786694723&amp,200,,false,true,true,_blank,noopener noreferrer,true
INFO,mailto: link (not fetched),mobile,anchor,http://[::1]:4321/cookies,awatelet@cspadel.com,mailto:awatelet@cspadel.com,mailto:awatelet@cspadel.com,,0,,false,false,false,,,true
INFO,Intentional redirector (messaging deep link),mobile,anchor,http://[::1]:4321/cookies,MESSAGE THE TEAM,https://wa.me/447786694723?text=Hello%2C%20I'd%20like%20to%20enquire%20about%20a%20Courtside%20Padel%20retreat.,https://wa.me/447786694723?text=Hello%2C%20I%27d%20like%20to%20enquire%20about%20a%20Courtside%20Padel%20retreat.,/send/?phone=447786694723&amp,200,,false,true,true,_blank,noopener noreferrer,true
OK,,mobile,anchor,http://[::1]:4321/cookies,Privacy Policy,/legal/privacy-policy,http://[::1]:4321/legal/privacy-policy,http://[::1]:4321/legal/privacy-policy,200,,false,false,false,,,true
OK,,mobile,anchor,http://[::1]:4321/cookies,Terms of Service,/legal/terms-and-conditions,http://[::1]:4321/legal/terms-and-conditions,http://[::1]:4321/legal/terms-and-conditions,200,,false,false,false,,,true
OK,,mobile,anchor,http://[::1]:4321/cookies,Cookie Policy,/cookies,http://[::1]:4321/cookies,http://[::1]:4321/cookies,200,,false,false,false,,,true
OK,,mobile,anchor,http://[::1]:4321/cookies,Learn more,/cookies,http://[::1]:4321/cookies,http://[::1]:4321/cookies,200,,false,false,false,,,true
INFO,Intentional redirector (messaging deep link),mobile,anchor,http://[::1]:4321/cookies,CHAT WITH US,https://wa.me/447786694723?text=Hello%2C%20I'd%20like%20to%20speak%20with%20the%20Courtside%20team.,https://wa.me/447786694723?text=Hello%2C%20I%27d%20like%20to%20speak%20with%20the%20Courtside%20team.,/send/?phone=447786694723&amp,200,,false,true,true,_blank,noopener noreferrer,true
INFO,JS-driven CTA — verify behaviour manually (opens modal / drawer),mobile,js-cta,http://[::1]:4321/cookies,EN,(javascript),,,0,,false,false,false,,,true
INFO,JS-driven CTA — verify behaviour manually (opens modal / drawer),mobile,js-cta,http://[::1]:4321/cookies,ES,(javascript),,,0,,false,false,false,,,true
INFO,JS-driven CTA — verify behaviour manually (opens modal / drawer),mobile,js-cta,http://[::1]:4321/cookies,FR,(javascript),,,0,,false,false,false,,,true
INFO,JS-driven CTA — verify behaviour manually (opens modal / drawer),mobile,js-cta,http://[::1]:4321/cookies,REJECT NON-ESSENTIAL,(javascript),,,0,,false,false,false,,,true
INFO,JS-driven CTA — verify behaviour manually (opens modal / drawer),mobile,js-cta,http://[::1]:4321/cookies,ACCEPT ALL,(javascript),,,0,,false,false,false,,,true
OK,,mobile,anchor,http://[::1]:4321/es/our-story,(no text),/es/,http://[::1]:4321/es/,http://[::1]:4321/es/,200,,false,false,false,,,true
OK,,mobile,anchor,http://[::1]:4321/es/our-story,Nuestra Historia,/es/our-story,http://[::1]:4321/es/our-story,http://[::1]:4321/es/our-story,200,,false,false,false,,,false
OK,,mobile,anchor,http://[::1]:4321/es/our-story,La Experiencia,/es/the-experience,http://[::1]:4321/es/the-experience,http://[::1]:4321/es/the-experience,200,,false,false,false,,,false
OK,,mobile,anchor,http://[::1]:4321/es/our-story,Próximos Retiros,/es/upcoming-retreats,http://[::1]:4321/es/upcoming-retreats,http://[::1]:4321/es/upcoming-retreats,200,,false,false,false,,,false
OK,,mobile,anchor,http://[::1]:4321/es/our-story,Nuestra Historia,/es/our-story,http://[::1]:4321/es/our-story,http://[::1]:4321/es/our-story,200,,false,false,false,,,true
OK,,mobile,anchor,http://[::1]:4321/es/our-story,La Experiencia,/es/the-experience,http://[::1]:4321/es/the-experience,http://[::1]:4321/es/the-experience,200,,false,false,false,,,true
OK,,mobile,anchor,http://[::1]:4321/es/our-story,Menorca,https://menorca.cspadel.com/,https://menorca.cspadel.com/,https://menorca.cspadel.com/,200,,false,false,true,,,true
OK,,mobile,anchor,http://[::1]:4321/es/our-story,UK (East Sussex),/es/east-sussex,http://[::1]:4321/es/east-sussex,http://[::1]:4321/es/east-sussex,200,,false,false,false,,,true
OK,,mobile,anchor,http://[::1]:4321/es/our-story,Bali,/es/bali,http://[::1]:4321/es/bali,http://[::1]:4321/es/bali,200,,false,false,false,,,true
OK,,mobile,anchor,http://[::1]:4321/es/our-story,Dubái,/es/dubai,http://[::1]:4321/es/dubai,http://[::1]:4321/es/dubai,200,,false,false,false,,,true
OK,,mobile,anchor,http://[::1]:4321/es/our-story,Próximos Retiros,/es/upcoming-retreats,http://[::1]:4321/es/upcoming-retreats,http://[::1]:4321/es/upcoming-retreats,200,,false,false,false,,,true
OK,,mobile,anchor,http://[::1]:4321/es/our-story,Courtside Padel on Instagram,https://www.instagram.com/padelcourtside/,https://www.instagram.com/padelcourtside/,https://www.instagram.com/padelcourtside/,200,,false,false,true,_blank,noopener noreferrer,true
OK,,mobile,anchor,http://[::1]:4321/es/our-story,Courtside Padel on LinkedIn,https://www.linkedin.com/company/https-cspadel.com-/,https://www.linkedin.com/company/https-cspadel.com-/,https://www.linkedin.com/company/https-cspadel.com-/,200,,false,false,true,_blank,noopener noreferrer,true
OK,,mobile,anchor,http://[::1]:4321/es/our-story,Menorca,https://menorca.cspadel.com/,https://menorca.cspadel.com/,https://menorca.cspadel.com/,200,,false,false,true,,,true
OK,,mobile,anchor,http://[::1]:4321/es/our-story,UK (East Sussex),/es/east-sussex,http://[::1]:4321/es/east-sussex,http://[::1]:4321/es/east-sussex,200,,false,false,false,,,true
OK,,mobile,anchor,http://[::1]:4321/es/our-story,Bali,/es/bali,http://[::1]:4321/es/bali,http://[::1]:4321/es/bali,200,,false,false,false,,,true
OK,,mobile,anchor,http://[::1]:4321/es/our-story,Dubái,/es/dubai,http://[::1]:4321/es/dubai,http://[::1]:4321/es/dubai,200,,false,false,false,,,true
OK,,mobile,anchor,http://[::1]:4321/es/our-story,PRÓXIMOS RETIROS,/es/upcoming-retreats,http://[::1]:4321/es/upcoming-retreats,http://[::1]:4321/es/upcoming-retreats,200,,false,false,false,,,true
OK,,mobile,anchor,http://[::1]:4321/es/our-story,Nuestra Historia,/es/our-story,http://[::1]:4321/es/our-story,http://[::1]:4321/es/our-story,200,,false,false,false,,,true
OK,,mobile,anchor,http://[::1]:4321/es/our-story,La Experiencia,/es/the-experience,http://[::1]:4321/es/the-experience,http://[::1]:4321/es/the-experience,200,,false,false,false,,,true
OK,,mobile,anchor,http://[::1]:4321/es/our-story,Corporativo y Ejecutivo,/es/executive-retreat,http://[::1]:4321/es/executive-retreat,http://[::1]:4321/es/executive-retreat,200,,false,false,false,,,true
INFO,Intentional redirector (messaging deep link),mobile,anchor,http://[::1]:4321/es/our-story,Concierge por WhatsApp,https://wa.me/447786694723?text=Hola%2C%20me%20gustar%C3%ADa%20informarme%20sobre%20un%20retiro%20de%20Courtside%20Padel.,https://wa.me/447786694723?text=Hola%2C%20me%20gustar%C3%ADa%20informarme%20sobre%20un%20retiro%20de%20Courtside%20Padel.,/send/?phone=447786694723&amp,200,,false,true,true,_blank,noopener noreferrer,true
INFO,mailto: link (not fetched),mobile,anchor,http://[::1]:4321/es/our-story,awatelet@cspadel.com,mailto:awatelet@cspadel.com,mailto:awatelet@cspadel.com,,0,,false,false,false,,,true
INFO,Intentional redirector (messaging deep link),mobile,anchor,http://[::1]:4321/es/our-story,ESCRIBE AL EQUIPO,https://wa.me/447786694723?text=Hola%2C%20me%20gustar%C3%ADa%20informarme%20sobre%20un%20retiro%20de%20Courtside%20Padel.,https://wa.me/447786694723?text=Hola%2C%20me%20gustar%C3%ADa%20informarme%20sobre%20un%20retiro%20de%20Courtside%20Padel.,/send/?phone=447786694723&amp,200,,false,true,true,_blank,noopener noreferrer,true
OK,,mobile,anchor,http://[::1]:4321/es/our-story,Privacidad,/legal/privacy-policy,http://[::1]:4321/legal/privacy-policy,http://[::1]:4321/legal/privacy-policy,200,,false,false,false,,,true
OK,,mobile,anchor,http://[::1]:4321/es/our-story,Términos,/legal/terms-and-conditions,http://[::1]:4321/legal/terms-and-conditions,http://[::1]:4321/legal/terms-and-conditions,200,,false,false,false,,,true
OK,,mobile,anchor,http://[::1]:4321/es/our-story,Política de cookies,/es/cookies,http://[::1]:4321/es/cookies,http://[::1]:4321/es/cookies,200,,false,false,false,,,true
OK,,mobile,anchor,http://[::1]:4321/es/our-story,Más información,/es/cookies,http://[::1]:4321/es/cookies,http://[::1]:4321/es/cookies,200,,false,false,false,,,true
INFO,Intentional redirector (messaging deep link),mobile,anchor,http://[::1]:4321/es/our-story,ESCRÍBENOS,https://wa.me/447786694723?text=Hola%2C%20me%20gustar%C3%ADa%20hablar%20con%20el%20equipo%20de%20Courtside.,https://wa.me/447786694723?text=Hola%2C%20me%20gustar%C3%ADa%20hablar%20con%20el%20equipo%20de%20Courtside.,/send/?phone=447786694723&amp,200,,false,true,true,_blank,noopener noreferrer,true
INFO,JS-driven CTA — verify behaviour manually (opens modal / drawer),mobile,js-cta,http://[::1]:4321/es/our-story,EN,(javascript),,,0,,false,false,false,,,true
INFO,JS-driven CTA — verify behaviour manually (opens modal / drawer),mobile,js-cta,http://[::1]:4321/es/our-story,ES,(javascript),,,0,,false,false,false,,,true
INFO,JS-driven CTA — verify behaviour manually (opens modal / drawer),mobile,js-cta,http://[::1]:4321/es/our-story,FR,(javascript),,,0,,false,false,false,,,true
INFO,JS-driven CTA — verify behaviour manually (opens modal / drawer),mobile,js-cta,http://[::1]:4321/es/our-story,CONSULTAR SOBRE UN RETIRO,(javascript),,,0,,false,false,false,,,true
INFO,JS-driven CTA — verify behaviour manually (opens modal / drawer),mobile,js-cta,http://[::1]:4321/es/our-story,RECHAZAR NO ESENCIALES,(javascript),,,0,,false,false,false,,,true
INFO,JS-driven CTA — verify behaviour manually (opens modal / drawer),mobile,js-cta,http://[::1]:4321/es/our-story,ACEPTAR TODAS,(javascript),,,0,,false,false,false,,,true
OK,,mobile,anchor,http://[::1]:4321/es/the-experience,(no text),/es/,http://[::1]:4321/es/,http://[::1]:4321/es/,200,,false,false,false,,,true
OK,,mobile,anchor,http://[::1]:4321/es/the-experience,Nuestra Historia,/es/our-story,http://[::1]:4321/es/our-story,http://[::1]:4321/es/our-story,200,,false,false,false,,,false
OK,,mobile,anchor,http://[::1]:4321/es/the-experience,La Experiencia,/es/the-experience,http://[::1]:4321/es/the-experience,http://[::1]:4321/es/the-experience,200,,false,false,false,,,false
OK,,mobile,anchor,http://[::1]:4321/es/the-experience,Próximos Retiros,/es/upcoming-retreats,http://[::1]:4321/es/upcoming-retreats,http://[::1]:4321/es/upcoming-retreats,200,,false,false,false,,,false
OK,,mobile,anchor,http://[::1]:4321/es/the-experience,Nuestra Historia,/es/our-story,http://[::1]:4321/es/our-story,http://[::1]:4321/es/our-story,200,,false,false,false,,,true
OK,,mobile,anchor,http://[::1]:4321/es/the-experience,La Experiencia,/es/the-experience,http://[::1]:4321/es/the-experience,http://[::1]:4321/es/the-experience,200,,false,false,false,,,true
OK,,mobile,anchor,http://[::1]:4321/es/the-experience,Menorca,https://menorca.cspadel.com/,https://menorca.cspadel.com/,https://menorca.cspadel.com/,200,,false,false,true,,,true
OK,,mobile,anchor,http://[::1]:4321/es/the-experience,UK (East Sussex),/es/east-sussex,http://[::1]:4321/es/east-sussex,http://[::1]:4321/es/east-sussex,200,,false,false,false,,,true
OK,,mobile,anchor,http://[::1]:4321/es/the-experience,Bali,/es/bali,http://[::1]:4321/es/bali,http://[::1]:4321/es/bali,200,,false,false,false,,,true
OK,,mobile,anchor,http://[::1]:4321/es/the-experience,Dubái,/es/dubai,http://[::1]:4321/es/dubai,http://[::1]:4321/es/dubai,200,,false,false,false,,,true
OK,,mobile,anchor,http://[::1]:4321/es/the-experience,Próximos Retiros,/es/upcoming-retreats,http://[::1]:4321/es/upcoming-retreats,http://[::1]:4321/es/upcoming-retreats,200,,false,false,false,,,true
OK,,mobile,anchor,http://[::1]:4321/es/the-experience,Courtside Padel on Instagram,https://www.instagram.com/padelcourtside/,https://www.instagram.com/padelcourtside/,https://www.instagram.com/padelcourtside/,200,,false,false,true,_blank,noopener noreferrer,true
OK,,mobile,anchor,http://[::1]:4321/es/the-experience,Courtside Padel on LinkedIn,https://www.linkedin.com/company/https-cspadel.com-/,https://www.linkedin.com/company/https-cspadel.com-/,https://www.linkedin.com/company/https-cspadel.com-/,200,,false,false,true,_blank,noopener noreferrer,true
OK,,mobile,anchor,http://[::1]:4321/es/the-experience,Menorca,https://menorca.cspadel.com/,https://menorca.cspadel.com/,https://menorca.cspadel.com/,200,,false,false,true,,,true
OK,,mobile,anchor,http://[::1]:4321/es/the-experience,UK (East Sussex),/es/east-sussex,http://[::1]:4321/es/east-sussex,http://[::1]:4321/es/east-sussex,200,,false,false,false,,,true
OK,,mobile,anchor,http://[::1]:4321/es/the-experience,Bali,/es/bali,http://[::1]:4321/es/bali,http://[::1]:4321/es/bali,200,,false,false,false,,,true
OK,,mobile,anchor,http://[::1]:4321/es/the-experience,Dubái,/es/dubai,http://[::1]:4321/es/dubai,http://[::1]:4321/es/dubai,200,,false,false,false,,,true
OK,,mobile,anchor,http://[::1]:4321/es/the-experience,PRÓXIMOS RETIROS,/es/upcoming-retreats,http://[::1]:4321/es/upcoming-retreats,http://[::1]:4321/es/upcoming-retreats,200,,false,false,false,,,true
OK,,mobile,anchor,http://[::1]:4321/es/the-experience,Nuestra Historia,/es/our-story,http://[::1]:4321/es/our-story,http://[::1]:4321/es/our-story,200,,false,false,false,,,true
OK,,mobile,anchor,http://[::1]:4321/es/the-experience,La Experiencia,/es/the-experience,http://[::1]:4321/es/the-experience,http://[::1]:4321/es/the-experience,200,,false,false,false,,,true
OK,,mobile,anchor,http://[::1]:4321/es/the-experience,Corporativo y Ejecutivo,/es/executive-retreat,http://[::1]:4321/es/executive-retreat,http://[::1]:4321/es/executive-retreat,200,,false,false,false,,,true
INFO,Intentional redirector (messaging deep link),mobile,anchor,http://[::1]:4321/es/the-experience,Concierge por WhatsApp,https://wa.me/447786694723?text=Hola%2C%20me%20gustar%C3%ADa%20informarme%20sobre%20un%20retiro%20de%20Courtside%20Padel.,https://wa.me/447786694723?text=Hola%2C%20me%20gustar%C3%ADa%20informarme%20sobre%20un%20retiro%20de%20Courtside%20Padel.,/send/?phone=447786694723&amp,200,,false,true,true,_blank,noopener noreferrer,true
INFO,mailto: link (not fetched),mobile,anchor,http://[::1]:4321/es/the-experience,awatelet@cspadel.com,mailto:awatelet@cspadel.com,mailto:awatelet@cspadel.com,,0,,false,false,false,,,true
INFO,Intentional redirector (messaging deep link),mobile,anchor,http://[::1]:4321/es/the-experience,ESCRIBE AL EQUIPO,https://wa.me/447786694723?text=Hola%2C%20me%20gustar%C3%ADa%20informarme%20sobre%20un%20retiro%20de%20Courtside%20Padel.,https://wa.me/447786694723?text=Hola%2C%20me%20gustar%C3%ADa%20informarme%20sobre%20un%20retiro%20de%20Courtside%20Padel.,/send/?phone=447786694723&amp,200,,false,true,true,_blank,noopener noreferrer,true
OK,,mobile,anchor,http://[::1]:4321/es/the-experience,Privacidad,/legal/privacy-policy,http://[::1]:4321/legal/privacy-policy,http://[::1]:4321/legal/privacy-policy,200,,false,false,false,,,true
OK,,mobile,anchor,http://[::1]:4321/es/the-experience,Términos,/legal/terms-and-conditions,http://[::1]:4321/legal/terms-and-conditions,http://[::1]:4321/legal/terms-and-conditions,200,,false,false,false,,,true
OK,,mobile,anchor,http://[::1]:4321/es/the-experience,Política de cookies,/es/cookies,http://[::1]:4321/es/cookies,http://[::1]:4321/es/cookies,200,,false,false,false,,,true
OK,,mobile,anchor,http://[::1]:4321/es/the-experience,Más información,/es/cookies,http://[::1]:4321/es/cookies,http://[::1]:4321/es/cookies,200,,false,false,false,,,true
INFO,Intentional redirector (messaging deep link),mobile,anchor,http://[::1]:4321/es/the-experience,ESCRÍBENOS,https://wa.me/447786694723?text=Hola%2C%20me%20gustar%C3%ADa%20hablar%20con%20el%20equipo%20de%20Courtside.,https://wa.me/447786694723?text=Hola%2C%20me%20gustar%C3%ADa%20hablar%20con%20el%20equipo%20de%20Courtside.,/send/?phone=447786694723&amp,200,,false,true,true,_blank,noopener noreferrer,true
INFO,JS-driven CTA — verify behaviour manually (opens modal / drawer),mobile,js-cta,http://[::1]:4321/es/the-experience,EN,(javascript),,,0,,false,false,false,,,true
INFO,JS-driven CTA — verify behaviour manually (opens modal / drawer),mobile,js-cta,http://[::1]:4321/es/the-experience,ES,(javascript),,,0,,false,false,false,,,true
INFO,JS-driven CTA — verify behaviour manually (opens modal / drawer),mobile,js-cta,http://[::1]:4321/es/the-experience,FR,(javascript),,,0,,false,false,false,,,true
INFO,JS-driven CTA — verify behaviour manually (opens modal / drawer),mobile,js-cta,http://[::1]:4321/es/the-experience,CONSULTAR SOBRE UN RETIRO,(javascript),,,0,,false,false,false,,,true
INFO,JS-driven CTA — verify behaviour manually (opens modal / drawer),mobile,js-cta,http://[::1]:4321/es/the-experience,RECHAZAR NO ESENCIALES,(javascript),,,0,,false,false,false,,,true
INFO,JS-driven CTA — verify behaviour manually (opens modal / drawer),mobile,js-cta,http://[::1]:4321/es/the-experience,ACEPTAR TODAS,(javascript),,,0,,false,false,false,,,true
OK,,mobile,anchor,http://[::1]:4321/es/upcoming-retreats,(no text),/es/,http://[::1]:4321/es/,http://[::1]:4321/es/,200,,false,false,false,,,true
OK,,mobile,anchor,http://[::1]:4321/es/upcoming-retreats,Nuestra Historia,/es/our-story,http://[::1]:4321/es/our-story,http://[::1]:4321/es/our-story,200,,false,false,false,,,false
OK,,mobile,anchor,http://[::1]:4321/es/upcoming-retreats,La Experiencia,/es/the-experience,http://[::1]:4321/es/the-experience,http://[::1]:4321/es/the-experience,200,,false,false,false,,,false
OK,,mobile,anchor,http://[::1]:4321/es/upcoming-retreats,Próximos Retiros,/es/upcoming-retreats,http://[::1]:4321/es/upcoming-retreats,http://[::1]:4321/es/upcoming-retreats,200,,false,false,false,,,false
OK,,mobile,anchor,http://[::1]:4321/es/upcoming-retreats,Nuestra Historia,/es/our-story,http://[::1]:4321/es/our-story,http://[::1]:4321/es/our-story,200,,false,false,false,,,true
OK,,mobile,anchor,http://[::1]:4321/es/upcoming-retreats,La Experiencia,/es/the-experience,http://[::1]:4321/es/the-experience,http://[::1]:4321/es/the-experience,200,,false,false,false,,,true
OK,,mobile,anchor,http://[::1]:4321/es/upcoming-retreats,Menorca,https://menorca.cspadel.com/,https://menorca.cspadel.com/,https://menorca.cspadel.com/,200,,false,false,true,,,true
OK,,mobile,anchor,http://[::1]:4321/es/upcoming-retreats,UK (East Sussex),/es/east-sussex,http://[::1]:4321/es/east-sussex,http://[::1]:4321/es/east-sussex,200,,false,false,false,,,true
OK,,mobile,anchor,http://[::1]:4321/es/upcoming-retreats,Bali,/es/bali,http://[::1]:4321/es/bali,http://[::1]:4321/es/bali,200,,false,false,false,,,true
OK,,mobile,anchor,http://[::1]:4321/es/upcoming-retreats,Dubái,/es/dubai,http://[::1]:4321/es/dubai,http://[::1]:4321/es/dubai,200,,false,false,false,,,true
OK,,mobile,anchor,http://[::1]:4321/es/upcoming-retreats,Próximos Retiros,/es/upcoming-retreats,http://[::1]:4321/es/upcoming-retreats,http://[::1]:4321/es/upcoming-retreats,200,,false,false,false,,,true
OK,,mobile,anchor,http://[::1]:4321/es/upcoming-retreats,DESCUBRE MENORCA,https://menorca.cspadel.com/,https://menorca.cspadel.com/,https://menorca.cspadel.com/,200,,false,false,true,,,true
OK,,mobile,anchor,http://[::1]:4321/es/upcoming-retreats,DESCUBRE BALI,/es/bali,http://[::1]:4321/es/bali,http://[::1]:4321/es/bali,200,,false,false,false,,,true
OK,,mobile,anchor,http://[::1]:4321/es/upcoming-retreats,Courtside Padel on Instagram,https://www.instagram.com/padelcourtside/,https://www.instagram.com/padelcourtside/,https://www.instagram.com/padelcourtside/,200,,false,false,true,_blank,noopener noreferrer,true
OK,,mobile,anchor,http://[::1]:4321/es/upcoming-retreats,Courtside Padel on LinkedIn,https://www.linkedin.com/company/https-cspadel.com-/,https://www.linkedin.com/company/https-cspadel.com-/,https://www.linkedin.com/company/https-cspadel.com-/,200,,false,false,true,_blank,noopener noreferrer,true
OK,,mobile,anchor,http://[::1]:4321/es/upcoming-retreats,Menorca,https://menorca.cspadel.com/,https://menorca.cspadel.com/,https://menorca.cspadel.com/,200,,false,false,true,,,true
OK,,mobile,anchor,http://[::1]:4321/es/upcoming-retreats,UK (East Sussex),/es/east-sussex,http://[::1]:4321/es/east-sussex,http://[::1]:4321/es/east-sussex,200,,false,false,false,,,true
OK,,mobile,anchor,http://[::1]:4321/es/upcoming-retreats,Bali,/es/bali,http://[::1]:4321/es/bali,http://[::1]:4321/es/bali,200,,false,false,false,,,true
OK,,mobile,anchor,http://[::1]:4321/es/upcoming-retreats,Dubái,/es/dubai,http://[::1]:4321/es/dubai,http://[::1]:4321/es/dubai,200,,false,false,false,,,true
OK,,mobile,anchor,http://[::1]:4321/es/upcoming-retreats,PRÓXIMOS RETIROS,/es/upcoming-retreats,http://[::1]:4321/es/upcoming-retreats,http://[::1]:4321/es/upcoming-retreats,200,,false,false,false,,,true
OK,,mobile,anchor,http://[::1]:4321/es/upcoming-retreats,Nuestra Historia,/es/our-story,http://[::1]:4321/es/our-story,http://[::1]:4321/es/our-story,200,,false,false,false,,,true
OK,,mobile,anchor,http://[::1]:4321/es/upcoming-retreats,La Experiencia,/es/the-experience,http://[::1]:4321/es/the-experience,http://[::1]:4321/es/the-experience,200,,false,false,false,,,true
OK,,mobile,anchor,http://[::1]:4321/es/upcoming-retreats,Corporativo y Ejecutivo,/es/executive-retreat,http://[::1]:4321/es/executive-retreat,http://[::1]:4321/es/executive-retreat,200,,false,false,false,,,true
INFO,Intentional redirector (messaging deep link),mobile,anchor,http://[::1]:4321/es/upcoming-retreats,Concierge por WhatsApp,https://wa.me/447786694723?text=Hola%2C%20me%20gustar%C3%ADa%20informarme%20sobre%20un%20retiro%20de%20Courtside%20Padel.,https://wa.me/447786694723?text=Hola%2C%20me%20gustar%C3%ADa%20informarme%20sobre%20un%20retiro%20de%20Courtside%20Padel.,/send/?phone=447786694723&amp,200,,false,true,true,_blank,noopener noreferrer,true
INFO,mailto: link (not fetched),mobile,anchor,http://[::1]:4321/es/upcoming-retreats,awatelet@cspadel.com,mailto:awatelet@cspadel.com,mailto:awatelet@cspadel.com,,0,,false,false,false,,,true
INFO,Intentional redirector (messaging deep link),mobile,anchor,http://[::1]:4321/es/upcoming-retreats,ESCRIBE AL EQUIPO,https://wa.me/447786694723?text=Hola%2C%20me%20gustar%C3%ADa%20informarme%20sobre%20un%20retiro%20de%20Courtside%20Padel.,https://wa.me/447786694723?text=Hola%2C%20me%20gustar%C3%ADa%20informarme%20sobre%20un%20retiro%20de%20Courtside%20Padel.,/send/?phone=447786694723&amp,200,,false,true,true,_blank,noopener noreferrer,true
OK,,mobile,anchor,http://[::1]:4321/es/upcoming-retreats,Privacidad,/legal/privacy-policy,http://[::1]:4321/legal/privacy-policy,http://[::1]:4321/legal/privacy-policy,200,,false,false,false,,,true
OK,,mobile,anchor,http://[::1]:4321/es/upcoming-retreats,Términos,/legal/terms-and-conditions,http://[::1]:4321/legal/terms-and-conditions,http://[::1]:4321/legal/terms-and-conditions,200,,false,false,false,,,true
OK,,mobile,anchor,http://[::1]:4321/es/upcoming-retreats,Política de cookies,/es/cookies,http://[::1]:4321/es/cookies,http://[::1]:4321/es/cookies,200,,false,false,false,,,true
OK,,mobile,anchor,http://[::1]:4321/es/upcoming-retreats,Más información,/es/cookies,http://[::1]:4321/es/cookies,http://[::1]:4321/es/cookies,200,,false,false,false,,,true
INFO,Intentional redirector (messaging deep link),mobile,anchor,http://[::1]:4321/es/upcoming-retreats,ESCRÍBENOS,https://wa.me/447786694723?text=Hola%2C%20me%20gustar%C3%ADa%20hablar%20con%20el%20equipo%20de%20Courtside.,https://wa.me/447786694723?text=Hola%2C%20me%20gustar%C3%ADa%20hablar%20con%20el%20equipo%20de%20Courtside.,/send/?phone=447786694723&amp,200,,false,true,true,_blank,noopener noreferrer,true
INFO,JS-driven CTA — verify behaviour manually (opens modal / drawer),mobile,js-cta,http://[::1]:4321/es/upcoming-retreats,EN,(javascript),,,0,,false,false,false,,,true
INFO,JS-driven CTA — verify behaviour manually (opens modal / drawer),mobile,js-cta,http://[::1]:4321/es/upcoming-retreats,ES,(javascript),,,0,,false,false,false,,,true
INFO,JS-driven CTA — verify behaviour manually (opens modal / drawer),mobile,js-cta,http://[::1]:4321/es/upcoming-retreats,FR,(javascript),,,0,,false,false,false,,,true
INFO,JS-driven CTA — verify behaviour manually (opens modal / drawer),mobile,js-cta,http://[::1]:4321/es/upcoming-retreats,PLANIFICA TU RETIRO,(javascript),,,0,,false,false,false,,,true
INFO,JS-driven CTA — verify behaviour manually (opens modal / drawer),mobile,js-cta,http://[::1]:4321/es/upcoming-retreats,RECHAZAR NO ESENCIALES,(javascript),,,0,,false,false,false,,,true
INFO,JS-driven CTA — verify behaviour manually (opens modal / drawer),mobile,js-cta,http://[::1]:4321/es/upcoming-retreats,ACEPTAR TODAS,(javascript),,,0,,false,false,false,,,true
OK,,mobile,anchor,http://[::1]:4321/es/east-sussex,(no text),/es/,http://[::1]:4321/es/,http://[::1]:4321/es/,200,,false,false,false,,,true
OK,,mobile,anchor,http://[::1]:4321/es/east-sussex,Nuestra Historia,/es/our-story,http://[::1]:4321/es/our-story,http://[::1]:4321/es/our-story,200,,false,false,false,,,false
OK,,mobile,anchor,http://[::1]:4321/es/east-sussex,La Experiencia,/es/the-experience,http://[::1]:4321/es/the-experience,http://[::1]:4321/es/the-experience,200,,false,false,false,,,false
OK,,mobile,anchor,http://[::1]:4321/es/east-sussex,Próximos Retiros,/es/upcoming-retreats,http://[::1]:4321/es/upcoming-retreats,http://[::1]:4321/es/upcoming-retreats,200,,false,false,false,,,false
OK,,mobile,anchor,http://[::1]:4321/es/east-sussex,Nuestra Historia,/es/our-story,http://[::1]:4321/es/our-story,http://[::1]:4321/es/our-story,200,,false,false,false,,,true
OK,,mobile,anchor,http://[::1]:4321/es/east-sussex,La Experiencia,/es/the-experience,http://[::1]:4321/es/the-experience,http://[::1]:4321/es/the-experience,200,,false,false,false,,,true
OK,,mobile,anchor,http://[::1]:4321/es/east-sussex,Menorca,https://menorca.cspadel.com/,https://menorca.cspadel.com/,https://menorca.cspadel.com/,200,,false,false,true,,,true
OK,,mobile,anchor,http://[::1]:4321/es/east-sussex,UK (East Sussex),/es/east-sussex,http://[::1]:4321/es/east-sussex,http://[::1]:4321/es/east-sussex,200,,false,false,false,,,true
OK,,mobile,anchor,http://[::1]:4321/es/east-sussex,Bali,/es/bali,http://[::1]:4321/es/bali,http://[::1]:4321/es/bali,200,,false,false,false,,,true
OK,,mobile,anchor,http://[::1]:4321/es/east-sussex,Dubái,/es/dubai,http://[::1]:4321/es/dubai,http://[::1]:4321/es/dubai,200,,false,false,false,,,true
OK,,mobile,anchor,http://[::1]:4321/es/east-sussex,Próximos Retiros,/es/upcoming-retreats,http://[::1]:4321/es/upcoming-retreats,http://[::1]:4321/es/upcoming-retreats,200,,false,false,false,,,true
OK,,mobile,anchor,http://[::1]:4321/es/east-sussex,Courtside Padel on Instagram,https://www.instagram.com/padelcourtside/,https://www.instagram.com/padelcourtside/,https://www.instagram.com/padelcourtside/,200,,false,false,true,_blank,noopener noreferrer,true
OK,,mobile,anchor,http://[::1]:4321/es/east-sussex,Courtside Padel on LinkedIn,https://www.linkedin.com/company/https-cspadel.com-/,https://www.linkedin.com/company/https-cspadel.com-/,https://www.linkedin.com/company/https-cspadel.com-/,200,,false,false,true,_blank,noopener noreferrer,true
OK,,mobile,anchor,http://[::1]:4321/es/east-sussex,Menorca,https://menorca.cspadel.com/,https://menorca.cspadel.com/,https://menorca.cspadel.com/,200,,false,false,true,,,true
OK,,mobile,anchor,http://[::1]:4321/es/east-sussex,UK (East Sussex),/es/east-sussex,http://[::1]:4321/es/east-sussex,http://[::1]:4321/es/east-sussex,200,,false,false,false,,,true
OK,,mobile,anchor,http://[::1]:4321/es/east-sussex,Bali,/es/bali,http://[::1]:4321/es/bali,http://[::1]:4321/es/bali,200,,false,false,false,,,true
OK,,mobile,anchor,http://[::1]:4321/es/east-sussex,Dubái,/es/dubai,http://[::1]:4321/es/dubai,http://[::1]:4321/es/dubai,200,,false,false,false,,,true
OK,,mobile,anchor,http://[::1]:4321/es/east-sussex,PRÓXIMOS RETIROS,/es/upcoming-retreats,http://[::1]:4321/es/upcoming-retreats,http://[::1]:4321/es/upcoming-retreats,200,,false,false,false,,,true
OK,,mobile,anchor,http://[::1]:4321/es/east-sussex,Nuestra Historia,/es/our-story,http://[::1]:4321/es/our-story,http://[::1]:4321/es/our-story,200,,false,false,false,,,true
OK,,mobile,anchor,http://[::1]:4321/es/east-sussex,La Experiencia,/es/the-experience,http://[::1]:4321/es/the-experience,http://[::1]:4321/es/the-experience,200,,false,false,false,,,true
OK,,mobile,anchor,http://[::1]:4321/es/east-sussex,Corporativo y Ejecutivo,/es/executive-retreat,http://[::1]:4321/es/executive-retreat,http://[::1]:4321/es/executive-retreat,200,,false,false,false,,,true
INFO,Intentional redirector (messaging deep link),mobile,anchor,http://[::1]:4321/es/east-sussex,Concierge por WhatsApp,https://wa.me/447786694723?text=Hola%2C%20me%20gustar%C3%ADa%20informarme%20sobre%20un%20retiro%20de%20Courtside%20Padel.,https://wa.me/447786694723?text=Hola%2C%20me%20gustar%C3%ADa%20informarme%20sobre%20un%20retiro%20de%20Courtside%20Padel.,/send/?phone=447786694723&amp,200,,false,true,true,_blank,noopener noreferrer,true
INFO,mailto: link (not fetched),mobile,anchor,http://[::1]:4321/es/east-sussex,awatelet@cspadel.com,mailto:awatelet@cspadel.com,mailto:awatelet@cspadel.com,,0,,false,false,false,,,true
INFO,Intentional redirector (messaging deep link),mobile,anchor,http://[::1]:4321/es/east-sussex,ESCRIBE AL EQUIPO,https://wa.me/447786694723?text=Hola%2C%20me%20gustar%C3%ADa%20informarme%20sobre%20un%20retiro%20de%20Courtside%20Padel.,https://wa.me/447786694723?text=Hola%2C%20me%20gustar%C3%ADa%20informarme%20sobre%20un%20retiro%20de%20Courtside%20Padel.,/send/?phone=447786694723&amp,200,,false,true,true,_blank,noopener noreferrer,true
OK,,mobile,anchor,http://[::1]:4321/es/east-sussex,Privacidad,/legal/privacy-policy,http://[::1]:4321/legal/privacy-policy,http://[::1]:4321/legal/privacy-policy,200,,false,false,false,,,true
OK,,mobile,anchor,http://[::1]:4321/es/east-sussex,Términos,/legal/terms-and-conditions,http://[::1]:4321/legal/terms-and-conditions,http://[::1]:4321/legal/terms-and-conditions,200,,false,false,false,,,true
OK,,mobile,anchor,http://[::1]:4321/es/east-sussex,Política de cookies,/es/cookies,http://[::1]:4321/es/cookies,http://[::1]:4321/es/cookies,200,,false,false,false,,,true
OK,,mobile,anchor,http://[::1]:4321/es/east-sussex,Más información,/es/cookies,http://[::1]:4321/es/cookies,http://[::1]:4321/es/cookies,200,,false,false,false,,,true
INFO,Intentional redirector (messaging deep link),mobile,anchor,http://[::1]:4321/es/east-sussex,ESCRÍBENOS,https://wa.me/447786694723?text=Hola%2C%20me%20gustar%C3%ADa%20hablar%20con%20el%20equipo%20de%20Courtside.,https://wa.me/447786694723?text=Hola%2C%20me%20gustar%C3%ADa%20hablar%20con%20el%20equipo%20de%20Courtside.,/send/?phone=447786694723&amp,200,,false,true,true,_blank,noopener noreferrer,true
INFO,JS-driven CTA — verify behaviour manually (opens modal / drawer),mobile,js-cta,http://[::1]:4321/es/east-sussex,EN,(javascript),,,0,,false,false,false,,,true
INFO,JS-driven CTA — verify behaviour manually (opens modal / drawer),mobile,js-cta,http://[::1]:4321/es/east-sussex,ES,(javascript),,,0,,false,false,false,,,true
INFO,JS-driven CTA — verify behaviour manually (opens modal / drawer),mobile,js-cta,http://[::1]:4321/es/east-sussex,FR,(javascript),,,0,,false,false,false,,,true
INFO,JS-driven CTA — verify behaviour manually (opens modal / drawer),mobile,js-cta,http://[::1]:4321/es/east-sussex,CONSULTA SOBRE EAST SUSSEX,(javascript),,,0,,false,false,false,,,true
INFO,JS-driven CTA — verify behaviour manually (opens modal / drawer),mobile,js-cta,http://[::1]:4321/es/east-sussex,RECHAZAR NO ESENCIALES,(javascript),,,0,,false,false,false,,,true
INFO,JS-driven CTA — verify behaviour manually (opens modal / drawer),mobile,js-cta,http://[::1]:4321/es/east-sussex,ACEPTAR TODAS,(javascript),,,0,,false,false,false,,,true
OK,,mobile,anchor,http://[::1]:4321/es/bali,(no text),/es/,http://[::1]:4321/es/,http://[::1]:4321/es/,200,,false,false,false,,,true
OK,,mobile,anchor,http://[::1]:4321/es/bali,Nuestra Historia,/es/our-story,http://[::1]:4321/es/our-story,http://[::1]:4321/es/our-story,200,,false,false,false,,,false
OK,,mobile,anchor,http://[::1]:4321/es/bali,La Experiencia,/es/the-experience,http://[::1]:4321/es/the-experience,http://[::1]:4321/es/the-experience,200,,false,false,false,,,false
OK,,mobile,anchor,http://[::1]:4321/es/bali,Próximos Retiros,/es/upcoming-retreats,http://[::1]:4321/es/upcoming-retreats,http://[::1]:4321/es/upcoming-retreats,200,,false,false,false,,,false
OK,,mobile,anchor,http://[::1]:4321/es/bali,Nuestra Historia,/es/our-story,http://[::1]:4321/es/our-story,http://[::1]:4321/es/our-story,200,,false,false,false,,,true
OK,,mobile,anchor,http://[::1]:4321/es/bali,La Experiencia,/es/the-experience,http://[::1]:4321/es/the-experience,http://[::1]:4321/es/the-experience,200,,false,false,false,,,true
OK,,mobile,anchor,http://[::1]:4321/es/bali,Menorca,https://menorca.cspadel.com/,https://menorca.cspadel.com/,https://menorca.cspadel.com/,200,,false,false,true,,,true
OK,,mobile,anchor,http://[::1]:4321/es/bali,UK (East Sussex),/es/east-sussex,http://[::1]:4321/es/east-sussex,http://[::1]:4321/es/east-sussex,200,,false,false,false,,,true
OK,,mobile,anchor,http://[::1]:4321/es/bali,Bali,/es/bali,http://[::1]:4321/es/bali,http://[::1]:4321/es/bali,200,,false,false,false,,,true
OK,,mobile,anchor,http://[::1]:4321/es/bali,Dubái,/es/dubai,http://[::1]:4321/es/dubai,http://[::1]:4321/es/dubai,200,,false,false,false,,,true
OK,,mobile,anchor,http://[::1]:4321/es/bali,Próximos Retiros,/es/upcoming-retreats,http://[::1]:4321/es/upcoming-retreats,http://[::1]:4321/es/upcoming-retreats,200,,false,false,false,,,true
OK,,mobile,anchor,http://[::1]:4321/es/bali,Courtside Padel on Instagram,https://www.instagram.com/padelcourtside/,https://www.instagram.com/padelcourtside/,https://www.instagram.com/padelcourtside/,200,,false,false,true,_blank,noopener noreferrer,true
OK,,mobile,anchor,http://[::1]:4321/es/bali,Courtside Padel on LinkedIn,https://www.linkedin.com/company/https-cspadel.com-/,https://www.linkedin.com/company/https-cspadel.com-/,https://www.linkedin.com/company/https-cspadel.com-/,200,,false,false,true,_blank,noopener noreferrer,true
OK,,mobile,anchor,http://[::1]:4321/es/bali,Menorca,https://menorca.cspadel.com/,https://menorca.cspadel.com/,https://menorca.cspadel.com/,200,,false,false,true,,,true
OK,,mobile,anchor,http://[::1]:4321/es/bali,UK (East Sussex),/es/east-sussex,http://[::1]:4321/es/east-sussex,http://[::1]:4321/es/east-sussex,200,,false,false,false,,,true
OK,,mobile,anchor,http://[::1]:4321/es/bali,Bali,/es/bali,http://[::1]:4321/es/bali,http://[::1]:4321/es/bali,200,,false,false,false,,,true
OK,,mobile,anchor,http://[::1]:4321/es/bali,Dubái,/es/dubai,http://[::1]:4321/es/dubai,http://[::1]:4321/es/dubai,200,,false,false,false,,,true
OK,,mobile,anchor,http://[::1]:4321/es/bali,PRÓXIMOS RETIROS,/es/upcoming-retreats,http://[::1]:4321/es/upcoming-retreats,http://[::1]:4321/es/upcoming-retreats,200,,false,false,false,,,true
OK,,mobile,anchor,http://[::1]:4321/es/bali,Nuestra Historia,/es/our-story,http://[::1]:4321/es/our-story,http://[::1]:4321/es/our-story,200,,false,false,false,,,true
OK,,mobile,anchor,http://[::1]:4321/es/bali,La Experiencia,/es/the-experience,http://[::1]:4321/es/the-experience,http://[::1]:4321/es/the-experience,200,,false,false,false,,,true
OK,,mobile,anchor,http://[::1]:4321/es/bali,Corporativo y Ejecutivo,/es/executive-retreat,http://[::1]:4321/es/executive-retreat,http://[::1]:4321/es/executive-retreat,200,,false,false,false,,,true
INFO,Intentional redirector (messaging deep link),mobile,anchor,http://[::1]:4321/es/bali,Concierge por WhatsApp,https://wa.me/447786694723?text=Hola%2C%20me%20gustar%C3%ADa%20informarme%20sobre%20un%20retiro%20de%20Courtside%20Padel.,https://wa.me/447786694723?text=Hola%2C%20me%20gustar%C3%ADa%20informarme%20sobre%20un%20retiro%20de%20Courtside%20Padel.,/send/?phone=447786694723&amp,200,,false,true,true,_blank,noopener noreferrer,true
INFO,mailto: link (not fetched),mobile,anchor,http://[::1]:4321/es/bali,awatelet@cspadel.com,mailto:awatelet@cspadel.com,mailto:awatelet@cspadel.com,,0,,false,false,false,,,true
INFO,Intentional redirector (messaging deep link),mobile,anchor,http://[::1]:4321/es/bali,ESCRIBE AL EQUIPO,https://wa.me/447786694723?text=Hola%2C%20me%20gustar%C3%ADa%20informarme%20sobre%20un%20retiro%20de%20Courtside%20Padel.,https://wa.me/447786694723?text=Hola%2C%20me%20gustar%C3%ADa%20informarme%20sobre%20un%20retiro%20de%20Courtside%20Padel.,/send/?phone=447786694723&amp,200,,false,true,true,_blank,noopener noreferrer,true
OK,,mobile,anchor,http://[::1]:4321/es/bali,Privacidad,/legal/privacy-policy,http://[::1]:4321/legal/privacy-policy,http://[::1]:4321/legal/privacy-policy,200,,false,false,false,,,true
OK,,mobile,anchor,http://[::1]:4321/es/bali,Términos,/legal/terms-and-conditions,http://[::1]:4321/legal/terms-and-conditions,http://[::1]:4321/legal/terms-and-conditions,200,,false,false,false,,,true
OK,,mobile,anchor,http://[::1]:4321/es/bali,Política de cookies,/es/cookies,http://[::1]:4321/es/cookies,http://[::1]:4321/es/cookies,200,,false,false,false,,,true
OK,,mobile,anchor,http://[::1]:4321/es/bali,Más información,/es/cookies,http://[::1]:4321/es/cookies,http://[::1]:4321/es/cookies,200,,false,false,false,,,true
INFO,Intentional redirector (messaging deep link),mobile,anchor,http://[::1]:4321/es/bali,ESCRÍBENOS,https://wa.me/447786694723?text=Hola%2C%20me%20gustar%C3%ADa%20hablar%20con%20el%20equipo%20de%20Courtside.,https://wa.me/447786694723?text=Hola%2C%20me%20gustar%C3%ADa%20hablar%20con%20el%20equipo%20de%20Courtside.,/send/?phone=447786694723&amp,200,,false,true,true,_blank,noopener noreferrer,true
INFO,JS-driven CTA — verify behaviour manually (opens modal / drawer),mobile,js-cta,http://[::1]:4321/es/bali,EN,(javascript),,,0,,false,false,false,,,true
INFO,JS-driven CTA — verify behaviour manually (opens modal / drawer),mobile,js-cta,http://[::1]:4321/es/bali,ES,(javascript),,,0,,false,false,false,,,true
INFO,JS-driven CTA — verify behaviour manually (opens modal / drawer),mobile,js-cta,http://[::1]:4321/es/bali,FR,(javascript),,,0,,false,false,false,,,true
INFO,JS-driven CTA — verify behaviour manually (opens modal / drawer),mobile,js-cta,http://[::1]:4321/es/bali,CONSULTA SOBRE BALI,(javascript),,,0,,false,false,false,,,true
INFO,JS-driven CTA — verify behaviour manually (opens modal / drawer),mobile,js-cta,http://[::1]:4321/es/bali,RECHAZAR NO ESENCIALES,(javascript),,,0,,false,false,false,,,true
INFO,JS-driven CTA — verify behaviour manually (opens modal / drawer),mobile,js-cta,http://[::1]:4321/es/bali,ACEPTAR TODAS,(javascript),,,0,,false,false,false,,,true
OK,,mobile,anchor,http://[::1]:4321/es/dubai,(no text),/es/,http://[::1]:4321/es/,http://[::1]:4321/es/,200,,false,false,false,,,true
OK,,mobile,anchor,http://[::1]:4321/es/dubai,Nuestra Historia,/es/our-story,http://[::1]:4321/es/our-story,http://[::1]:4321/es/our-story,200,,false,false,false,,,false
OK,,mobile,anchor,http://[::1]:4321/es/dubai,La Experiencia,/es/the-experience,http://[::1]:4321/es/the-experience,http://[::1]:4321/es/the-experience,200,,false,false,false,,,false
OK,,mobile,anchor,http://[::1]:4321/es/dubai,Próximos Retiros,/es/upcoming-retreats,http://[::1]:4321/es/upcoming-retreats,http://[::1]:4321/es/upcoming-retreats,200,,false,false,false,,,false
OK,,mobile,anchor,http://[::1]:4321/es/dubai,Nuestra Historia,/es/our-story,http://[::1]:4321/es/our-story,http://[::1]:4321/es/our-story,200,,false,false,false,,,true
OK,,mobile,anchor,http://[::1]:4321/es/dubai,La Experiencia,/es/the-experience,http://[::1]:4321/es/the-experience,http://[::1]:4321/es/the-experience,200,,false,false,false,,,true
OK,,mobile,anchor,http://[::1]:4321/es/dubai,Menorca,https://menorca.cspadel.com/,https://menorca.cspadel.com/,https://menorca.cspadel.com/,200,,false,false,true,,,true
OK,,mobile,anchor,http://[::1]:4321/es/dubai,UK (East Sussex),/es/east-sussex,http://[::1]:4321/es/east-sussex,http://[::1]:4321/es/east-sussex,200,,false,false,false,,,true
OK,,mobile,anchor,http://[::1]:4321/es/dubai,Bali,/es/bali,http://[::1]:4321/es/bali,http://[::1]:4321/es/bali,200,,false,false,false,,,true
OK,,mobile,anchor,http://[::1]:4321/es/dubai,Dubái,/es/dubai,http://[::1]:4321/es/dubai,http://[::1]:4321/es/dubai,200,,false,false,false,,,true
OK,,mobile,anchor,http://[::1]:4321/es/dubai,Próximos Retiros,/es/upcoming-retreats,http://[::1]:4321/es/upcoming-retreats,http://[::1]:4321/es/upcoming-retreats,200,,false,false,false,,,true
OK,,mobile,anchor,http://[::1]:4321/es/dubai,Courtside Padel on Instagram,https://www.instagram.com/padelcourtside/,https://www.instagram.com/padelcourtside/,https://www.instagram.com/padelcourtside/,200,,false,false,true,_blank,noopener noreferrer,true
OK,,mobile,anchor,http://[::1]:4321/es/dubai,Courtside Padel on LinkedIn,https://www.linkedin.com/company/https-cspadel.com-/,https://www.linkedin.com/company/https-cspadel.com-/,https://www.linkedin.com/company/https-cspadel.com-/,200,,false,false,true,_blank,noopener noreferrer,true
OK,,mobile,anchor,http://[::1]:4321/es/dubai,Menorca,https://menorca.cspadel.com/,https://menorca.cspadel.com/,https://menorca.cspadel.com/,200,,false,false,true,,,true
OK,,mobile,anchor,http://[::1]:4321/es/dubai,UK (East Sussex),/es/east-sussex,http://[::1]:4321/es/east-sussex,http://[::1]:4321/es/east-sussex,200,,false,false,false,,,true
OK,,mobile,anchor,http://[::1]:4321/es/dubai,Bali,/es/bali,http://[::1]:4321/es/bali,http://[::1]:4321/es/bali,200,,false,false,false,,,true
OK,,mobile,anchor,http://[::1]:4321/es/dubai,Dubái,/es/dubai,http://[::1]:4321/es/dubai,http://[::1]:4321/es/dubai,200,,false,false,false,,,true
OK,,mobile,anchor,http://[::1]:4321/es/dubai,PRÓXIMOS RETIROS,/es/upcoming-retreats,http://[::1]:4321/es/upcoming-retreats,http://[::1]:4321/es/upcoming-retreats,200,,false,false,false,,,true
OK,,mobile,anchor,http://[::1]:4321/es/dubai,Nuestra Historia,/es/our-story,http://[::1]:4321/es/our-story,http://[::1]:4321/es/our-story,200,,false,false,false,,,true
OK,,mobile,anchor,http://[::1]:4321/es/dubai,La Experiencia,/es/the-experience,http://[::1]:4321/es/the-experience,http://[::1]:4321/es/the-experience,200,,false,false,false,,,true
OK,,mobile,anchor,http://[::1]:4321/es/dubai,Corporativo y Ejecutivo,/es/executive-retreat,http://[::1]:4321/es/executive-retreat,http://[::1]:4321/es/executive-retreat,200,,false,false,false,,,true
INFO,Intentional redirector (messaging deep link),mobile,anchor,http://[::1]:4321/es/dubai,Concierge por WhatsApp,https://wa.me/447786694723?text=Hola%2C%20me%20gustar%C3%ADa%20informarme%20sobre%20un%20retiro%20de%20Courtside%20Padel.,https://wa.me/447786694723?text=Hola%2C%20me%20gustar%C3%ADa%20informarme%20sobre%20un%20retiro%20de%20Courtside%20Padel.,/send/?phone=447786694723&amp,200,,false,true,true,_blank,noopener noreferrer,true
INFO,mailto: link (not fetched),mobile,anchor,http://[::1]:4321/es/dubai,awatelet@cspadel.com,mailto:awatelet@cspadel.com,mailto:awatelet@cspadel.com,,0,,false,false,false,,,true
INFO,Intentional redirector (messaging deep link),mobile,anchor,http://[::1]:4321/es/dubai,ESCRIBE AL EQUIPO,https://wa.me/447786694723?text=Hola%2C%20me%20gustar%C3%ADa%20informarme%20sobre%20un%20retiro%20de%20Courtside%20Padel.,https://wa.me/447786694723?text=Hola%2C%20me%20gustar%C3%ADa%20informarme%20sobre%20un%20retiro%20de%20Courtside%20Padel.,/send/?phone=447786694723&amp,200,,false,true,true,_blank,noopener noreferrer,true
OK,,mobile,anchor,http://[::1]:4321/es/dubai,Privacidad,/legal/privacy-policy,http://[::1]:4321/legal/privacy-policy,http://[::1]:4321/legal/privacy-policy,200,,false,false,false,,,true
OK,,mobile,anchor,http://[::1]:4321/es/dubai,Términos,/legal/terms-and-conditions,http://[::1]:4321/legal/terms-and-conditions,http://[::1]:4321/legal/terms-and-conditions,200,,false,false,false,,,true
OK,,mobile,anchor,http://[::1]:4321/es/dubai,Política de cookies,/es/cookies,http://[::1]:4321/es/cookies,http://[::1]:4321/es/cookies,200,,false,false,false,,,true
OK,,mobile,anchor,http://[::1]:4321/es/dubai,Más información,/es/cookies,http://[::1]:4321/es/cookies,http://[::1]:4321/es/cookies,200,,false,false,false,,,true
INFO,Intentional redirector (messaging deep link),mobile,anchor,http://[::1]:4321/es/dubai,ESCRÍBENOS,https://wa.me/447786694723?text=Hola%2C%20me%20gustar%C3%ADa%20hablar%20con%20el%20equipo%20de%20Courtside.,https://wa.me/447786694723?text=Hola%2C%20me%20gustar%C3%ADa%20hablar%20con%20el%20equipo%20de%20Courtside.,/send/?phone=447786694723&amp,200,,false,true,true,_blank,noopener noreferrer,true
INFO,JS-driven CTA — verify behaviour manually (opens modal / drawer),mobile,js-cta,http://[::1]:4321/es/dubai,EN,(javascript),,,0,,false,false,false,,,true
INFO,JS-driven CTA — verify behaviour manually (opens modal / drawer),mobile,js-cta,http://[::1]:4321/es/dubai,ES,(javascript),,,0,,false,false,false,,,true
INFO,JS-driven CTA — verify behaviour manually (opens modal / drawer),mobile,js-cta,http://[::1]:4321/es/dubai,FR,(javascript),,,0,,false,false,false,,,true
INFO,JS-driven CTA — verify behaviour manually (opens modal / drawer),mobile,js-cta,http://[::1]:4321/es/dubai,CONTACTA CON NOSOTROS,(javascript),,,0,,false,false,false,,,true
INFO,JS-driven CTA — verify behaviour manually (opens modal / drawer),mobile,js-cta,http://[::1]:4321/es/dubai,RECHAZAR NO ESENCIALES,(javascript),,,0,,false,false,false,,,true
INFO,JS-driven CTA — verify behaviour manually (opens modal / drawer),mobile,js-cta,http://[::1]:4321/es/dubai,ACEPTAR TODAS,(javascript),,,0,,false,false,false,,,true
OK,,mobile,anchor,http://[::1]:4321/es/executive-retreat,(no text),/es/,http://[::1]:4321/es/,http://[::1]:4321/es/,200,,false,false,false,,,true
OK,,mobile,anchor,http://[::1]:4321/es/executive-retreat,Nuestra Historia,/es/our-story,http://[::1]:4321/es/our-story,http://[::1]:4321/es/our-story,200,,false,false,false,,,false
OK,,mobile,anchor,http://[::1]:4321/es/executive-retreat,La Experiencia,/es/the-experience,http://[::1]:4321/es/the-experience,http://[::1]:4321/es/the-experience,200,,false,false,false,,,false
OK,,mobile,anchor,http://[::1]:4321/es/executive-retreat,Próximos Retiros,/es/upcoming-retreats,http://[::1]:4321/es/upcoming-retreats,http://[::1]:4321/es/upcoming-retreats,200,,false,false,false,,,false
OK,,mobile,anchor,http://[::1]:4321/es/executive-retreat,Nuestra Historia,/es/our-story,http://[::1]:4321/es/our-story,http://[::1]:4321/es/our-story,200,,false,false,false,,,true
OK,,mobile,anchor,http://[::1]:4321/es/executive-retreat,La Experiencia,/es/the-experience,http://[::1]:4321/es/the-experience,http://[::1]:4321/es/the-experience,200,,false,false,false,,,true
OK,,mobile,anchor,http://[::1]:4321/es/executive-retreat,Menorca,https://menorca.cspadel.com/,https://menorca.cspadel.com/,https://menorca.cspadel.com/,200,,false,false,true,,,true
OK,,mobile,anchor,http://[::1]:4321/es/executive-retreat,UK (East Sussex),/es/east-sussex,http://[::1]:4321/es/east-sussex,http://[::1]:4321/es/east-sussex,200,,false,false,false,,,true
OK,,mobile,anchor,http://[::1]:4321/es/executive-retreat,Bali,/es/bali,http://[::1]:4321/es/bali,http://[::1]:4321/es/bali,200,,false,false,false,,,true
OK,,mobile,anchor,http://[::1]:4321/es/executive-retreat,Dubái,/es/dubai,http://[::1]:4321/es/dubai,http://[::1]:4321/es/dubai,200,,false,false,false,,,true
OK,,mobile,anchor,http://[::1]:4321/es/executive-retreat,Próximos Retiros,/es/upcoming-retreats,http://[::1]:4321/es/upcoming-retreats,http://[::1]:4321/es/upcoming-retreats,200,,false,false,false,,,true
INFO,mailto: link (not fetched),mobile,anchor,http://[::1]:4321/es/executive-retreat,CONSULTA SOBRE UN RETIRO CORPORATIVO,mailto:awatelet@cspadel.com,mailto:awatelet@cspadel.com,,0,,false,false,false,,,true
OK,,mobile,anchor,http://[::1]:4321/es/executive-retreat,Courtside Padel on Instagram,https://www.instagram.com/padelcourtside/,https://www.instagram.com/padelcourtside/,https://www.instagram.com/padelcourtside/,200,,false,false,true,_blank,noopener noreferrer,true
OK,,mobile,anchor,http://[::1]:4321/es/executive-retreat,Courtside Padel on LinkedIn,https://www.linkedin.com/company/https-cspadel.com-/,https://www.linkedin.com/company/https-cspadel.com-/,https://www.linkedin.com/company/https-cspadel.com-/,200,,false,false,true,_blank,noopener noreferrer,true
OK,,mobile,anchor,http://[::1]:4321/es/executive-retreat,Menorca,https://menorca.cspadel.com/,https://menorca.cspadel.com/,https://menorca.cspadel.com/,200,,false,false,true,,,true
OK,,mobile,anchor,http://[::1]:4321/es/executive-retreat,UK (East Sussex),/es/east-sussex,http://[::1]:4321/es/east-sussex,http://[::1]:4321/es/east-sussex,200,,false,false,false,,,true
OK,,mobile,anchor,http://[::1]:4321/es/executive-retreat,Bali,/es/bali,http://[::1]:4321/es/bali,http://[::1]:4321/es/bali,200,,false,false,false,,,true
OK,,mobile,anchor,http://[::1]:4321/es/executive-retreat,Dubái,/es/dubai,http://[::1]:4321/es/dubai,http://[::1]:4321/es/dubai,200,,false,false,false,,,true
OK,,mobile,anchor,http://[::1]:4321/es/executive-retreat,PRÓXIMOS RETIROS,/es/upcoming-retreats,http://[::1]:4321/es/upcoming-retreats,http://[::1]:4321/es/upcoming-retreats,200,,false,false,false,,,true
OK,,mobile,anchor,http://[::1]:4321/es/executive-retreat,Nuestra Historia,/es/our-story,http://[::1]:4321/es/our-story,http://[::1]:4321/es/our-story,200,,false,false,false,,,true
OK,,mobile,anchor,http://[::1]:4321/es/executive-retreat,La Experiencia,/es/the-experience,http://[::1]:4321/es/the-experience,http://[::1]:4321/es/the-experience,200,,false,false,false,,,true
OK,,mobile,anchor,http://[::1]:4321/es/executive-retreat,Corporativo y Ejecutivo,/es/executive-retreat,http://[::1]:4321/es/executive-retreat,http://[::1]:4321/es/executive-retreat,200,,false,false,false,,,true
INFO,Intentional redirector (messaging deep link),mobile,anchor,http://[::1]:4321/es/executive-retreat,Concierge por WhatsApp,https://wa.me/447786694723?text=Hola%2C%20me%20gustar%C3%ADa%20informarme%20sobre%20un%20retiro%20de%20Courtside%20Padel.,https://wa.me/447786694723?text=Hola%2C%20me%20gustar%C3%ADa%20informarme%20sobre%20un%20retiro%20de%20Courtside%20Padel.,/send/?phone=447786694723&amp,200,,false,true,true,_blank,noopener noreferrer,true
INFO,mailto: link (not fetched),mobile,anchor,http://[::1]:4321/es/executive-retreat,awatelet@cspadel.com,mailto:awatelet@cspadel.com,mailto:awatelet@cspadel.com,,0,,false,false,false,,,true
INFO,Intentional redirector (messaging deep link),mobile,anchor,http://[::1]:4321/es/executive-retreat,ESCRIBE AL EQUIPO,https://wa.me/447786694723?text=Hola%2C%20me%20gustar%C3%ADa%20informarme%20sobre%20un%20retiro%20de%20Courtside%20Padel.,https://wa.me/447786694723?text=Hola%2C%20me%20gustar%C3%ADa%20informarme%20sobre%20un%20retiro%20de%20Courtside%20Padel.,/send/?phone=447786694723&amp,200,,false,true,true,_blank,noopener noreferrer,true
OK,,mobile,anchor,http://[::1]:4321/es/executive-retreat,Privacidad,/legal/privacy-policy,http://[::1]:4321/legal/privacy-policy,http://[::1]:4321/legal/privacy-policy,200,,false,false,false,,,true
OK,,mobile,anchor,http://[::1]:4321/es/executive-retreat,Términos,/legal/terms-and-conditions,http://[::1]:4321/legal/terms-and-conditions,http://[::1]:4321/legal/terms-and-conditions,200,,false,false,false,,,true
OK,,mobile,anchor,http://[::1]:4321/es/executive-retreat,Política de cookies,/es/cookies,http://[::1]:4321/es/cookies,http://[::1]:4321/es/cookies,200,,false,false,false,,,true
OK,,mobile,anchor,http://[::1]:4321/es/executive-retreat,Más información,/es/cookies,http://[::1]:4321/es/cookies,http://[::1]:4321/es/cookies,200,,false,false,false,,,true
INFO,Intentional redirector (messaging deep link),mobile,anchor,http://[::1]:4321/es/executive-retreat,ESCRÍBENOS,https://wa.me/447786694723?text=Hola%2C%20me%20gustar%C3%ADa%20hablar%20con%20el%20equipo%20de%20Courtside.,https://wa.me/447786694723?text=Hola%2C%20me%20gustar%C3%ADa%20hablar%20con%20el%20equipo%20de%20Courtside.,/send/?phone=447786694723&amp,200,,false,true,true,_blank,noopener noreferrer,true
INFO,JS-driven CTA — verify behaviour manually (opens modal / drawer),mobile,js-cta,http://[::1]:4321/es/executive-retreat,EN,(javascript),,,0,,false,false,false,,,true
INFO,JS-driven CTA — verify behaviour manually (opens modal / drawer),mobile,js-cta,http://[::1]:4321/es/executive-retreat,ES,(javascript),,,0,,false,false,false,,,true
INFO,JS-driven CTA — verify behaviour manually (opens modal / drawer),mobile,js-cta,http://[::1]:4321/es/executive-retreat,FR,(javascript),,,0,,false,false,false,,,true
INFO,JS-driven CTA — verify behaviour manually (opens modal / drawer),mobile,js-cta,http://[::1]:4321/es/executive-retreat,RECHAZAR NO ESENCIALES,(javascript),,,0,,false,false,false,,,true
INFO,JS-driven CTA — verify behaviour manually (opens modal / drawer),mobile,js-cta,http://[::1]:4321/es/executive-retreat,ACEPTAR TODAS,(javascript),,,0,,false,false,false,,,true
OK,,mobile,anchor,http://[::1]:4321/es/cookies,(no text),/es/,http://[::1]:4321/es/,http://[::1]:4321/es/,200,,false,false,false,,,true
OK,,mobile,anchor,http://[::1]:4321/es/cookies,Nuestra Historia,/es/our-story,http://[::1]:4321/es/our-story,http://[::1]:4321/es/our-story,200,,false,false,false,,,false
OK,,mobile,anchor,http://[::1]:4321/es/cookies,La Experiencia,/es/the-experience,http://[::1]:4321/es/the-experience,http://[::1]:4321/es/the-experience,200,,false,false,false,,,false
OK,,mobile,anchor,http://[::1]:4321/es/cookies,Próximos Retiros,/es/upcoming-retreats,http://[::1]:4321/es/upcoming-retreats,http://[::1]:4321/es/upcoming-retreats,200,,false,false,false,,,false
OK,,mobile,anchor,http://[::1]:4321/es/cookies,Nuestra Historia,/es/our-story,http://[::1]:4321/es/our-story,http://[::1]:4321/es/our-story,200,,false,false,false,,,true
OK,,mobile,anchor,http://[::1]:4321/es/cookies,La Experiencia,/es/the-experience,http://[::1]:4321/es/the-experience,http://[::1]:4321/es/the-experience,200,,false,false,false,,,true
OK,,mobile,anchor,http://[::1]:4321/es/cookies,Menorca,https://menorca.cspadel.com/,https://menorca.cspadel.com/,https://menorca.cspadel.com/,200,,false,false,true,,,true
OK,,mobile,anchor,http://[::1]:4321/es/cookies,UK (East Sussex),/es/east-sussex,http://[::1]:4321/es/east-sussex,http://[::1]:4321/es/east-sussex,200,,false,false,false,,,true
OK,,mobile,anchor,http://[::1]:4321/es/cookies,Bali,/es/bali,http://[::1]:4321/es/bali,http://[::1]:4321/es/bali,200,,false,false,false,,,true
OK,,mobile,anchor,http://[::1]:4321/es/cookies,Dubái,/es/dubai,http://[::1]:4321/es/dubai,http://[::1]:4321/es/dubai,200,,false,false,false,,,true
OK,,mobile,anchor,http://[::1]:4321/es/cookies,Próximos Retiros,/es/upcoming-retreats,http://[::1]:4321/es/upcoming-retreats,http://[::1]:4321/es/upcoming-retreats,200,,false,false,false,,,true
OK,,mobile,anchor,http://[::1]:4321/es/cookies,Courtside Padel on Instagram,https://www.instagram.com/padelcourtside/,https://www.instagram.com/padelcourtside/,https://www.instagram.com/padelcourtside/,200,,false,false,true,_blank,noopener noreferrer,true
OK,,mobile,anchor,http://[::1]:4321/es/cookies,Courtside Padel on LinkedIn,https://www.linkedin.com/company/https-cspadel.com-/,https://www.linkedin.com/company/https-cspadel.com-/,https://www.linkedin.com/company/https-cspadel.com-/,200,,false,false,true,_blank,noopener noreferrer,true
OK,,mobile,anchor,http://[::1]:4321/es/cookies,Menorca,https://menorca.cspadel.com/,https://menorca.cspadel.com/,https://menorca.cspadel.com/,200,,false,false,true,,,true
OK,,mobile,anchor,http://[::1]:4321/es/cookies,UK (East Sussex),/es/east-sussex,http://[::1]:4321/es/east-sussex,http://[::1]:4321/es/east-sussex,200,,false,false,false,,,true
OK,,mobile,anchor,http://[::1]:4321/es/cookies,Bali,/es/bali,http://[::1]:4321/es/bali,http://[::1]:4321/es/bali,200,,false,false,false,,,true
OK,,mobile,anchor,http://[::1]:4321/es/cookies,Dubái,/es/dubai,http://[::1]:4321/es/dubai,http://[::1]:4321/es/dubai,200,,false,false,false,,,true
OK,,mobile,anchor,http://[::1]:4321/es/cookies,PRÓXIMOS RETIROS,/es/upcoming-retreats,http://[::1]:4321/es/upcoming-retreats,http://[::1]:4321/es/upcoming-retreats,200,,false,false,false,,,true
OK,,mobile,anchor,http://[::1]:4321/es/cookies,Nuestra Historia,/es/our-story,http://[::1]:4321/es/our-story,http://[::1]:4321/es/our-story,200,,false,false,false,,,true
OK,,mobile,anchor,http://[::1]:4321/es/cookies,La Experiencia,/es/the-experience,http://[::1]:4321/es/the-experience,http://[::1]:4321/es/the-experience,200,,false,false,false,,,true
OK,,mobile,anchor,http://[::1]:4321/es/cookies,Corporativo y Ejecutivo,/es/executive-retreat,http://[::1]:4321/es/executive-retreat,http://[::1]:4321/es/executive-retreat,200,,false,false,false,,,true
INFO,Intentional redirector (messaging deep link),mobile,anchor,http://[::1]:4321/es/cookies,Concierge por WhatsApp,https://wa.me/447786694723?text=Hola%2C%20me%20gustar%C3%ADa%20informarme%20sobre%20un%20retiro%20de%20Courtside%20Padel.,https://wa.me/447786694723?text=Hola%2C%20me%20gustar%C3%ADa%20informarme%20sobre%20un%20retiro%20de%20Courtside%20Padel.,/send/?phone=447786694723&amp,200,,false,true,true,_blank,noopener noreferrer,true
INFO,mailto: link (not fetched),mobile,anchor,http://[::1]:4321/es/cookies,awatelet@cspadel.com,mailto:awatelet@cspadel.com,mailto:awatelet@cspadel.com,,0,,false,false,false,,,true
INFO,Intentional redirector (messaging deep link),mobile,anchor,http://[::1]:4321/es/cookies,ESCRIBE AL EQUIPO,https://wa.me/447786694723?text=Hola%2C%20me%20gustar%C3%ADa%20informarme%20sobre%20un%20retiro%20de%20Courtside%20Padel.,https://wa.me/447786694723?text=Hola%2C%20me%20gustar%C3%ADa%20informarme%20sobre%20un%20retiro%20de%20Courtside%20Padel.,/send/?phone=447786694723&amp,200,,false,true,true,_blank,noopener noreferrer,true
OK,,mobile,anchor,http://[::1]:4321/es/cookies,Privacidad,/legal/privacy-policy,http://[::1]:4321/legal/privacy-policy,http://[::1]:4321/legal/privacy-policy,200,,false,false,false,,,true
OK,,mobile,anchor,http://[::1]:4321/es/cookies,Términos,/legal/terms-and-conditions,http://[::1]:4321/legal/terms-and-conditions,http://[::1]:4321/legal/terms-and-conditions,200,,false,false,false,,,true
OK,,mobile,anchor,http://[::1]:4321/es/cookies,Política de cookies,/es/cookies,http://[::1]:4321/es/cookies,http://[::1]:4321/es/cookies,200,,false,false,false,,,true
OK,,mobile,anchor,http://[::1]:4321/es/cookies,Más información,/es/cookies,http://[::1]:4321/es/cookies,http://[::1]:4321/es/cookies,200,,false,false,false,,,true
INFO,Intentional redirector (messaging deep link),mobile,anchor,http://[::1]:4321/es/cookies,ESCRÍBENOS,https://wa.me/447786694723?text=Hola%2C%20me%20gustar%C3%ADa%20hablar%20con%20el%20equipo%20de%20Courtside.,https://wa.me/447786694723?text=Hola%2C%20me%20gustar%C3%ADa%20hablar%20con%20el%20equipo%20de%20Courtside.,/send/?phone=447786694723&amp,200,,false,true,true,_blank,noopener noreferrer,true
INFO,JS-driven CTA — verify behaviour manually (opens modal / drawer),mobile,js-cta,http://[::1]:4321/es/cookies,EN,(javascript),,,0,,false,false,false,,,true
INFO,JS-driven CTA — verify behaviour manually (opens modal / drawer),mobile,js-cta,http://[::1]:4321/es/cookies,ES,(javascript),,,0,,false,false,false,,,true
INFO,JS-driven CTA — verify behaviour manually (opens modal / drawer),mobile,js-cta,http://[::1]:4321/es/cookies,FR,(javascript),,,0,,false,false,false,,,true
INFO,JS-driven CTA — verify behaviour manually (opens modal / drawer),mobile,js-cta,http://[::1]:4321/es/cookies,RECHAZAR NO ESENCIALES,(javascript),,,0,,false,false,false,,,true
INFO,JS-driven CTA — verify behaviour manually (opens modal / drawer),mobile,js-cta,http://[::1]:4321/es/cookies,ACEPTAR TODAS,(javascript),,,0,,false,false,false,,,true
OK,,mobile,anchor,http://[::1]:4321/fr/our-story,(no text),/fr/,http://[::1]:4321/fr/,http://[::1]:4321/fr/,200,,false,false,false,,,true
OK,,mobile,anchor,http://[::1]:4321/fr/our-story,Notre Histoire,/fr/our-story,http://[::1]:4321/fr/our-story,http://[::1]:4321/fr/our-story,200,,false,false,false,,,false
OK,,mobile,anchor,http://[::1]:4321/fr/our-story,L'Expérience,/fr/the-experience,http://[::1]:4321/fr/the-experience,http://[::1]:4321/fr/the-experience,200,,false,false,false,,,false
OK,,mobile,anchor,http://[::1]:4321/fr/our-story,Prochaines Retraites,/fr/upcoming-retreats,http://[::1]:4321/fr/upcoming-retreats,http://[::1]:4321/fr/upcoming-retreats,200,,false,false,false,,,false
OK,,mobile,anchor,http://[::1]:4321/fr/our-story,Notre Histoire,/fr/our-story,http://[::1]:4321/fr/our-story,http://[::1]:4321/fr/our-story,200,,false,false,false,,,true
OK,,mobile,anchor,http://[::1]:4321/fr/our-story,L'Expérience,/fr/the-experience,http://[::1]:4321/fr/the-experience,http://[::1]:4321/fr/the-experience,200,,false,false,false,,,true
OK,,mobile,anchor,http://[::1]:4321/fr/our-story,Menorca,https://menorca.cspadel.com/,https://menorca.cspadel.com/,https://menorca.cspadel.com/,200,,false,false,true,,,true
OK,,mobile,anchor,http://[::1]:4321/fr/our-story,UK (East Sussex),/fr/east-sussex,http://[::1]:4321/fr/east-sussex,http://[::1]:4321/fr/east-sussex,200,,false,false,false,,,true
OK,,mobile,anchor,http://[::1]:4321/fr/our-story,Bali,/fr/bali,http://[::1]:4321/fr/bali,http://[::1]:4321/fr/bali,200,,false,false,false,,,true
OK,,mobile,anchor,http://[::1]:4321/fr/our-story,Dubai,/fr/dubai,http://[::1]:4321/fr/dubai,http://[::1]:4321/fr/dubai,200,,false,false,false,,,true
OK,,mobile,anchor,http://[::1]:4321/fr/our-story,Prochaines Retraites,/fr/upcoming-retreats,http://[::1]:4321/fr/upcoming-retreats,http://[::1]:4321/fr/upcoming-retreats,200,,false,false,false,,,true
OK,,mobile,anchor,http://[::1]:4321/fr/our-story,Courtside Padel on Instagram,https://www.instagram.com/padelcourtside/,https://www.instagram.com/padelcourtside/,https://www.instagram.com/padelcourtside/,200,,false,false,true,_blank,noopener noreferrer,true
OK,,mobile,anchor,http://[::1]:4321/fr/our-story,Courtside Padel on LinkedIn,https://www.linkedin.com/company/https-cspadel.com-/,https://www.linkedin.com/company/https-cspadel.com-/,https://www.linkedin.com/company/https-cspadel.com-/,200,,false,false,true,_blank,noopener noreferrer,true
OK,,mobile,anchor,http://[::1]:4321/fr/our-story,Menorca,https://menorca.cspadel.com/,https://menorca.cspadel.com/,https://menorca.cspadel.com/,200,,false,false,true,,,true
OK,,mobile,anchor,http://[::1]:4321/fr/our-story,UK (East Sussex),/fr/east-sussex,http://[::1]:4321/fr/east-sussex,http://[::1]:4321/fr/east-sussex,200,,false,false,false,,,true
OK,,mobile,anchor,http://[::1]:4321/fr/our-story,Bali,/fr/bali,http://[::1]:4321/fr/bali,http://[::1]:4321/fr/bali,200,,false,false,false,,,true
OK,,mobile,anchor,http://[::1]:4321/fr/our-story,Dubai,/fr/dubai,http://[::1]:4321/fr/dubai,http://[::1]:4321/fr/dubai,200,,false,false,false,,,true
OK,,mobile,anchor,http://[::1]:4321/fr/our-story,PROCHAINES RETRAITES,/fr/upcoming-retreats,http://[::1]:4321/fr/upcoming-retreats,http://[::1]:4321/fr/upcoming-retreats,200,,false,false,false,,,true
OK,,mobile,anchor,http://[::1]:4321/fr/our-story,Notre Histoire,/fr/our-story,http://[::1]:4321/fr/our-story,http://[::1]:4321/fr/our-story,200,,false,false,false,,,true
OK,,mobile,anchor,http://[::1]:4321/fr/our-story,L'Expérience,/fr/the-experience,http://[::1]:4321/fr/the-experience,http://[::1]:4321/fr/the-experience,200,,false,false,false,,,true
OK,,mobile,anchor,http://[::1]:4321/fr/our-story,Entreprises et Dirigeants,/fr/executive-retreat,http://[::1]:4321/fr/executive-retreat,http://[::1]:4321/fr/executive-retreat,200,,false,false,false,,,true
INFO,Intentional redirector (messaging deep link),mobile,anchor,http://[::1]:4321/fr/our-story,Concierge WhatsApp,https://wa.me/447786694723?text=Bonjour%2C%20je%20souhaiterais%20me%20renseigner%20sur%20une%20retraite%20Courtside%20Padel.,https://wa.me/447786694723?text=Bonjour%2C%20je%20souhaiterais%20me%20renseigner%20sur%20une%20retraite%20Courtside%20Padel.,/send/?phone=447786694723&amp,200,,false,true,true,_blank,noopener noreferrer,true
INFO,mailto: link (not fetched),mobile,anchor,http://[::1]:4321/fr/our-story,awatelet@cspadel.com,mailto:awatelet@cspadel.com,mailto:awatelet@cspadel.com,,0,,false,false,false,,,true
INFO,Intentional redirector (messaging deep link),mobile,anchor,http://[::1]:4321/fr/our-story,ÉCRIRE À L'ÉQUIPE,https://wa.me/447786694723?text=Bonjour%2C%20je%20souhaiterais%20me%20renseigner%20sur%20une%20retraite%20Courtside%20Padel.,https://wa.me/447786694723?text=Bonjour%2C%20je%20souhaiterais%20me%20renseigner%20sur%20une%20retraite%20Courtside%20Padel.,/send/?phone=447786694723&amp,200,,false,true,true,_blank,noopener noreferrer,true
OK,,mobile,anchor,http://[::1]:4321/fr/our-story,Politique de confidentialité,/legal/privacy-policy,http://[::1]:4321/legal/privacy-policy,http://[::1]:4321/legal/privacy-policy,200,,false,false,false,,,true
OK,,mobile,anchor,http://[::1]:4321/fr/our-story,Conditions d'utilisation,/legal/terms-and-conditions,http://[::1]:4321/legal/terms-and-conditions,http://[::1]:4321/legal/terms-and-conditions,200,,false,false,false,,,true
OK,,mobile,anchor,http://[::1]:4321/fr/our-story,Politique de cookies,/fr/cookies,http://[::1]:4321/fr/cookies,http://[::1]:4321/fr/cookies,200,,false,false,false,,,true
OK,,mobile,anchor,http://[::1]:4321/fr/our-story,En savoir plus,/fr/cookies,http://[::1]:4321/fr/cookies,http://[::1]:4321/fr/cookies,200,,false,false,false,,,true
INFO,Intentional redirector (messaging deep link),mobile,anchor,http://[::1]:4321/fr/our-story,ÉCRIVEZ-NOUS,https://wa.me/447786694723?text=Bonjour%2C%20je%20souhaiterais%20parler%20avec%20l'%C3%A9quipe%20Courtside.,https://wa.me/447786694723?text=Bonjour%2C%20je%20souhaiterais%20parler%20avec%20l%27%C3%A9quipe%20Courtside.,/send/?phone=447786694723&amp,200,,false,true,true,_blank,noopener noreferrer,true
INFO,JS-driven CTA — verify behaviour manually (opens modal / drawer),mobile,js-cta,http://[::1]:4321/fr/our-story,EN,(javascript),,,0,,false,false,false,,,true
INFO,JS-driven CTA — verify behaviour manually (opens modal / drawer),mobile,js-cta,http://[::1]:4321/fr/our-story,ES,(javascript),,,0,,false,false,false,,,true
INFO,JS-driven CTA — verify behaviour manually (opens modal / drawer),mobile,js-cta,http://[::1]:4321/fr/our-story,FR,(javascript),,,0,,false,false,false,,,true
INFO,JS-driven CTA — verify behaviour manually (opens modal / drawer),mobile,js-cta,http://[::1]:4321/fr/our-story,DEMANDER UNE RETRAITE,(javascript),,,0,,false,false,false,,,true
INFO,JS-driven CTA — verify behaviour manually (opens modal / drawer),mobile,js-cta,http://[::1]:4321/fr/our-story,REFUSER LES NON ESSENTIELS,(javascript),,,0,,false,false,false,,,true
INFO,JS-driven CTA — verify behaviour manually (opens modal / drawer),mobile,js-cta,http://[::1]:4321/fr/our-story,TOUT ACCEPTER,(javascript),,,0,,false,false,false,,,true
OK,,mobile,anchor,http://[::1]:4321/fr/the-experience,(no text),/fr/,http://[::1]:4321/fr/,http://[::1]:4321/fr/,200,,false,false,false,,,true
OK,,mobile,anchor,http://[::1]:4321/fr/the-experience,Notre Histoire,/fr/our-story,http://[::1]:4321/fr/our-story,http://[::1]:4321/fr/our-story,200,,false,false,false,,,false
OK,,mobile,anchor,http://[::1]:4321/fr/the-experience,L'Expérience,/fr/the-experience,http://[::1]:4321/fr/the-experience,http://[::1]:4321/fr/the-experience,200,,false,false,false,,,false
OK,,mobile,anchor,http://[::1]:4321/fr/the-experience,Prochaines Retraites,/fr/upcoming-retreats,http://[::1]:4321/fr/upcoming-retreats,http://[::1]:4321/fr/upcoming-retreats,200,,false,false,false,,,false
OK,,mobile,anchor,http://[::1]:4321/fr/the-experience,Notre Histoire,/fr/our-story,http://[::1]:4321/fr/our-story,http://[::1]:4321/fr/our-story,200,,false,false,false,,,true
OK,,mobile,anchor,http://[::1]:4321/fr/the-experience,L'Expérience,/fr/the-experience,http://[::1]:4321/fr/the-experience,http://[::1]:4321/fr/the-experience,200,,false,false,false,,,true
OK,,mobile,anchor,http://[::1]:4321/fr/the-experience,Menorca,https://menorca.cspadel.com/,https://menorca.cspadel.com/,https://menorca.cspadel.com/,200,,false,false,true,,,true
OK,,mobile,anchor,http://[::1]:4321/fr/the-experience,UK (East Sussex),/fr/east-sussex,http://[::1]:4321/fr/east-sussex,http://[::1]:4321/fr/east-sussex,200,,false,false,false,,,true
OK,,mobile,anchor,http://[::1]:4321/fr/the-experience,Bali,/fr/bali,http://[::1]:4321/fr/bali,http://[::1]:4321/fr/bali,200,,false,false,false,,,true
OK,,mobile,anchor,http://[::1]:4321/fr/the-experience,Dubai,/fr/dubai,http://[::1]:4321/fr/dubai,http://[::1]:4321/fr/dubai,200,,false,false,false,,,true
OK,,mobile,anchor,http://[::1]:4321/fr/the-experience,Prochaines Retraites,/fr/upcoming-retreats,http://[::1]:4321/fr/upcoming-retreats,http://[::1]:4321/fr/upcoming-retreats,200,,false,false,false,,,true
OK,,mobile,anchor,http://[::1]:4321/fr/the-experience,Courtside Padel on Instagram,https://www.instagram.com/padelcourtside/,https://www.instagram.com/padelcourtside/,https://www.instagram.com/padelcourtside/,200,,false,false,true,_blank,noopener noreferrer,true
OK,,mobile,anchor,http://[::1]:4321/fr/the-experience,Courtside Padel on LinkedIn,https://www.linkedin.com/company/https-cspadel.com-/,https://www.linkedin.com/company/https-cspadel.com-/,https://www.linkedin.com/company/https-cspadel.com-/,200,,false,false,true,_blank,noopener noreferrer,true
OK,,mobile,anchor,http://[::1]:4321/fr/the-experience,Menorca,https://menorca.cspadel.com/,https://menorca.cspadel.com/,https://menorca.cspadel.com/,200,,false,false,true,,,true
OK,,mobile,anchor,http://[::1]:4321/fr/the-experience,UK (East Sussex),/fr/east-sussex,http://[::1]:4321/fr/east-sussex,http://[::1]:4321/fr/east-sussex,200,,false,false,false,,,true
OK,,mobile,anchor,http://[::1]:4321/fr/the-experience,Bali,/fr/bali,http://[::1]:4321/fr/bali,http://[::1]:4321/fr/bali,200,,false,false,false,,,true
OK,,mobile,anchor,http://[::1]:4321/fr/the-experience,Dubai,/fr/dubai,http://[::1]:4321/fr/dubai,http://[::1]:4321/fr/dubai,200,,false,false,false,,,true
OK,,mobile,anchor,http://[::1]:4321/fr/the-experience,PROCHAINES RETRAITES,/fr/upcoming-retreats,http://[::1]:4321/fr/upcoming-retreats,http://[::1]:4321/fr/upcoming-retreats,200,,false,false,false,,,true
OK,,mobile,anchor,http://[::1]:4321/fr/the-experience,Notre Histoire,/fr/our-story,http://[::1]:4321/fr/our-story,http://[::1]:4321/fr/our-story,200,,false,false,false,,,true
OK,,mobile,anchor,http://[::1]:4321/fr/the-experience,L'Expérience,/fr/the-experience,http://[::1]:4321/fr/the-experience,http://[::1]:4321/fr/the-experience,200,,false,false,false,,,true
OK,,mobile,anchor,http://[::1]:4321/fr/the-experience,Entreprises et Dirigeants,/fr/executive-retreat,http://[::1]:4321/fr/executive-retreat,http://[::1]:4321/fr/executive-retreat,200,,false,false,false,,,true
INFO,Intentional redirector (messaging deep link),mobile,anchor,http://[::1]:4321/fr/the-experience,Concierge WhatsApp,https://wa.me/447786694723?text=Bonjour%2C%20je%20souhaiterais%20me%20renseigner%20sur%20une%20retraite%20Courtside%20Padel.,https://wa.me/447786694723?text=Bonjour%2C%20je%20souhaiterais%20me%20renseigner%20sur%20une%20retraite%20Courtside%20Padel.,/send/?phone=447786694723&amp,200,,false,true,true,_blank,noopener noreferrer,true
INFO,mailto: link (not fetched),mobile,anchor,http://[::1]:4321/fr/the-experience,awatelet@cspadel.com,mailto:awatelet@cspadel.com,mailto:awatelet@cspadel.com,,0,,false,false,false,,,true
INFO,Intentional redirector (messaging deep link),mobile,anchor,http://[::1]:4321/fr/the-experience,ÉCRIRE À L'ÉQUIPE,https://wa.me/447786694723?text=Bonjour%2C%20je%20souhaiterais%20me%20renseigner%20sur%20une%20retraite%20Courtside%20Padel.,https://wa.me/447786694723?text=Bonjour%2C%20je%20souhaiterais%20me%20renseigner%20sur%20une%20retraite%20Courtside%20Padel.,/send/?phone=447786694723&amp,200,,false,true,true,_blank,noopener noreferrer,true
OK,,mobile,anchor,http://[::1]:4321/fr/the-experience,Politique de confidentialité,/legal/privacy-policy,http://[::1]:4321/legal/privacy-policy,http://[::1]:4321/legal/privacy-policy,200,,false,false,false,,,true
OK,,mobile,anchor,http://[::1]:4321/fr/the-experience,Conditions d'utilisation,/legal/terms-and-conditions,http://[::1]:4321/legal/terms-and-conditions,http://[::1]:4321/legal/terms-and-conditions,200,,false,false,false,,,true
OK,,mobile,anchor,http://[::1]:4321/fr/the-experience,Politique de cookies,/fr/cookies,http://[::1]:4321/fr/cookies,http://[::1]:4321/fr/cookies,200,,false,false,false,,,true
OK,,mobile,anchor,http://[::1]:4321/fr/the-experience,En savoir plus,/fr/cookies,http://[::1]:4321/fr/cookies,http://[::1]:4321/fr/cookies,200,,false,false,false,,,true
INFO,Intentional redirector (messaging deep link),mobile,anchor,http://[::1]:4321/fr/the-experience,ÉCRIVEZ-NOUS,https://wa.me/447786694723?text=Bonjour%2C%20je%20souhaiterais%20parler%20avec%20l'%C3%A9quipe%20Courtside.,https://wa.me/447786694723?text=Bonjour%2C%20je%20souhaiterais%20parler%20avec%20l%27%C3%A9quipe%20Courtside.,/send/?phone=447786694723&amp,200,,false,true,true,_blank,noopener noreferrer,true
INFO,JS-driven CTA — verify behaviour manually (opens modal / drawer),mobile,js-cta,http://[::1]:4321/fr/the-experience,EN,(javascript),,,0,,false,false,false,,,true
INFO,JS-driven CTA — verify behaviour manually (opens modal / drawer),mobile,js-cta,http://[::1]:4321/fr/the-experience,ES,(javascript),,,0,,false,false,false,,,true
INFO,JS-driven CTA — verify behaviour manually (opens modal / drawer),mobile,js-cta,http://[::1]:4321/fr/the-experience,FR,(javascript),,,0,,false,false,false,,,true
INFO,JS-driven CTA — verify behaviour manually (opens modal / drawer),mobile,js-cta,http://[::1]:4321/fr/the-experience,DEMANDER UNE RETRAITE,(javascript),,,0,,false,false,false,,,true
INFO,JS-driven CTA — verify behaviour manually (opens modal / drawer),mobile,js-cta,http://[::1]:4321/fr/the-experience,REFUSER LES NON ESSENTIELS,(javascript),,,0,,false,false,false,,,true
INFO,JS-driven CTA — verify behaviour manually (opens modal / drawer),mobile,js-cta,http://[::1]:4321/fr/the-experience,TOUT ACCEPTER,(javascript),,,0,,false,false,false,,,true
OK,,mobile,anchor,http://[::1]:4321/fr/upcoming-retreats,(no text),/fr/,http://[::1]:4321/fr/,http://[::1]:4321/fr/,200,,false,false,false,,,true
OK,,mobile,anchor,http://[::1]:4321/fr/upcoming-retreats,Notre Histoire,/fr/our-story,http://[::1]:4321/fr/our-story,http://[::1]:4321/fr/our-story,200,,false,false,false,,,false
OK,,mobile,anchor,http://[::1]:4321/fr/upcoming-retreats,L'Expérience,/fr/the-experience,http://[::1]:4321/fr/the-experience,http://[::1]:4321/fr/the-experience,200,,false,false,false,,,false
OK,,mobile,anchor,http://[::1]:4321/fr/upcoming-retreats,Prochaines Retraites,/fr/upcoming-retreats,http://[::1]:4321/fr/upcoming-retreats,http://[::1]:4321/fr/upcoming-retreats,200,,false,false,false,,,false
OK,,mobile,anchor,http://[::1]:4321/fr/upcoming-retreats,Notre Histoire,/fr/our-story,http://[::1]:4321/fr/our-story,http://[::1]:4321/fr/our-story,200,,false,false,false,,,true
OK,,mobile,anchor,http://[::1]:4321/fr/upcoming-retreats,L'Expérience,/fr/the-experience,http://[::1]:4321/fr/the-experience,http://[::1]:4321/fr/the-experience,200,,false,false,false,,,true
OK,,mobile,anchor,http://[::1]:4321/fr/upcoming-retreats,Menorca,https://menorca.cspadel.com/,https://menorca.cspadel.com/,https://menorca.cspadel.com/,200,,false,false,true,,,true
OK,,mobile,anchor,http://[::1]:4321/fr/upcoming-retreats,UK (East Sussex),/fr/east-sussex,http://[::1]:4321/fr/east-sussex,http://[::1]:4321/fr/east-sussex,200,,false,false,false,,,true
OK,,mobile,anchor,http://[::1]:4321/fr/upcoming-retreats,Bali,/fr/bali,http://[::1]:4321/fr/bali,http://[::1]:4321/fr/bali,200,,false,false,false,,,true
OK,,mobile,anchor,http://[::1]:4321/fr/upcoming-retreats,Dubai,/fr/dubai,http://[::1]:4321/fr/dubai,http://[::1]:4321/fr/dubai,200,,false,false,false,,,true
OK,,mobile,anchor,http://[::1]:4321/fr/upcoming-retreats,Prochaines Retraites,/fr/upcoming-retreats,http://[::1]:4321/fr/upcoming-retreats,http://[::1]:4321/fr/upcoming-retreats,200,,false,false,false,,,true
OK,,mobile,anchor,http://[::1]:4321/fr/upcoming-retreats,DÉCOUVRIR MINORQUE,https://menorca.cspadel.com/,https://menorca.cspadel.com/,https://menorca.cspadel.com/,200,,false,false,true,,,true
OK,,mobile,anchor,http://[::1]:4321/fr/upcoming-retreats,DÉCOUVRIR BALI,/fr/bali,http://[::1]:4321/fr/bali,http://[::1]:4321/fr/bali,200,,false,false,false,,,true
OK,,mobile,anchor,http://[::1]:4321/fr/upcoming-retreats,Courtside Padel on Instagram,https://www.instagram.com/padelcourtside/,https://www.instagram.com/padelcourtside/,https://www.instagram.com/padelcourtside/,200,,false,false,true,_blank,noopener noreferrer,true
OK,,mobile,anchor,http://[::1]:4321/fr/upcoming-retreats,Courtside Padel on LinkedIn,https://www.linkedin.com/company/https-cspadel.com-/,https://www.linkedin.com/company/https-cspadel.com-/,https://www.linkedin.com/company/https-cspadel.com-/,200,,false,false,true,_blank,noopener noreferrer,true
OK,,mobile,anchor,http://[::1]:4321/fr/upcoming-retreats,Menorca,https://menorca.cspadel.com/,https://menorca.cspadel.com/,https://menorca.cspadel.com/,200,,false,false,true,,,true
OK,,mobile,anchor,http://[::1]:4321/fr/upcoming-retreats,UK (East Sussex),/fr/east-sussex,http://[::1]:4321/fr/east-sussex,http://[::1]:4321/fr/east-sussex,200,,false,false,false,,,true
OK,,mobile,anchor,http://[::1]:4321/fr/upcoming-retreats,Bali,/fr/bali,http://[::1]:4321/fr/bali,http://[::1]:4321/fr/bali,200,,false,false,false,,,true
OK,,mobile,anchor,http://[::1]:4321/fr/upcoming-retreats,Dubai,/fr/dubai,http://[::1]:4321/fr/dubai,http://[::1]:4321/fr/dubai,200,,false,false,false,,,true
OK,,mobile,anchor,http://[::1]:4321/fr/upcoming-retreats,PROCHAINES RETRAITES,/fr/upcoming-retreats,http://[::1]:4321/fr/upcoming-retreats,http://[::1]:4321/fr/upcoming-retreats,200,,false,false,false,,,true
OK,,mobile,anchor,http://[::1]:4321/fr/upcoming-retreats,Notre Histoire,/fr/our-story,http://[::1]:4321/fr/our-story,http://[::1]:4321/fr/our-story,200,,false,false,false,,,true
OK,,mobile,anchor,http://[::1]:4321/fr/upcoming-retreats,L'Expérience,/fr/the-experience,http://[::1]:4321/fr/the-experience,http://[::1]:4321/fr/the-experience,200,,false,false,false,,,true
OK,,mobile,anchor,http://[::1]:4321/fr/upcoming-retreats,Entreprises et Dirigeants,/fr/executive-retreat,http://[::1]:4321/fr/executive-retreat,http://[::1]:4321/fr/executive-retreat,200,,false,false,false,,,true
INFO,Intentional redirector (messaging deep link),mobile,anchor,http://[::1]:4321/fr/upcoming-retreats,Concierge WhatsApp,https://wa.me/447786694723?text=Bonjour%2C%20je%20souhaiterais%20me%20renseigner%20sur%20une%20retraite%20Courtside%20Padel.,https://wa.me/447786694723?text=Bonjour%2C%20je%20souhaiterais%20me%20renseigner%20sur%20une%20retraite%20Courtside%20Padel.,/send/?phone=447786694723&amp,200,,false,true,true,_blank,noopener noreferrer,true
INFO,mailto: link (not fetched),mobile,anchor,http://[::1]:4321/fr/upcoming-retreats,awatelet@cspadel.com,mailto:awatelet@cspadel.com,mailto:awatelet@cspadel.com,,0,,false,false,false,,,true
INFO,Intentional redirector (messaging deep link),mobile,anchor,http://[::1]:4321/fr/upcoming-retreats,ÉCRIRE À L'ÉQUIPE,https://wa.me/447786694723?text=Bonjour%2C%20je%20souhaiterais%20me%20renseigner%20sur%20une%20retraite%20Courtside%20Padel.,https://wa.me/447786694723?text=Bonjour%2C%20je%20souhaiterais%20me%20renseigner%20sur%20une%20retraite%20Courtside%20Padel.,/send/?phone=447786694723&amp,200,,false,true,true,_blank,noopener noreferrer,true
OK,,mobile,anchor,http://[::1]:4321/fr/upcoming-retreats,Politique de confidentialité,/legal/privacy-policy,http://[::1]:4321/legal/privacy-policy,http://[::1]:4321/legal/privacy-policy,200,,false,false,false,,,true
OK,,mobile,anchor,http://[::1]:4321/fr/upcoming-retreats,Conditions d'utilisation,/legal/terms-and-conditions,http://[::1]:4321/legal/terms-and-conditions,http://[::1]:4321/legal/terms-and-conditions,200,,false,false,false,,,true
OK,,mobile,anchor,http://[::1]:4321/fr/upcoming-retreats,Politique de cookies,/fr/cookies,http://[::1]:4321/fr/cookies,http://[::1]:4321/fr/cookies,200,,false,false,false,,,true
OK,,mobile,anchor,http://[::1]:4321/fr/upcoming-retreats,En savoir plus,/fr/cookies,http://[::1]:4321/fr/cookies,http://[::1]:4321/fr/cookies,200,,false,false,false,,,true
INFO,Intentional redirector (messaging deep link),mobile,anchor,http://[::1]:4321/fr/upcoming-retreats,ÉCRIVEZ-NOUS,https://wa.me/447786694723?text=Bonjour%2C%20je%20souhaiterais%20parler%20avec%20l'%C3%A9quipe%20Courtside.,https://wa.me/447786694723?text=Bonjour%2C%20je%20souhaiterais%20parler%20avec%20l%27%C3%A9quipe%20Courtside.,/send/?phone=447786694723&amp,200,,false,true,true,_blank,noopener noreferrer,true
INFO,JS-driven CTA — verify behaviour manually (opens modal / drawer),mobile,js-cta,http://[::1]:4321/fr/upcoming-retreats,EN,(javascript),,,0,,false,false,false,,,true
INFO,JS-driven CTA — verify behaviour manually (opens modal / drawer),mobile,js-cta,http://[::1]:4321/fr/upcoming-retreats,ES,(javascript),,,0,,false,false,false,,,true
INFO,JS-driven CTA — verify behaviour manually (opens modal / drawer),mobile,js-cta,http://[::1]:4321/fr/upcoming-retreats,FR,(javascript),,,0,,false,false,false,,,true
INFO,JS-driven CTA — verify behaviour manually (opens modal / drawer),mobile,js-cta,http://[::1]:4321/fr/upcoming-retreats,PLANIFIER VOTRE RETRAITE,(javascript),,,0,,false,false,false,,,true
INFO,JS-driven CTA — verify behaviour manually (opens modal / drawer),mobile,js-cta,http://[::1]:4321/fr/upcoming-retreats,REFUSER LES NON ESSENTIELS,(javascript),,,0,,false,false,false,,,true
INFO,JS-driven CTA — verify behaviour manually (opens modal / drawer),mobile,js-cta,http://[::1]:4321/fr/upcoming-retreats,TOUT ACCEPTER,(javascript),,,0,,false,false,false,,,true
OK,,mobile,anchor,http://[::1]:4321/fr/east-sussex,(no text),/fr/,http://[::1]:4321/fr/,http://[::1]:4321/fr/,200,,false,false,false,,,true
OK,,mobile,anchor,http://[::1]:4321/fr/east-sussex,Notre Histoire,/fr/our-story,http://[::1]:4321/fr/our-story,http://[::1]:4321/fr/our-story,200,,false,false,false,,,false
OK,,mobile,anchor,http://[::1]:4321/fr/east-sussex,L'Expérience,/fr/the-experience,http://[::1]:4321/fr/the-experience,http://[::1]:4321/fr/the-experience,200,,false,false,false,,,false
OK,,mobile,anchor,http://[::1]:4321/fr/east-sussex,Prochaines Retraites,/fr/upcoming-retreats,http://[::1]:4321/fr/upcoming-retreats,http://[::1]:4321/fr/upcoming-retreats,200,,false,false,false,,,false
OK,,mobile,anchor,http://[::1]:4321/fr/east-sussex,Notre Histoire,/fr/our-story,http://[::1]:4321/fr/our-story,http://[::1]:4321/fr/our-story,200,,false,false,false,,,true
OK,,mobile,anchor,http://[::1]:4321/fr/east-sussex,L'Expérience,/fr/the-experience,http://[::1]:4321/fr/the-experience,http://[::1]:4321/fr/the-experience,200,,false,false,false,,,true
OK,,mobile,anchor,http://[::1]:4321/fr/east-sussex,Menorca,https://menorca.cspadel.com/,https://menorca.cspadel.com/,https://menorca.cspadel.com/,200,,false,false,true,,,true
OK,,mobile,anchor,http://[::1]:4321/fr/east-sussex,UK (East Sussex),/fr/east-sussex,http://[::1]:4321/fr/east-sussex,http://[::1]:4321/fr/east-sussex,200,,false,false,false,,,true
OK,,mobile,anchor,http://[::1]:4321/fr/east-sussex,Bali,/fr/bali,http://[::1]:4321/fr/bali,http://[::1]:4321/fr/bali,200,,false,false,false,,,true
OK,,mobile,anchor,http://[::1]:4321/fr/east-sussex,Dubai,/fr/dubai,http://[::1]:4321/fr/dubai,http://[::1]:4321/fr/dubai,200,,false,false,false,,,true
OK,,mobile,anchor,http://[::1]:4321/fr/east-sussex,Prochaines Retraites,/fr/upcoming-retreats,http://[::1]:4321/fr/upcoming-retreats,http://[::1]:4321/fr/upcoming-retreats,200,,false,false,false,,,true
OK,,mobile,anchor,http://[::1]:4321/fr/east-sussex,Courtside Padel on Instagram,https://www.instagram.com/padelcourtside/,https://www.instagram.com/padelcourtside/,https://www.instagram.com/padelcourtside/,200,,false,false,true,_blank,noopener noreferrer,true
OK,,mobile,anchor,http://[::1]:4321/fr/east-sussex,Courtside Padel on LinkedIn,https://www.linkedin.com/company/https-cspadel.com-/,https://www.linkedin.com/company/https-cspadel.com-/,https://www.linkedin.com/company/https-cspadel.com-/,200,,false,false,true,_blank,noopener noreferrer,true
OK,,mobile,anchor,http://[::1]:4321/fr/east-sussex,Menorca,https://menorca.cspadel.com/,https://menorca.cspadel.com/,https://menorca.cspadel.com/,200,,false,false,true,,,true
OK,,mobile,anchor,http://[::1]:4321/fr/east-sussex,UK (East Sussex),/fr/east-sussex,http://[::1]:4321/fr/east-sussex,http://[::1]:4321/fr/east-sussex,200,,false,false,false,,,true
OK,,mobile,anchor,http://[::1]:4321/fr/east-sussex,Bali,/fr/bali,http://[::1]:4321/fr/bali,http://[::1]:4321/fr/bali,200,,false,false,false,,,true
OK,,mobile,anchor,http://[::1]:4321/fr/east-sussex,Dubai,/fr/dubai,http://[::1]:4321/fr/dubai,http://[::1]:4321/fr/dubai,200,,false,false,false,,,true
OK,,mobile,anchor,http://[::1]:4321/fr/east-sussex,PROCHAINES RETRAITES,/fr/upcoming-retreats,http://[::1]:4321/fr/upcoming-retreats,http://[::1]:4321/fr/upcoming-retreats,200,,false,false,false,,,true
OK,,mobile,anchor,http://[::1]:4321/fr/east-sussex,Notre Histoire,/fr/our-story,http://[::1]:4321/fr/our-story,http://[::1]:4321/fr/our-story,200,,false,false,false,,,true
OK,,mobile,anchor,http://[::1]:4321/fr/east-sussex,L'Expérience,/fr/the-experience,http://[::1]:4321/fr/the-experience,http://[::1]:4321/fr/the-experience,200,,false,false,false,,,true
OK,,mobile,anchor,http://[::1]:4321/fr/east-sussex,Entreprises et Dirigeants,/fr/executive-retreat,http://[::1]:4321/fr/executive-retreat,http://[::1]:4321/fr/executive-retreat,200,,false,false,false,,,true
INFO,Intentional redirector (messaging deep link),mobile,anchor,http://[::1]:4321/fr/east-sussex,Concierge WhatsApp,https://wa.me/447786694723?text=Bonjour%2C%20je%20souhaiterais%20me%20renseigner%20sur%20une%20retraite%20Courtside%20Padel.,https://wa.me/447786694723?text=Bonjour%2C%20je%20souhaiterais%20me%20renseigner%20sur%20une%20retraite%20Courtside%20Padel.,/send/?phone=447786694723&amp,200,,false,true,true,_blank,noopener noreferrer,true
INFO,mailto: link (not fetched),mobile,anchor,http://[::1]:4321/fr/east-sussex,awatelet@cspadel.com,mailto:awatelet@cspadel.com,mailto:awatelet@cspadel.com,,0,,false,false,false,,,true
INFO,Intentional redirector (messaging deep link),mobile,anchor,http://[::1]:4321/fr/east-sussex,ÉCRIRE À L'ÉQUIPE,https://wa.me/447786694723?text=Bonjour%2C%20je%20souhaiterais%20me%20renseigner%20sur%20une%20retraite%20Courtside%20Padel.,https://wa.me/447786694723?text=Bonjour%2C%20je%20souhaiterais%20me%20renseigner%20sur%20une%20retraite%20Courtside%20Padel.,/send/?phone=447786694723&amp,200,,false,true,true,_blank,noopener noreferrer,true
OK,,mobile,anchor,http://[::1]:4321/fr/east-sussex,Politique de confidentialité,/legal/privacy-policy,http://[::1]:4321/legal/privacy-policy,http://[::1]:4321/legal/privacy-policy,200,,false,false,false,,,true
OK,,mobile,anchor,http://[::1]:4321/fr/east-sussex,Conditions d'utilisation,/legal/terms-and-conditions,http://[::1]:4321/legal/terms-and-conditions,http://[::1]:4321/legal/terms-and-conditions,200,,false,false,false,,,true
OK,,mobile,anchor,http://[::1]:4321/fr/east-sussex,Politique de cookies,/fr/cookies,http://[::1]:4321/fr/cookies,http://[::1]:4321/fr/cookies,200,,false,false,false,,,true
OK,,mobile,anchor,http://[::1]:4321/fr/east-sussex,En savoir plus,/fr/cookies,http://[::1]:4321/fr/cookies,http://[::1]:4321/fr/cookies,200,,false,false,false,,,true
INFO,Intentional redirector (messaging deep link),mobile,anchor,http://[::1]:4321/fr/east-sussex,ÉCRIVEZ-NOUS,https://wa.me/447786694723?text=Bonjour%2C%20je%20souhaiterais%20parler%20avec%20l'%C3%A9quipe%20Courtside.,https://wa.me/447786694723?text=Bonjour%2C%20je%20souhaiterais%20parler%20avec%20l%27%C3%A9quipe%20Courtside.,/send/?phone=447786694723&amp,200,,false,true,true,_blank,noopener noreferrer,true
INFO,JS-driven CTA — verify behaviour manually (opens modal / drawer),mobile,js-cta,http://[::1]:4321/fr/east-sussex,EN,(javascript),,,0,,false,false,false,,,true
INFO,JS-driven CTA — verify behaviour manually (opens modal / drawer),mobile,js-cta,http://[::1]:4321/fr/east-sussex,ES,(javascript),,,0,,false,false,false,,,true
INFO,JS-driven CTA — verify behaviour manually (opens modal / drawer),mobile,js-cta,http://[::1]:4321/fr/east-sussex,FR,(javascript),,,0,,false,false,false,,,true
INFO,JS-driven CTA — verify behaviour manually (opens modal / drawer),mobile,js-cta,http://[::1]:4321/fr/east-sussex,SE RENSEIGNER SUR L'EAST SUSSEX,(javascript),,,0,,false,false,false,,,true
INFO,JS-driven CTA — verify behaviour manually (opens modal / drawer),mobile,js-cta,http://[::1]:4321/fr/east-sussex,REFUSER LES NON ESSENTIELS,(javascript),,,0,,false,false,false,,,true
INFO,JS-driven CTA — verify behaviour manually (opens modal / drawer),mobile,js-cta,http://[::1]:4321/fr/east-sussex,TOUT ACCEPTER,(javascript),,,0,,false,false,false,,,true
OK,,mobile,anchor,http://[::1]:4321/fr/bali,(no text),/fr/,http://[::1]:4321/fr/,http://[::1]:4321/fr/,200,,false,false,false,,,true
OK,,mobile,anchor,http://[::1]:4321/fr/bali,Notre Histoire,/fr/our-story,http://[::1]:4321/fr/our-story,http://[::1]:4321/fr/our-story,200,,false,false,false,,,false
OK,,mobile,anchor,http://[::1]:4321/fr/bali,L'Expérience,/fr/the-experience,http://[::1]:4321/fr/the-experience,http://[::1]:4321/fr/the-experience,200,,false,false,false,,,false
OK,,mobile,anchor,http://[::1]:4321/fr/bali,Prochaines Retraites,/fr/upcoming-retreats,http://[::1]:4321/fr/upcoming-retreats,http://[::1]:4321/fr/upcoming-retreats,200,,false,false,false,,,false
OK,,mobile,anchor,http://[::1]:4321/fr/bali,Notre Histoire,/fr/our-story,http://[::1]:4321/fr/our-story,http://[::1]:4321/fr/our-story,200,,false,false,false,,,true
OK,,mobile,anchor,http://[::1]:4321/fr/bali,L'Expérience,/fr/the-experience,http://[::1]:4321/fr/the-experience,http://[::1]:4321/fr/the-experience,200,,false,false,false,,,true
OK,,mobile,anchor,http://[::1]:4321/fr/bali,Menorca,https://menorca.cspadel.com/,https://menorca.cspadel.com/,https://menorca.cspadel.com/,200,,false,false,true,,,true
OK,,mobile,anchor,http://[::1]:4321/fr/bali,UK (East Sussex),/fr/east-sussex,http://[::1]:4321/fr/east-sussex,http://[::1]:4321/fr/east-sussex,200,,false,false,false,,,true
OK,,mobile,anchor,http://[::1]:4321/fr/bali,Bali,/fr/bali,http://[::1]:4321/fr/bali,http://[::1]:4321/fr/bali,200,,false,false,false,,,true
OK,,mobile,anchor,http://[::1]:4321/fr/bali,Dubai,/fr/dubai,http://[::1]:4321/fr/dubai,http://[::1]:4321/fr/dubai,200,,false,false,false,,,true
OK,,mobile,anchor,http://[::1]:4321/fr/bali,Prochaines Retraites,/fr/upcoming-retreats,http://[::1]:4321/fr/upcoming-retreats,http://[::1]:4321/fr/upcoming-retreats,200,,false,false,false,,,true
OK,,mobile,anchor,http://[::1]:4321/fr/bali,Courtside Padel on Instagram,https://www.instagram.com/padelcourtside/,https://www.instagram.com/padelcourtside/,https://www.instagram.com/padelcourtside/,200,,false,false,true,_blank,noopener noreferrer,true
OK,,mobile,anchor,http://[::1]:4321/fr/bali,Courtside Padel on LinkedIn,https://www.linkedin.com/company/https-cspadel.com-/,https://www.linkedin.com/company/https-cspadel.com-/,https://www.linkedin.com/company/https-cspadel.com-/,200,,false,false,true,_blank,noopener noreferrer,true
OK,,mobile,anchor,http://[::1]:4321/fr/bali,Menorca,https://menorca.cspadel.com/,https://menorca.cspadel.com/,https://menorca.cspadel.com/,200,,false,false,true,,,true
OK,,mobile,anchor,http://[::1]:4321/fr/bali,UK (East Sussex),/fr/east-sussex,http://[::1]:4321/fr/east-sussex,http://[::1]:4321/fr/east-sussex,200,,false,false,false,,,true
OK,,mobile,anchor,http://[::1]:4321/fr/bali,Bali,/fr/bali,http://[::1]:4321/fr/bali,http://[::1]:4321/fr/bali,200,,false,false,false,,,true
OK,,mobile,anchor,http://[::1]:4321/fr/bali,Dubai,/fr/dubai,http://[::1]:4321/fr/dubai,http://[::1]:4321/fr/dubai,200,,false,false,false,,,true
OK,,mobile,anchor,http://[::1]:4321/fr/bali,PROCHAINES RETRAITES,/fr/upcoming-retreats,http://[::1]:4321/fr/upcoming-retreats,http://[::1]:4321/fr/upcoming-retreats,200,,false,false,false,,,true
OK,,mobile,anchor,http://[::1]:4321/fr/bali,Notre Histoire,/fr/our-story,http://[::1]:4321/fr/our-story,http://[::1]:4321/fr/our-story,200,,false,false,false,,,true
OK,,mobile,anchor,http://[::1]:4321/fr/bali,L'Expérience,/fr/the-experience,http://[::1]:4321/fr/the-experience,http://[::1]:4321/fr/the-experience,200,,false,false,false,,,true
OK,,mobile,anchor,http://[::1]:4321/fr/bali,Entreprises et Dirigeants,/fr/executive-retreat,http://[::1]:4321/fr/executive-retreat,http://[::1]:4321/fr/executive-retreat,200,,false,false,false,,,true
INFO,Intentional redirector (messaging deep link),mobile,anchor,http://[::1]:4321/fr/bali,Concierge WhatsApp,https://wa.me/447786694723?text=Bonjour%2C%20je%20souhaiterais%20me%20renseigner%20sur%20une%20retraite%20Courtside%20Padel.,https://wa.me/447786694723?text=Bonjour%2C%20je%20souhaiterais%20me%20renseigner%20sur%20une%20retraite%20Courtside%20Padel.,/send/?phone=447786694723&amp,200,,false,true,true,_blank,noopener noreferrer,true
INFO,mailto: link (not fetched),mobile,anchor,http://[::1]:4321/fr/bali,awatelet@cspadel.com,mailto:awatelet@cspadel.com,mailto:awatelet@cspadel.com,,0,,false,false,false,,,true
INFO,Intentional redirector (messaging deep link),mobile,anchor,http://[::1]:4321/fr/bali,ÉCRIRE À L'ÉQUIPE,https://wa.me/447786694723?text=Bonjour%2C%20je%20souhaiterais%20me%20renseigner%20sur%20une%20retraite%20Courtside%20Padel.,https://wa.me/447786694723?text=Bonjour%2C%20je%20souhaiterais%20me%20renseigner%20sur%20une%20retraite%20Courtside%20Padel.,/send/?phone=447786694723&amp,200,,false,true,true,_blank,noopener noreferrer,true
OK,,mobile,anchor,http://[::1]:4321/fr/bali,Politique de confidentialité,/legal/privacy-policy,http://[::1]:4321/legal/privacy-policy,http://[::1]:4321/legal/privacy-policy,200,,false,false,false,,,true
OK,,mobile,anchor,http://[::1]:4321/fr/bali,Conditions d'utilisation,/legal/terms-and-conditions,http://[::1]:4321/legal/terms-and-conditions,http://[::1]:4321/legal/terms-and-conditions,200,,false,false,false,,,true
OK,,mobile,anchor,http://[::1]:4321/fr/bali,Politique de cookies,/fr/cookies,http://[::1]:4321/fr/cookies,http://[::1]:4321/fr/cookies,200,,false,false,false,,,true
OK,,mobile,anchor,http://[::1]:4321/fr/bali,En savoir plus,/fr/cookies,http://[::1]:4321/fr/cookies,http://[::1]:4321/fr/cookies,200,,false,false,false,,,true
INFO,Intentional redirector (messaging deep link),mobile,anchor,http://[::1]:4321/fr/bali,ÉCRIVEZ-NOUS,https://wa.me/447786694723?text=Bonjour%2C%20je%20souhaiterais%20parler%20avec%20l'%C3%A9quipe%20Courtside.,https://wa.me/447786694723?text=Bonjour%2C%20je%20souhaiterais%20parler%20avec%20l%27%C3%A9quipe%20Courtside.,/send/?phone=447786694723&amp,200,,false,true,true,_blank,noopener noreferrer,true
INFO,JS-driven CTA — verify behaviour manually (opens modal / drawer),mobile,js-cta,http://[::1]:4321/fr/bali,EN,(javascript),,,0,,false,false,false,,,true
INFO,JS-driven CTA — verify behaviour manually (opens modal / drawer),mobile,js-cta,http://[::1]:4321/fr/bali,ES,(javascript),,,0,,false,false,false,,,true
INFO,JS-driven CTA — verify behaviour manually (opens modal / drawer),mobile,js-cta,http://[::1]:4321/fr/bali,FR,(javascript),,,0,,false,false,false,,,true
INFO,JS-driven CTA — verify behaviour manually (opens modal / drawer),mobile,js-cta,http://[::1]:4321/fr/bali,SE RENSEIGNER SUR BALI,(javascript),,,0,,false,false,false,,,true
INFO,JS-driven CTA — verify behaviour manually (opens modal / drawer),mobile,js-cta,http://[::1]:4321/fr/bali,REFUSER LES NON ESSENTIELS,(javascript),,,0,,false,false,false,,,true
INFO,JS-driven CTA — verify behaviour manually (opens modal / drawer),mobile,js-cta,http://[::1]:4321/fr/bali,TOUT ACCEPTER,(javascript),,,0,,false,false,false,,,true
OK,,mobile,anchor,http://[::1]:4321/fr/dubai,(no text),/fr/,http://[::1]:4321/fr/,http://[::1]:4321/fr/,200,,false,false,false,,,true
OK,,mobile,anchor,http://[::1]:4321/fr/dubai,Notre Histoire,/fr/our-story,http://[::1]:4321/fr/our-story,http://[::1]:4321/fr/our-story,200,,false,false,false,,,false
OK,,mobile,anchor,http://[::1]:4321/fr/dubai,L'Expérience,/fr/the-experience,http://[::1]:4321/fr/the-experience,http://[::1]:4321/fr/the-experience,200,,false,false,false,,,false
OK,,mobile,anchor,http://[::1]:4321/fr/dubai,Prochaines Retraites,/fr/upcoming-retreats,http://[::1]:4321/fr/upcoming-retreats,http://[::1]:4321/fr/upcoming-retreats,200,,false,false,false,,,false
OK,,mobile,anchor,http://[::1]:4321/fr/dubai,Notre Histoire,/fr/our-story,http://[::1]:4321/fr/our-story,http://[::1]:4321/fr/our-story,200,,false,false,false,,,true
OK,,mobile,anchor,http://[::1]:4321/fr/dubai,L'Expérience,/fr/the-experience,http://[::1]:4321/fr/the-experience,http://[::1]:4321/fr/the-experience,200,,false,false,false,,,true
OK,,mobile,anchor,http://[::1]:4321/fr/dubai,Menorca,https://menorca.cspadel.com/,https://menorca.cspadel.com/,https://menorca.cspadel.com/,200,,false,false,true,,,true
OK,,mobile,anchor,http://[::1]:4321/fr/dubai,UK (East Sussex),/fr/east-sussex,http://[::1]:4321/fr/east-sussex,http://[::1]:4321/fr/east-sussex,200,,false,false,false,,,true
OK,,mobile,anchor,http://[::1]:4321/fr/dubai,Bali,/fr/bali,http://[::1]:4321/fr/bali,http://[::1]:4321/fr/bali,200,,false,false,false,,,true
OK,,mobile,anchor,http://[::1]:4321/fr/dubai,Dubai,/fr/dubai,http://[::1]:4321/fr/dubai,http://[::1]:4321/fr/dubai,200,,false,false,false,,,true
OK,,mobile,anchor,http://[::1]:4321/fr/dubai,Prochaines Retraites,/fr/upcoming-retreats,http://[::1]:4321/fr/upcoming-retreats,http://[::1]:4321/fr/upcoming-retreats,200,,false,false,false,,,true
OK,,mobile,anchor,http://[::1]:4321/fr/dubai,Courtside Padel on Instagram,https://www.instagram.com/padelcourtside/,https://www.instagram.com/padelcourtside/,https://www.instagram.com/padelcourtside/,200,,false,false,true,_blank,noopener noreferrer,true
OK,,mobile,anchor,http://[::1]:4321/fr/dubai,Courtside Padel on LinkedIn,https://www.linkedin.com/company/https-cspadel.com-/,https://www.linkedin.com/company/https-cspadel.com-/,https://www.linkedin.com/company/https-cspadel.com-/,200,,false,false,true,_blank,noopener noreferrer,true
OK,,mobile,anchor,http://[::1]:4321/fr/dubai,Menorca,https://menorca.cspadel.com/,https://menorca.cspadel.com/,https://menorca.cspadel.com/,200,,false,false,true,,,true
OK,,mobile,anchor,http://[::1]:4321/fr/dubai,UK (East Sussex),/fr/east-sussex,http://[::1]:4321/fr/east-sussex,http://[::1]:4321/fr/east-sussex,200,,false,false,false,,,true
OK,,mobile,anchor,http://[::1]:4321/fr/dubai,Bali,/fr/bali,http://[::1]:4321/fr/bali,http://[::1]:4321/fr/bali,200,,false,false,false,,,true
OK,,mobile,anchor,http://[::1]:4321/fr/dubai,Dubai,/fr/dubai,http://[::1]:4321/fr/dubai,http://[::1]:4321/fr/dubai,200,,false,false,false,,,true
OK,,mobile,anchor,http://[::1]:4321/fr/dubai,PROCHAINES RETRAITES,/fr/upcoming-retreats,http://[::1]:4321/fr/upcoming-retreats,http://[::1]:4321/fr/upcoming-retreats,200,,false,false,false,,,true
OK,,mobile,anchor,http://[::1]:4321/fr/dubai,Notre Histoire,/fr/our-story,http://[::1]:4321/fr/our-story,http://[::1]:4321/fr/our-story,200,,false,false,false,,,true
OK,,mobile,anchor,http://[::1]:4321/fr/dubai,L'Expérience,/fr/the-experience,http://[::1]:4321/fr/the-experience,http://[::1]:4321/fr/the-experience,200,,false,false,false,,,true
OK,,mobile,anchor,http://[::1]:4321/fr/dubai,Entreprises et Dirigeants,/fr/executive-retreat,http://[::1]:4321/fr/executive-retreat,http://[::1]:4321/fr/executive-retreat,200,,false,false,false,,,true
INFO,Intentional redirector (messaging deep link),mobile,anchor,http://[::1]:4321/fr/dubai,Concierge WhatsApp,https://wa.me/447786694723?text=Bonjour%2C%20je%20souhaiterais%20me%20renseigner%20sur%20une%20retraite%20Courtside%20Padel.,https://wa.me/447786694723?text=Bonjour%2C%20je%20souhaiterais%20me%20renseigner%20sur%20une%20retraite%20Courtside%20Padel.,/send/?phone=447786694723&amp,200,,false,true,true,_blank,noopener noreferrer,true
INFO,mailto: link (not fetched),mobile,anchor,http://[::1]:4321/fr/dubai,awatelet@cspadel.com,mailto:awatelet@cspadel.com,mailto:awatelet@cspadel.com,,0,,false,false,false,,,true
INFO,Intentional redirector (messaging deep link),mobile,anchor,http://[::1]:4321/fr/dubai,ÉCRIRE À L'ÉQUIPE,https://wa.me/447786694723?text=Bonjour%2C%20je%20souhaiterais%20me%20renseigner%20sur%20une%20retraite%20Courtside%20Padel.,https://wa.me/447786694723?text=Bonjour%2C%20je%20souhaiterais%20me%20renseigner%20sur%20une%20retraite%20Courtside%20Padel.,/send/?phone=447786694723&amp,200,,false,true,true,_blank,noopener noreferrer,true
OK,,mobile,anchor,http://[::1]:4321/fr/dubai,Politique de confidentialité,/legal/privacy-policy,http://[::1]:4321/legal/privacy-policy,http://[::1]:4321/legal/privacy-policy,200,,false,false,false,,,true
OK,,mobile,anchor,http://[::1]:4321/fr/dubai,Conditions d'utilisation,/legal/terms-and-conditions,http://[::1]:4321/legal/terms-and-conditions,http://[::1]:4321/legal/terms-and-conditions,200,,false,false,false,,,true
OK,,mobile,anchor,http://[::1]:4321/fr/dubai,Politique de cookies,/fr/cookies,http://[::1]:4321/fr/cookies,http://[::1]:4321/fr/cookies,200,,false,false,false,,,true
OK,,mobile,anchor,http://[::1]:4321/fr/dubai,En savoir plus,/fr/cookies,http://[::1]:4321/fr/cookies,http://[::1]:4321/fr/cookies,200,,false,false,false,,,true
INFO,Intentional redirector (messaging deep link),mobile,anchor,http://[::1]:4321/fr/dubai,ÉCRIVEZ-NOUS,https://wa.me/447786694723?text=Bonjour%2C%20je%20souhaiterais%20parler%20avec%20l'%C3%A9quipe%20Courtside.,https://wa.me/447786694723?text=Bonjour%2C%20je%20souhaiterais%20parler%20avec%20l%27%C3%A9quipe%20Courtside.,/send/?phone=447786694723&amp,200,,false,true,true,_blank,noopener noreferrer,true
INFO,JS-driven CTA — verify behaviour manually (opens modal / drawer),mobile,js-cta,http://[::1]:4321/fr/dubai,EN,(javascript),,,0,,false,false,false,,,true
INFO,JS-driven CTA — verify behaviour manually (opens modal / drawer),mobile,js-cta,http://[::1]:4321/fr/dubai,ES,(javascript),,,0,,false,false,false,,,true
INFO,JS-driven CTA — verify behaviour manually (opens modal / drawer),mobile,js-cta,http://[::1]:4321/fr/dubai,FR,(javascript),,,0,,false,false,false,,,true
INFO,JS-driven CTA — verify behaviour manually (opens modal / drawer),mobile,js-cta,http://[::1]:4321/fr/dubai,NOUS CONTACTER,(javascript),,,0,,false,false,false,,,true
INFO,JS-driven CTA — verify behaviour manually (opens modal / drawer),mobile,js-cta,http://[::1]:4321/fr/dubai,REFUSER LES NON ESSENTIELS,(javascript),,,0,,false,false,false,,,true
INFO,JS-driven CTA — verify behaviour manually (opens modal / drawer),mobile,js-cta,http://[::1]:4321/fr/dubai,TOUT ACCEPTER,(javascript),,,0,,false,false,false,,,true
OK,,mobile,anchor,http://[::1]:4321/fr/executive-retreat,(no text),/fr/,http://[::1]:4321/fr/,http://[::1]:4321/fr/,200,,false,false,false,,,true
OK,,mobile,anchor,http://[::1]:4321/fr/executive-retreat,Notre Histoire,/fr/our-story,http://[::1]:4321/fr/our-story,http://[::1]:4321/fr/our-story,200,,false,false,false,,,false
OK,,mobile,anchor,http://[::1]:4321/fr/executive-retreat,L'Expérience,/fr/the-experience,http://[::1]:4321/fr/the-experience,http://[::1]:4321/fr/the-experience,200,,false,false,false,,,false
OK,,mobile,anchor,http://[::1]:4321/fr/executive-retreat,Prochaines Retraites,/fr/upcoming-retreats,http://[::1]:4321/fr/upcoming-retreats,http://[::1]:4321/fr/upcoming-retreats,200,,false,false,false,,,false
OK,,mobile,anchor,http://[::1]:4321/fr/executive-retreat,Notre Histoire,/fr/our-story,http://[::1]:4321/fr/our-story,http://[::1]:4321/fr/our-story,200,,false,false,false,,,true
OK,,mobile,anchor,http://[::1]:4321/fr/executive-retreat,L'Expérience,/fr/the-experience,http://[::1]:4321/fr/the-experience,http://[::1]:4321/fr/the-experience,200,,false,false,false,,,true
OK,,mobile,anchor,http://[::1]:4321/fr/executive-retreat,Menorca,https://menorca.cspadel.com/,https://menorca.cspadel.com/,https://menorca.cspadel.com/,200,,false,false,true,,,true
OK,,mobile,anchor,http://[::1]:4321/fr/executive-retreat,UK (East Sussex),/fr/east-sussex,http://[::1]:4321/fr/east-sussex,http://[::1]:4321/fr/east-sussex,200,,false,false,false,,,true
OK,,mobile,anchor,http://[::1]:4321/fr/executive-retreat,Bali,/fr/bali,http://[::1]:4321/fr/bali,http://[::1]:4321/fr/bali,200,,false,false,false,,,true
OK,,mobile,anchor,http://[::1]:4321/fr/executive-retreat,Dubai,/fr/dubai,http://[::1]:4321/fr/dubai,http://[::1]:4321/fr/dubai,200,,false,false,false,,,true
OK,,mobile,anchor,http://[::1]:4321/fr/executive-retreat,Prochaines Retraites,/fr/upcoming-retreats,http://[::1]:4321/fr/upcoming-retreats,http://[::1]:4321/fr/upcoming-retreats,200,,false,false,false,,,true
INFO,mailto: link (not fetched),mobile,anchor,http://[::1]:4321/fr/executive-retreat,SE RENSEIGNER SUR UNE RETRAITE D'ENTREPRISE,mailto:awatelet@cspadel.com,mailto:awatelet@cspadel.com,,0,,false,false,false,,,true
OK,,mobile,anchor,http://[::1]:4321/fr/executive-retreat,Courtside Padel on Instagram,https://www.instagram.com/padelcourtside/,https://www.instagram.com/padelcourtside/,https://www.instagram.com/padelcourtside/,200,,false,false,true,_blank,noopener noreferrer,true
OK,,mobile,anchor,http://[::1]:4321/fr/executive-retreat,Courtside Padel on LinkedIn,https://www.linkedin.com/company/https-cspadel.com-/,https://www.linkedin.com/company/https-cspadel.com-/,https://www.linkedin.com/company/https-cspadel.com-/,200,,false,false,true,_blank,noopener noreferrer,true
OK,,mobile,anchor,http://[::1]:4321/fr/executive-retreat,Menorca,https://menorca.cspadel.com/,https://menorca.cspadel.com/,https://menorca.cspadel.com/,200,,false,false,true,,,true
OK,,mobile,anchor,http://[::1]:4321/fr/executive-retreat,UK (East Sussex),/fr/east-sussex,http://[::1]:4321/fr/east-sussex,http://[::1]:4321/fr/east-sussex,200,,false,false,false,,,true
OK,,mobile,anchor,http://[::1]:4321/fr/executive-retreat,Bali,/fr/bali,http://[::1]:4321/fr/bali,http://[::1]:4321/fr/bali,200,,false,false,false,,,true
OK,,mobile,anchor,http://[::1]:4321/fr/executive-retreat,Dubai,/fr/dubai,http://[::1]:4321/fr/dubai,http://[::1]:4321/fr/dubai,200,,false,false,false,,,true
OK,,mobile,anchor,http://[::1]:4321/fr/executive-retreat,PROCHAINES RETRAITES,/fr/upcoming-retreats,http://[::1]:4321/fr/upcoming-retreats,http://[::1]:4321/fr/upcoming-retreats,200,,false,false,false,,,true
OK,,mobile,anchor,http://[::1]:4321/fr/executive-retreat,Notre Histoire,/fr/our-story,http://[::1]:4321/fr/our-story,http://[::1]:4321/fr/our-story,200,,false,false,false,,,true
OK,,mobile,anchor,http://[::1]:4321/fr/executive-retreat,L'Expérience,/fr/the-experience,http://[::1]:4321/fr/the-experience,http://[::1]:4321/fr/the-experience,200,,false,false,false,,,true
OK,,mobile,anchor,http://[::1]:4321/fr/executive-retreat,Entreprises et Dirigeants,/fr/executive-retreat,http://[::1]:4321/fr/executive-retreat,http://[::1]:4321/fr/executive-retreat,200,,false,false,false,,,true
INFO,Intentional redirector (messaging deep link),mobile,anchor,http://[::1]:4321/fr/executive-retreat,Concierge WhatsApp,https://wa.me/447786694723?text=Bonjour%2C%20je%20souhaiterais%20me%20renseigner%20sur%20une%20retraite%20Courtside%20Padel.,https://wa.me/447786694723?text=Bonjour%2C%20je%20souhaiterais%20me%20renseigner%20sur%20une%20retraite%20Courtside%20Padel.,/send/?phone=447786694723&amp,200,,false,true,true,_blank,noopener noreferrer,true
INFO,mailto: link (not fetched),mobile,anchor,http://[::1]:4321/fr/executive-retreat,awatelet@cspadel.com,mailto:awatelet@cspadel.com,mailto:awatelet@cspadel.com,,0,,false,false,false,,,true
INFO,Intentional redirector (messaging deep link),mobile,anchor,http://[::1]:4321/fr/executive-retreat,ÉCRIRE À L'ÉQUIPE,https://wa.me/447786694723?text=Bonjour%2C%20je%20souhaiterais%20me%20renseigner%20sur%20une%20retraite%20Courtside%20Padel.,https://wa.me/447786694723?text=Bonjour%2C%20je%20souhaiterais%20me%20renseigner%20sur%20une%20retraite%20Courtside%20Padel.,/send/?phone=447786694723&amp,200,,false,true,true,_blank,noopener noreferrer,true
OK,,mobile,anchor,http://[::1]:4321/fr/executive-retreat,Politique de confidentialité,/legal/privacy-policy,http://[::1]:4321/legal/privacy-policy,http://[::1]:4321/legal/privacy-policy,200,,false,false,false,,,true
OK,,mobile,anchor,http://[::1]:4321/fr/executive-retreat,Conditions d'utilisation,/legal/terms-and-conditions,http://[::1]:4321/legal/terms-and-conditions,http://[::1]:4321/legal/terms-and-conditions,200,,false,false,false,,,true
OK,,mobile,anchor,http://[::1]:4321/fr/executive-retreat,Politique de cookies,/fr/cookies,http://[::1]:4321/fr/cookies,http://[::1]:4321/fr/cookies,200,,false,false,false,,,true
OK,,mobile,anchor,http://[::1]:4321/fr/executive-retreat,En savoir plus,/fr/cookies,http://[::1]:4321/fr/cookies,http://[::1]:4321/fr/cookies,200,,false,false,false,,,true
INFO,Intentional redirector (messaging deep link),mobile,anchor,http://[::1]:4321/fr/executive-retreat,ÉCRIVEZ-NOUS,https://wa.me/447786694723?text=Bonjour%2C%20je%20souhaiterais%20parler%20avec%20l'%C3%A9quipe%20Courtside.,https://wa.me/447786694723?text=Bonjour%2C%20je%20souhaiterais%20parler%20avec%20l%27%C3%A9quipe%20Courtside.,/send/?phone=447786694723&amp,200,,false,true,true,_blank,noopener noreferrer,true
INFO,JS-driven CTA — verify behaviour manually (opens modal / drawer),mobile,js-cta,http://[::1]:4321/fr/executive-retreat,EN,(javascript),,,0,,false,false,false,,,true
INFO,JS-driven CTA — verify behaviour manually (opens modal / drawer),mobile,js-cta,http://[::1]:4321/fr/executive-retreat,ES,(javascript),,,0,,false,false,false,,,true
INFO,JS-driven CTA — verify behaviour manually (opens modal / drawer),mobile,js-cta,http://[::1]:4321/fr/executive-retreat,FR,(javascript),,,0,,false,false,false,,,true
INFO,JS-driven CTA — verify behaviour manually (opens modal / drawer),mobile,js-cta,http://[::1]:4321/fr/executive-retreat,REFUSER LES NON ESSENTIELS,(javascript),,,0,,false,false,false,,,true
INFO,JS-driven CTA — verify behaviour manually (opens modal / drawer),mobile,js-cta,http://[::1]:4321/fr/executive-retreat,TOUT ACCEPTER,(javascript),,,0,,false,false,false,,,true
OK,,mobile,anchor,http://[::1]:4321/fr/cookies,(no text),/fr/,http://[::1]:4321/fr/,http://[::1]:4321/fr/,200,,false,false,false,,,true
OK,,mobile,anchor,http://[::1]:4321/fr/cookies,Notre Histoire,/fr/our-story,http://[::1]:4321/fr/our-story,http://[::1]:4321/fr/our-story,200,,false,false,false,,,false
OK,,mobile,anchor,http://[::1]:4321/fr/cookies,L'Expérience,/fr/the-experience,http://[::1]:4321/fr/the-experience,http://[::1]:4321/fr/the-experience,200,,false,false,false,,,false
OK,,mobile,anchor,http://[::1]:4321/fr/cookies,Prochaines Retraites,/fr/upcoming-retreats,http://[::1]:4321/fr/upcoming-retreats,http://[::1]:4321/fr/upcoming-retreats,200,,false,false,false,,,false
OK,,mobile,anchor,http://[::1]:4321/fr/cookies,Notre Histoire,/fr/our-story,http://[::1]:4321/fr/our-story,http://[::1]:4321/fr/our-story,200,,false,false,false,,,true
OK,,mobile,anchor,http://[::1]:4321/fr/cookies,L'Expérience,/fr/the-experience,http://[::1]:4321/fr/the-experience,http://[::1]:4321/fr/the-experience,200,,false,false,false,,,true
OK,,mobile,anchor,http://[::1]:4321/fr/cookies,Menorca,https://menorca.cspadel.com/,https://menorca.cspadel.com/,https://menorca.cspadel.com/,200,,false,false,true,,,true
OK,,mobile,anchor,http://[::1]:4321/fr/cookies,UK (East Sussex),/fr/east-sussex,http://[::1]:4321/fr/east-sussex,http://[::1]:4321/fr/east-sussex,200,,false,false,false,,,true
OK,,mobile,anchor,http://[::1]:4321/fr/cookies,Bali,/fr/bali,http://[::1]:4321/fr/bali,http://[::1]:4321/fr/bali,200,,false,false,false,,,true
OK,,mobile,anchor,http://[::1]:4321/fr/cookies,Dubai,/fr/dubai,http://[::1]:4321/fr/dubai,http://[::1]:4321/fr/dubai,200,,false,false,false,,,true
OK,,mobile,anchor,http://[::1]:4321/fr/cookies,Prochaines Retraites,/fr/upcoming-retreats,http://[::1]:4321/fr/upcoming-retreats,http://[::1]:4321/fr/upcoming-retreats,200,,false,false,false,,,true
OK,,mobile,anchor,http://[::1]:4321/fr/cookies,Courtside Padel on Instagram,https://www.instagram.com/padelcourtside/,https://www.instagram.com/padelcourtside/,https://www.instagram.com/padelcourtside/,200,,false,false,true,_blank,noopener noreferrer,true
OK,,mobile,anchor,http://[::1]:4321/fr/cookies,Courtside Padel on LinkedIn,https://www.linkedin.com/company/https-cspadel.com-/,https://www.linkedin.com/company/https-cspadel.com-/,https://www.linkedin.com/company/https-cspadel.com-/,200,,false,false,true,_blank,noopener noreferrer,true
OK,,mobile,anchor,http://[::1]:4321/fr/cookies,Menorca,https://menorca.cspadel.com/,https://menorca.cspadel.com/,https://menorca.cspadel.com/,200,,false,false,true,,,true
OK,,mobile,anchor,http://[::1]:4321/fr/cookies,UK (East Sussex),/fr/east-sussex,http://[::1]:4321/fr/east-sussex,http://[::1]:4321/fr/east-sussex,200,,false,false,false,,,true
OK,,mobile,anchor,http://[::1]:4321/fr/cookies,Bali,/fr/bali,http://[::1]:4321/fr/bali,http://[::1]:4321/fr/bali,200,,false,false,false,,,true
OK,,mobile,anchor,http://[::1]:4321/fr/cookies,Dubai,/fr/dubai,http://[::1]:4321/fr/dubai,http://[::1]:4321/fr/dubai,200,,false,false,false,,,true
OK,,mobile,anchor,http://[::1]:4321/fr/cookies,PROCHAINES RETRAITES,/fr/upcoming-retreats,http://[::1]:4321/fr/upcoming-retreats,http://[::1]:4321/fr/upcoming-retreats,200,,false,false,false,,,true
OK,,mobile,anchor,http://[::1]:4321/fr/cookies,Notre Histoire,/fr/our-story,http://[::1]:4321/fr/our-story,http://[::1]:4321/fr/our-story,200,,false,false,false,,,true
OK,,mobile,anchor,http://[::1]:4321/fr/cookies,L'Expérience,/fr/the-experience,http://[::1]:4321/fr/the-experience,http://[::1]:4321/fr/the-experience,200,,false,false,false,,,true
OK,,mobile,anchor,http://[::1]:4321/fr/cookies,Entreprises et Dirigeants,/fr/executive-retreat,http://[::1]:4321/fr/executive-retreat,http://[::1]:4321/fr/executive-retreat,200,,false,false,false,,,true
INFO,Intentional redirector (messaging deep link),mobile,anchor,http://[::1]:4321/fr/cookies,Concierge WhatsApp,https://wa.me/447786694723?text=Bonjour%2C%20je%20souhaiterais%20me%20renseigner%20sur%20une%20retraite%20Courtside%20Padel.,https://wa.me/447786694723?text=Bonjour%2C%20je%20souhaiterais%20me%20renseigner%20sur%20une%20retraite%20Courtside%20Padel.,/send/?phone=447786694723&amp,200,,false,true,true,_blank,noopener noreferrer,true
INFO,mailto: link (not fetched),mobile,anchor,http://[::1]:4321/fr/cookies,awatelet@cspadel.com,mailto:awatelet@cspadel.com,mailto:awatelet@cspadel.com,,0,,false,false,false,,,true
INFO,Intentional redirector (messaging deep link),mobile,anchor,http://[::1]:4321/fr/cookies,ÉCRIRE À L'ÉQUIPE,https://wa.me/447786694723?text=Bonjour%2C%20je%20souhaiterais%20me%20renseigner%20sur%20une%20retraite%20Courtside%20Padel.,https://wa.me/447786694723?text=Bonjour%2C%20je%20souhaiterais%20me%20renseigner%20sur%20une%20retraite%20Courtside%20Padel.,/send/?phone=447786694723&amp,200,,false,true,true,_blank,noopener noreferrer,true
OK,,mobile,anchor,http://[::1]:4321/fr/cookies,Politique de confidentialité,/legal/privacy-policy,http://[::1]:4321/legal/privacy-policy,http://[::1]:4321/legal/privacy-policy,200,,false,false,false,,,true
OK,,mobile,anchor,http://[::1]:4321/fr/cookies,Conditions d'utilisation,/legal/terms-and-conditions,http://[::1]:4321/legal/terms-and-conditions,http://[::1]:4321/legal/terms-and-conditions,200,,false,false,false,,,true
OK,,mobile,anchor,http://[::1]:4321/fr/cookies,Politique de cookies,/fr/cookies,http://[::1]:4321/fr/cookies,http://[::1]:4321/fr/cookies,200,,false,false,false,,,true
OK,,mobile,anchor,http://[::1]:4321/fr/cookies,En savoir plus,/fr/cookies,http://[::1]:4321/fr/cookies,http://[::1]:4321/fr/cookies,200,,false,false,false,,,true
INFO,Intentional redirector (messaging deep link),mobile,anchor,http://[::1]:4321/fr/cookies,ÉCRIVEZ-NOUS,https://wa.me/447786694723?text=Bonjour%2C%20je%20souhaiterais%20parler%20avec%20l'%C3%A9quipe%20Courtside.,https://wa.me/447786694723?text=Bonjour%2C%20je%20souhaiterais%20parler%20avec%20l%27%C3%A9quipe%20Courtside.,/send/?phone=447786694723&amp,200,,false,true,true,_blank,noopener noreferrer,true
INFO,JS-driven CTA — verify behaviour manually (opens modal / drawer),mobile,js-cta,http://[::1]:4321/fr/cookies,EN,(javascript),,,0,,false,false,false,,,true
INFO,JS-driven CTA — verify behaviour manually (opens modal / drawer),mobile,js-cta,http://[::1]:4321/fr/cookies,ES,(javascript),,,0,,false,false,false,,,true
INFO,JS-driven CTA — verify behaviour manually (opens modal / drawer),mobile,js-cta,http://[::1]:4321/fr/cookies,FR,(javascript),,,0,,false,false,false,,,true
INFO,JS-driven CTA — verify behaviour manually (opens modal / drawer),mobile,js-cta,http://[::1]:4321/fr/cookies,REFUSER LES NON ESSENTIELS,(javascript),,,0,,false,false,false,,,true
INFO,JS-driven CTA — verify behaviour manually (opens modal / drawer),mobile,js-cta,http://[::1]:4321/fr/cookies,TOUT ACCEPTER,(javascript),,,0,,false,false,false,,,true